INFO         | Android emulator version 37.1.11.0 (build_id 15917651) (CL:N/A)
INFO         | Graphics backend: gfxstream
INFO         | Found systemPath D:\AndroidStudio\Sdk\system-images\android-36\google_apis\x86_64\
INFO         | Guest usage of host flag 'VulkanVirtualQueue' will be ignored.
INFO         | Increasing RAM size to 2560MB
INFO         | IPv4 server found: 116.97.90.124
INFO         | Ignore IPv6 address: 8088:df31:b201:0:8088:df31:b201:0
INFO         | Ignore IPv6 address: 8088:df31:b201:0:8088:df31:b201:0
INFO         | Ignore IPv6 address: 8088:df31:b201:0:8088:df31:b201:0
INFO         | Ignore IPv6 address: 988e:df31:b201:0:8088:df31:b201:0
INFO         | Ignore IPv6 address: 988e:df31:b201:0:8088:df31:b201:0
INFO         | Ignore IPv6 address: 988e:df31:b201:0:8088:df31:b201:0
INFO         | Ignore IPv6 address: 509f:df31:b201:0:8088:df31:b201:0
INFO         | Ignore IPv6 address: 509f:df31:b201:0:8088:df31:b201:0
INFO         | Ignore IPv6 address: 509f:df31:b201:0:8088:df31:b201:0
INFO         | Ignore IPv6 address: 70a5:df31:b201:0:8088:df31:b201:0
INFO         | Ignore IPv6 address: 70a5:df31:b201:0:8088:df31:b201:0
INFO         | Ignore IPv6 address: 70a5:df31:b201:0:8088:df31:b201:0
INFO         | Ignore IPv6 address: 58ab:df31:b201:0:8088:df31:b201:0
INFO         | Ignore IPv6 address: 58ab:df31:b201:0:8088:df31:b201:0
INFO         | Ignore IPv6 address: 58ab:df31:b201:0:8088:df31:b201:0
INFO         | Guest GLES Driver: Auto (ext controls)
INFO         | emuglConfig_init: vulkan_mode_selected:swiftshader gles_mode_selected:swiftshader
INFO         | Checking system compatibility:
INFO         |   Checking: hasCompatibleHypervisor
INFO         |      Ok: Hypervisor compatibility to run avd: `VioraRun1Api36D` are met
INFO         |   Checking: hasSufficientSystem
INFO         |      Ok: System requirements to run avd: `VioraRun1Api36D` are met
INFO         |   Checking: hasSufficientHwGpu
INFO         |      Ok: Hardware GPU compatibility checks are not required
INFO         |   Checking: hasSufficientDiskSpace
INFO         |      Ok: Disk space requirements to run avd: `VioraRun1Api36D` are met
INFO         | Storing crashdata in: C:\Users\LAPTOP\AppData\Local\Temp\\AndroidEmulator\emu-crash-37.1.11.db, detection is enabled for process: 129372
INFO         | Initializing gfxstream backend
INFO         | startOpenglesRendererImpl: gpu info
INFO         | GPU #1
  Make: 10de
  Model: NVIDIA GeForce RTX 2050
  Device ID: 25ad

INFO         | Disabling implicit Vulkan layers to avoid compatibility issues. Set VK_LOADER_LAYERS_DISABLE manually to disable this behavior.
INFO         | initIcdPaths: ICD set to 'swiftshader', using Swiftshader ICD
INFO         | Setting ICD filenames for the loader = D:\AndroidStudio\Sdk\emulator\lib64\vulkan\vk_swiftshader_icd.json
INFO         | SharedLibrary::open for [D:\AndroidStudio\Sdk\emulator\qemu\windows-x86_64\lib64\vulkan\vulkan-1.dll]
INFO         | SharedLibrary::open for [D:\AndroidStudio\Sdk\emulator\lib64\vulkan\vulkan-1.dll]
INFO         | Added library: D:\AndroidStudio\Sdk\emulator\lib64\vulkan\vulkan-1.dll
INFO         | Selecting Vulkan device: SwiftShader Device (LLVM 10.0.0), Version: 1.2.0
INFO         | Using Vulkan externalMemoryMode: HostAllocation for VkEmulation
INFO         | Initializing VkEmulation features:
INFO         |     glInteropSupported: false
INFO         |     useDeferredCommands: true
INFO         |     createResourceWithRequirements: true
INFO         |     useVulkanComposition: false
INFO         |     useVulkanNativeSwapchain: false
INFO         |     enable guestRenderDoc: false
INFO         |     ASTC LDR emulation mode: Gpu
INFO         |     enable ETC2 emulation: true
INFO         |     enable Ycbcr emulation: false
INFO         |     guestVulkanOnly: false
INFO         |     useDedicatedAllocations: false
INFO         |     guestVulkanMaxApiVersion: 1.3.0
INFO         |     enableProtectedMemoryEmulation: false
INFO         | Graphics Adapter Vendor Google (Google Inc.)
INFO         | Graphics Adapter Android Emulator OpenGL ES Translator (Google SwiftShader)
INFO         | Graphics API Version OpenGL ES 3.0 (OpenGL ES 3.0 SwiftShader 4.0.0.1)
INFO         | Graphics API Extensions GL_OES_EGL_sync GL_OES_EGL_image GL_OES_EGL_image_external GL_OES_depth24 GL_OES_depth32 GL_OES_element_index_uint GL_OES_texture_float GL_OES_texture_float_linear GL_OES_compressed_paletted_texture GL_OES_compressed_ETC1_RGB8_texture GL_OES_depth_texture GL_OES_texture_half_float GL_OES_texture_half_float_linear GL_OES_packed_depth_stencil GL_OES_vertex_half_float GL_OES_standard_derivatives GL_OES_texture_npot GL_OES_rgb8_rgba8 GL_EXT_color_buffer_float GL_EXT_color_buffer_half_float GL_EXT_texture_format_BGRA8888 GL_APPLE_texture_format_BGRA8888 
INFO         | Graphics Device Extensions N/A
INFO         | Disabling sparse binding feature support
INFO         | Sending adb public key [QAAAAOHig6PfHmczxnMjOWPSTU9iAJmHD9KC3EnKcMdVhCeTcPFOLQbY2gXmKMvJBdNfNvniZCLXp349VS9JDLcjrc8vUHsa+JtBTzD5varPihlqm0JxMY+ZOC59d6mAytB6DZv3A9x4uZ9ErQp0Now/FBEN5zjdsefWRcLHRGxPFg8Z61/6NzFgCEfmj8NBOjEDhzNEtNVat6fRyf+eVXpGTA0sTeHrvJTWh6OZrqeHTh3gmiqWeE/CVYGxCgwe54vVUd2DLJJPaue5i7bR1EMU+2v1a2UnulF4xQ77sfHZ5Z4NlmRWL0uD1BhQAwWbnEYNCq3lCsMBux5Zu5acpafk2sOURGixM4rglucDXUnGEKxWDTIEYGvCXw4Yrc/U53TSItMB55c4bwlbxvZV5JAglKNZjM5bPIwdiK0gAtxsK6ft5rH8nXVF60sZWst94g5cMFNBgNfHjJkF0E8yt/etDIA+giQMvUnKU4NbrFDlSpM+jebn6jX4T6LS1KkeS1ZSLlbschPpTFggryGyeCA2r1yFwBkgyCJOTzvnfZ7L8qNrRtS+aLkqbtGZtfnvlOOSTrCmfoZBtwLCejXn+X0nK/HZD+GRJFXlnk/u6ODBfoObqBXcMwFZReMMn1VMWuFNgu/nPHLJ6bW3Gv6FQf1a8uRRppWfXBcim4ipvckVPKQ5chEYBAEAAQA= @unknown]
INFO         | Userspace boot properties:
INFO         |   androidboot.boot_devices=pci0000:00/0000:00:03.0 pci0000:00/0000:00:06.0
INFO         |   androidboot.dalvik.vm.heapsize=576m
INFO         |   androidboot.debug.hwui.renderer=skiagl
INFO         |   androidboot.hardware=ranchu
INFO         |   androidboot.hardware.gltransport=pipe
INFO         |   androidboot.hardware.vulkan=ranchu
INFO         |   androidboot.logcat=*:V
INFO         |   androidboot.opengles.version=196608
INFO         |   androidboot.qemu=1
INFO         |   androidboot.qemu.adb.pubkey=QAAAAOHig6PfHmczxnMjOWPSTU9iAJmHD9KC3EnKcMdVhCeTcPFOLQbY2gXmKMvJBdNfNvniZCLXp349VS9JDLcjrc8vUHsa+JtBTzD5varPihlqm0JxMY+ZOC59d6mAytB6DZv3A9x4uZ9ErQp0Now/FBEN5zjdsefWRcLHRGxPFg8Z61/6NzFgCEfmj8NBOjEDhzNEtNVat6fRyf+eVXpGTA0sTeHrvJTWh6OZrqeHTh3gmiqWeE/CVYGxCgwe54vVUd2DLJJPaue5i7bR1EMU+2v1a2UnulF4xQ77sfHZ5Z4NlmRWL0uD1BhQAwWbnEYNCq3lCsMBux5Zu5acpafk2sOURGixM4rglucDXUnGEKxWDTIEYGvCXw4Yrc/U53TSItMB55c4bwlbxvZV5JAglKNZjM5bPIwdiK0gAtxsK6ft5rH8nXVF60sZWst94g5cMFNBgNfHjJkF0E8yt/etDIA+giQMvUnKU4NbrFDlSpM+jebn6jX4T6LS1KkeS1ZSLlbschPpTFggryGyeCA2r1yFwBkgyCJOTzvnfZ7L8qNrRtS+aLkqbtGZtfnvlOOSTrCmfoZBtwLCejXn+X0nK/HZD+GRJFXlnk/u6ODBfoObqBXcMwFZReMMn1VMWuFNgu/nPHLJ6bW3Gv6FQf1a8uRRppWfXBcim4ipvckVPKQ5chEYBAEAAQA= @unknown
INFO         |   androidboot.qemu.avd_name=VioraRun1Api36D
INFO         |   androidboot.qemu.camera_hq_edge_processing=0
INFO         |   androidboot.qemu.camera_protocol_ver=1
INFO         |   androidboot.qemu.cpuvulkan.version=4206592
INFO         |   androidboot.qemu.gltransport.drawFlushInterval=800
INFO         |   androidboot.qemu.gltransport.name=pipe
INFO         |   androidboot.qemu.hwcodec.avcdec=2
INFO         |   androidboot.qemu.hwcodec.hevcdec=2
INFO         |   androidboot.qemu.hwcodec.vpxdec=2
INFO         |   androidboot.qemu.settings.system.screen_off_timeout=2147483647
INFO         |   androidboot.qemu.skin=320x640
INFO         |   androidboot.qemu.virtiowifi=1
INFO         |   androidboot.qemu.vsync=60
INFO         |   androidboot.serialno=EMULATOR37X1X11X0
INFO         |   androidboot.vbmeta.digest=7466b5c28e6a3e1427b22ed2c317c6c7066294bde838d4d5243cce5d37992bd5
INFO         |   androidboot.vbmeta.hash_alg=sha256
INFO         |   androidboot.vbmeta.size=6848
INFO         |   androidboot.veritymode=enforcing
WHPX on Windows 10.0.26200 detected.
Windows Hypervisor Platform accelerator is operational
No EFI environment detected.
early console in extract_kernel
input_data: 0x0000000002ac82c4
input_len: 0x000000000137e130
output: 0x0000000001000000
output_len: 0x0000000002df7f60
kernel_total_size: 0x0000000002a2c000
needed_size: 0x0000000002e00000
trampoline_32bit: 0x0000000000000000
Physical KASLR using RDRAND RDTSC...
Virtual KASLR using RDRAND RDTSC...

Decompressing Linux... Parsing ELF... Performing relocations... done.
Booting the kernel (entry_offset: 0x0000000000000000).
[    0.000000] Linux version 6.6.66-android15-8-gd0c43a640eab-ab13812146 (kleaf@build-host) (Android (11368308, +pgo, +bolt, +lto, +mlgo, based on r510928) clang version 18.0.0 (https://android.googlesource.com/toolchain/llvm-project 477610d4d0d988e69dbc3fae4fe86bff3f07f2b5), LLD 18.0.0) #1 SMP PREEMPT Mon Jul 21 17:41:13 UTC 2025
[    0.000000] Command line: 8250.nr_uarts=1 clocksource=pit no_timer_check console=ttyS0,38400 earlyprintk=ttyS0 ndns=3 loop.max_part=7 ramoops.mem_address=0xff018000 ramoops.mem_size=0x10000 memmap=0x10000$0xff018000 printk.devkmsg=on bootconfig ndns=3 mac80211_hwsim.radios=0
[    0.000000] BIOS-provided physical RAM map:
[    0.000000] BIOS-e820: [mem 0x0000000000000000-0x000000000009fbff] usable
[    0.000000] BIOS-e820: [mem 0x000000000009fc00-0x000000000009ffff] reserved
[    0.000000] BIOS-e820: [mem 0x00000000000f0000-0x00000000000fffff] reserved
[    0.000000] BIOS-e820: [mem 0x0000000000100000-0x000000009ffd5fff] usable
[    0.000000] BIOS-e820: [mem 0x000000009ffd6000-0x000000009fffffff] reserved
[    0.000000] BIOS-e820: [mem 0x00000000fffc0000-0x00000000ffffffff] reserved
[    0.000000] stackdepot: disabled
[    0.000000] printk: bootconsole [earlyser0] enabled
[    0.000000] NX (Execute Disable) protection: active
[    0.000000] APIC: Static calls initialized
[    0.000000] user-defined physical RAM map:
[    0.000000] user: [mem 0x0000000000000000-0x000000000009fbff] usable
[    0.000000] user: [mem 0x000000000009fc00-0x000000000009ffff] reserved
[    0.000000] user: [mem 0x00000000000f0000-0x00000000000fffff] reserved
[    0.000000] user: [mem 0x0000000000100000-0x000000009ffd5fff] usable
[    0.000000] user: [mem 0x000000009ffd6000-0x000000009fffffff] reserved
[    0.000000] user: [mem 0x00000000ff018000-0x00000000ff027fff] reserved
[    0.000000] user: [mem 0x00000000fffc0000-0x00000000ffffffff] reserved
[    0.000000] SMBIOS 2.8 present.
[    0.000000] DMI: QEMU Standard PC (i440FX + PIIX, 1996), BIOS rel-1.11.1-0-g0551a4be2c-prebuilt.qemu-project.org 04/01/2014
[    0.000000] last_pfn = 0x9ffd6 max_arch_pfn = 0x400000000
[    0.000000] MTRR map: 4 entries (3 fixed + 1 variable; max 19), built from 8 variable MTRRs
[    0.000000] x86/PAT: Configuration [0-7]: WB  WC  UC- UC  WB  WP  UC- WT  
Memory KASLR using RDRAND RDTSC...
[    0.000000] found SMP MP-table at [mem 0x000f5ab0-0x000f5abf]
[    0.000000] Using GB pages for direct mapping
[    0.000000] Incomplete global flushes, disabling PCID
[    0.000000] RAMDISK: [mem 0x7fdea000-0x7fffffff]
[    0.000000] ACPI: Early table checksum verification disabled
[    0.000000] ACPI: RSDP 0x00000000000F58B0 000014 (v00 BOCHS )
[    0.000000] ACPI: RSDT 0x000000009FFE1B46 000030 (v01 BOCHS  BXPCRSDT 00000001 BXPC 00000001)
[    0.000000] ACPI: FACP 0x000000009FFE1A1A 000074 (v01 BOCHS  BXPCFACP 00000001 BXPC 00000001)
[    0.000000] ACPI: DSDT 0x000000009FFE0040 0019DA (v01 BOCHS  BXPCDSDT 00000001 BXPC 00000001)
[    0.000000] ACPI: FACS 0x000000009FFE0000 000040
[    0.000000] ACPI: APIC 0x000000009FFE1A8E 000080 (v01 BOCHS  BXPCAPIC 00000001 BXPC 00000001)
[    0.000000] ACPI: HPET 0x000000009FFE1B0E 000038 (v01 BOCHS  BXPCHPET 00000001 BXPC 00000001)
[    0.000000] ACPI: Reserving FACP table memory at [mem 0x9ffe1a1a-0x9ffe1a8d]
[    0.000000] ACPI: Reserving DSDT table memory at [mem 0x9ffe0040-0x9ffe1a19]
[    0.000000] ACPI: Reserving FACS table memory at [mem 0x9ffe0000-0x9ffe003f]
[    0.000000] ACPI: Reserving APIC table memory at [mem 0x9ffe1a8e-0x9ffe1b0d]
[    0.000000] ACPI: Reserving HPET table memory at [mem 0x9ffe1b0e-0x9ffe1b45]
[    0.000000] Zone ranges:
[    0.000000]   DMA32    [mem 0x0000000000001000-0x000000009ffd5fff]
[    0.000000]   Normal   empty
[    0.000000] Movable zone start for each node
[    0.000000] NoSplit zone start for each node
[    0.000000] NoMerge zone start for each node
[    0.000000] Early memory node ranges
[    0.000000]   node   0: [mem 0x0000000000001000-0x000000000009efff]
[    0.000000]   node   0: [mem 0x0000000000100000-0x000000009ffd5fff]
[    0.000000] Initmem setup node 0 [mem 0x0000000000001000-0x000000009ffd5fff]
[    0.000000] On node 0, zone DMA32: 1 pages in unavailable ranges
[    0.000000] On node 0, zone DMA32: 97 pages in unavailable ranges
[    0.000000] On node 0, zone DMA32: 42 pages in unavailable ranges
[    0.000000] ACPI: LAPIC_NMI (acpi_id[0xff] dfl dfl lint[0x1])
[    0.000000] IOAPIC[0]: apic_id 0, version 32, address 0xfec00000, GSI 0-23
[    0.000000] ACPI: INT_SRC_OVR (bus 0 bus_irq 0 global_irq 2 dfl dfl)
[    0.000000] ACPI: INT_SRC_OVR (bus 0 bus_irq 5 global_irq 5 high level)
[    0.000000] ACPI: INT_SRC_OVR (bus 0 bus_irq 9 global_irq 9 high level)
[    0.000000] ACPI: INT_SRC_OVR (bus 0 bus_irq 10 global_irq 10 high level)
[    0.000000] ACPI: INT_SRC_OVR (bus 0 bus_irq 11 global_irq 11 high level)
[    0.000000] ACPI: Using ACPI (MADT) for SMP configuration information
[    0.000000] ACPI: HPET id: 0x8086a201 base: 0xfed00000
[    0.000000] smpboot: Allowing 2 CPUs, 0 hotplug CPUs
[    0.000000] PM: hibernation: Registered nosave memory: [mem 0x00000000-0x00000fff]
[    0.000000] PM: hibernation: Registered nosave memory: [mem 0x0009f000-0x0009ffff]
[    0.000000] PM: hibernation: Registered nosave memory: [mem 0x000a0000-0x000effff]
[    0.000000] PM: hibernation: Registered nosave memory: [mem 0x000f0000-0x000fffff]
[    0.000000] [mem 0xa0000000-0xff017fff] available for PCI devices
[    0.000000] Booting paravirtualized kernel on bare hardware
[    0.000000] clocksource: refined-jiffies: mask: 0xffffffff max_cycles: 0xffffffff, max_idle_ns: 7645519600211568 ns
[    0.000000] Load bootconfig: 1863 bytes 69 nodes
[    0.000000] setup_percpu: NR_CPUS:32 nr_cpumask_bits:2 nr_cpu_ids:2 nr_node_ids:1
[    0.000000] percpu: Embedded 56 pages/cpu s192488 r8192 d28696 u1048576
[    0.000000] Kernel command line: console=ttynull stack_depot_disable=on cgroup_disable=pressure bootconfig 8250.nr_uarts=1 clocksource=pit no_timer_check console=ttyS0,38400 earlyprintk=ttyS0 ndns=3 loop.max_part=7 ramoops.mem_address=0xff018000 ramoops.mem_size=0x10000 memmap=0x10000$0xff018000 printk.devkmsg=on bootconfig ndns=3 mac80211_hwsim.radios=0
[    0.000000] cgroup: Disabling pressure control group feature
[    0.000000] Unknown kernel command line parameters "ndns=3", will be passed to user space.
[    0.000000] random: crng init done
[    0.000000] Dentry cache hash table entries: 524288 (order: 10, 4194304 bytes, linear)
[    0.000000] Inode-cache hash table entries: 262144 (order: 9, 2097152 bytes, linear)
[    0.000000] Built 1 zonelists, mobility grouping on.  Total pages: 644822
[    0.000000] mem auto-init: stack:all(zero), heap alloc:on, heap free:off
[    0.000000] Memory: 2526512K/2620880K available (22528K kernel code, 2113K rwdata, 14024K rodata, 2964K init, 860K bss, 94108K reserved, 0K cma-reserved)
[    0.000000] SLUB: HWalign=64, Order=0-3, MinObjects=0, CPUs=2, Nodes=1
Poking KASLR using RDRAND RDTSC...
[    0.000000] rcu: Preemptible hierarchical RCU implementation.
[    0.000000] rcu: 	RCU event tracing is enabled.
[    0.000000] rcu: 	RCU restricting CPUs from NR_CPUS=32 to nr_cpu_ids=2.
[    0.000000] rcu: 	RCU priority boosting: priority 1 delay 500 ms.
[    0.000000] 	Trampoline variant of Tasks RCU enabled.
[    0.000000] 	Tracing variant of Tasks RCU enabled.
[    0.000000] rcu: RCU calculated value of scheduler-enlistment delay is 25 jiffies.
[    0.000000] rcu: Adjusting geometry for rcu_fanout_leaf=16, nr_cpu_ids=2
[    0.000000] NR_IRQS: 4352, nr_irqs: 440, preallocated irqs: 16
[    0.000000] rcu: srcu_init: Setting srcu_struct sizes based on contention.
[    0.000000] kfence: initialized - using 524288 bytes for 63 objects at 0x(____ptrval____)-0x(____ptrval____)
[    0.000000] printk: console [ttyS0] enabled
[    0.000000] printk: console [ttyS0] enabled
[    0.000000] printk: bootconsole [earlyser0] disabled
[    0.000000] printk: bootconsole [earlyser0] disabled
[    0.000000] ACPI: Core revision 20230628
[    0.000000] clocksource: hpet: mask: 0xffffffff max_cycles: 0xffffffff, max_idle_ns: 19112604467 ns
[    0.004000] APIC: Switch to symmetric I/O mode setup
[    0.020000] ..TIMER: vector=0x30 apic1=0 pin1=2 apic2=-1 pin2=-1
[    0.032000] tsc: Unable to calibrate against PIT
[    0.036000] tsc: using HPET reference calibration
[    0.040000] tsc: Detected 2496.056 MHz processor
[    0.044000] [Firmware Bug]: TSC ADJUST: CPU0: -463223 force to 0
[    0.000041] clocksource: tsc-early: mask: 0xffffffffffffffff max_cycles: 0x23faac44e9e, max_idle_ns: 440795321616 ns
[    0.101437] Calibrating delay loop (skipped), value calculated using timer frequency.. 4992.11 BogoMIPS (lpj=9984224)
[    0.105636] x86/cpu: User Mode Instruction Prevention (UMIP) activated
[    0.109461] CET detected: Indirect Branch Tracking enabled
[    0.113444] Last level iTLB entries: 4KB 0, 2MB 0, 4MB 0
[    0.117442] Last level dTLB entries: 4KB 0, 2MB 0, 4MB 0, 1GB 0
[    0.121448] Spectre V1 : Mitigation: usercopy/swapgs barriers and __user pointer sanitization
[    0.125566] Spectre V2 : Mitigation: Retpolines
[    0.129441] Spectre V2 : Spectre v2 / SpectreRSB mitigation: Filling RSB on context switch
[    0.133442] Spectre V2 : Spectre v2 / SpectreRSB : Filling RSB on VMEXIT
[    0.137441] RETBleed: WARNING: Spectre v2 mitigation leaves CPU vulnerable to RETBleed attacks, data leaks possible!
[    0.141441] RETBleed: Vulnerable
[    0.145441] Speculative Store Bypass: Vulnerable
[    0.149441] Register File Data Sampling: Mitigation: Clear Register File
[    0.153465] x86/fpu: Supporting XSAVE feature 0x001: 'x87 floating point registers'
[    0.157442] x86/fpu: Supporting XSAVE feature 0x002: 'SSE registers'
[    0.161440] x86/fpu: Supporting XSAVE feature 0x004: 'AVX registers'
[    0.165440] x86/fpu: Supporting XSAVE feature 0x800: 'Control-flow User registers'
[    0.169445] x86/fpu: xstate_offset[2]:  576, xstate_sizes[2]:  256
[    0.173443] x86/fpu: xstate_offset[11]:  832, xstate_sizes[11]:   16
[    0.177442] x86/fpu: Enabled xstate features 0x807, context size is 848 bytes, using 'compacted' format.
[    0.259477] SMP alternatives: Using FineIBT CFI
[    0.318796] Freeing SMP alternatives memory: 56K
[    0.321443] pid_max: default: 32768 minimum: 301
[    0.325553] LSM: initializing lsm=capability,selinux,bpf,integrity
[    0.329488] SELinux:  Initializing.
[    0.333494] LSM support for eBPF active
[    0.337562] Mount-cache hash table entries: 8192 (order: 4, 65536 bytes, linear)
[    0.341501] Mountpoint-cache hash table entries: 8192 (order: 4, 65536 bytes, linear)
[    0.557692] smpboot: CPU0: 12th Gen Intel(R) Core(TM) i5-12450H (family: 0x6, model: 0x9a, stepping: 0x3)
[    0.561911] RCU Tasks: Setting shift to 1 and lim to 1 rcu_task_cb_adjust=1.
[    0.565555] RCU Tasks Trace: Setting shift to 1 and lim to 1 rcu_task_cb_adjust=1.
[    0.569511] Performance Events: unsupported p6 CPU model 154 no PMU driver, software events only.
[    0.573666] signal: max sigframe size: 1776
[    0.577553] rcu: Hierarchical SRCU implementation.
[    0.581444] rcu: 	Max phase no-delay instances is 1000.
[    0.585974] dyndbg: Ignore empty _ddebug table in a CONFIG_DYNAMIC_DEBUG_CORE build
[    0.589704] smp: Bringing up secondary CPUs ...
[    0.597628] smpboot: x86: Booting SMP configuration:
[    0.601468] .... node  #0, CPUs:      #1
[    0.049430] smpboot: CPU 1 Converting physical 0 to logical die 1
[    0.049430] TSC ADJUST compensate: CPU1 observed 26364288356 warp. Adjust: -80
[    0.053430] TSC ADJUST compensate: CPU1 observed 8 warp. Adjust: -72
[    0.665654] smp: Brought up 1 node, 2 CPUs
[    0.669458] smpboot: Max logical packages: 2
[    0.673443] smpboot: Total of 2 processors activated (9984.22 BogoMIPS)
[    0.682252] x86/mm: Memory block size: 128MB
[    0.714255] clocksource: jiffies: mask: 0xffffffff max_cycles: 0xffffffff, max_idle_ns: 7645041785100000 ns
[    0.761456] futex hash table entries: 512 (order: 3, 32768 bytes, linear)
[    0.797737] NET: Registered PF_NETLINK/PF_ROUTE protocol family
[    0.829699] audit: initializing netlink subsys (disabled)
[    0.869860] ramoops: using module parameters
[    0.877454] audit: type=2000 audit(1790136573.820:1): state=initialized audit_enabled=0 res=1
[    0.878076] pstore: Using crash dump compression: deflate
[    0.921445] printk: console [ramoops-1] enabled
[    0.953649] pstore: Registered ramoops as persistent store backend
[    0.977448] ramoops: using 0x10000@0xff018000, ecc: 0
[    0.997585] thermal_sys: Registered thermal governor 'bang_bang'
[    0.997587] thermal_sys: Registered thermal governor 'step_wise'
[    1.025455] thermal_sys: Registered thermal governor 'user_space'
[    1.053711] cpuidle: using governor menu
[    1.098163] PCI: Using configuration type 1 for base access
[    1.133486] kprobes: kprobe jump-optimization is enabled. All kprobes are optimized if possible.
[    1.193807] cryptd: max_cpu_qlen set to 1000
[    1.197720] ACPI: Added _OSI(Module Device)
[    1.201463] ACPI: Added _OSI(Processor Device)
[    1.241459] ACPI: Added _OSI(3.0 _SCP Extensions)
[    1.269448] ACPI: Added _OSI(Processor Aggregator Device)
[    1.302310] ACPI: 1 ACPI AML tables successfully acquired and loaded
[    1.357533] ACPI: _OSC evaluation for CPUs failed, trying _PDC
[    1.389603] ACPI: Interpreter enabled
[    1.409474] ACPI: PM: (supports S0 S3 S4 S5)
[    1.433448] ACPI: Using IOAPIC for interrupt routing
[    1.461610] PCI: Using host bridge windows from ACPI; if necessary, use "pci=nocrs" and report a bug
[    1.517445] PCI: Using E820 reservations for host bridge windows
[    1.553597] ACPI: Enabled 2 GPEs in block 00 to 0F
[    1.597799] ACPI: PCI Root Bridge [PCI0] (domain 0000 [bus 00-ff])
[    1.633470] acpi PNP0A03:00: _OSC: OS supports [ASPM ClockPM Segments MSI HPX-Type3]
[    1.681452] acpi PNP0A03:00: _OSC: not requesting OS control; OS requires [ExtendedConfig ASPM ClockPM MSI]
[    1.753472] acpi PNP0A03:00: fail to add MMCONFIG information, can't access extended configuration space under this bridge
[    1.837802] PCI host bridge to bus 0000:00
[    1.877466] pci_bus 0000:00: root bus resource [io  0x0000-0x0cf7 window]
[    1.949500] pci_bus 0000:00: root bus resource [io  0x0d00-0xffff window]
[    2.013472] pci_bus 0000:00: root bus resource [mem 0x000a0000-0x000bffff window]
[    2.077457] pci_bus 0000:00: root bus resource [mem 0xa0000000-0xfebfffff window]
[    2.137463] pci_bus 0000:00: root bus resource [mem 0x400000000-0x800057fff window]
[    2.193451] pci_bus 0000:00: root bus resource [bus 00-ff]
[    2.221573] pci 0000:00:00.0: [8086:1237] type 00 class 0x060000
[    2.262859] pci 0000:00:01.0: [8086:7000] type 00 class 0x060100
[    2.311266] pci 0000:00:01.1: [8086:7010] type 00 class 0x010180
[    2.364117] pci 0000:00:01.1: reg 0x20: [io  0xc260-0xc26f]
[    2.408145] pci 0000:00:01.1: legacy IDE quirk: reg 0x10: [io  0x01f0-0x01f7]
[    2.445453] pci 0000:00:01.1: legacy IDE quirk: reg 0x14: [io  0x03f6]
[    2.485470] pci 0000:00:01.1: legacy IDE quirk: reg 0x18: [io  0x0170-0x0177]
[    2.517449] pci 0000:00:01.1: legacy IDE quirk: reg 0x1c: [io  0x0376]
[    2.557857] pci 0000:00:01.3: [8086:7113] type 00 class 0x068000
[    2.610179] pci 0000:00:01.3: quirk: [io  0x0600-0x063f] claimed by PIIX4 ACPI
[    2.653503] pci 0000:00:01.3: quirk: [io  0x0700-0x070f] claimed by PIIX4 SMB
[    2.705547] pci 0000:00:01.3: quirk_piix4_acpi+0x0/0x410 took 93750 usecs
[    2.758213] pci 0000:00:02.0: [1af4:1019] type 00 class 0x040100
[    2.799522] pci 0000:00:02.0: reg 0x10: [io  0xc1c0-0xc1df]
[    2.864127] pci 0000:00:02.0: reg 0x20: [mem 0x800000000-0x800003fff 64bit pref]
[    2.936302] pci 0000:00:03.0: [1af4:1001] type 00 class 0x010000
[    2.983862] pci 0000:00:03.0: reg 0x10: [io  0xc000-0xc03f]
[    3.029442] pci 0000:00:03.0: reg 0x14: [mem 0xfebc0000-0xfebc0fff]
[    3.073444] pci 0000:00:03.0: reg 0x18: [io  0xc270-0xc273]
[    3.115099] pci 0000:00:03.0: reg 0x20: [mem 0x800004000-0x800007fff 64bit pref]
[    3.172248] pci 0000:00:04.0: [1af4:1001] type 00 class 0x010000
[    3.209440] pci 0000:00:04.0: reg 0x10: [io  0xc040-0xc07f]
[    3.261442] pci 0000:00:04.0: reg 0x14: [mem 0xfebc1000-0xfebc1fff]
[    3.313445] pci 0000:00:04.0: reg 0x18: [io  0xc274-0xc277]
[    3.358927] pci 0000:00:04.0: reg 0x20: [mem 0x800008000-0x80000bfff 64bit pref]
[    3.407461] pci 0000:00:05.0: [1af4:1001] type 00 class 0x010000
[    3.453441] pci 0000:00:05.0: reg 0x10: [io  0xc080-0xc0bf]
[    3.489443] pci 0000:00:05.0: reg 0x14: [mem 0xfebc2000-0xfebc2fff]
[    3.525446] pci 0000:00:05.0: reg 0x18: [io  0xc278-0xc27b]
[    3.581443] pci 0000:00:05.0: reg 0x20: [mem 0x80000c000-0x80000ffff 64bit pref]
[    3.655528] pci 0000:00:06.0: [1af4:1001] type 00 class 0x010000
[    3.705442] pci 0000:00:06.0: reg 0x10: [io  0xc0c0-0xc0ff]
[    3.740271] pci 0000:00:06.0: reg 0x14: [mem 0xfebc3000-0xfebc3fff]
[    3.791995] pci 0000:00:06.0: reg 0x18: [io  0xc27c-0xc27f]
[    3.852365] pci 0000:00:06.0: reg 0x20: [mem 0x800010000-0x800013fff 64bit pref]
[    3.903799] pci 0000:00:07.0: [1af4:1001] type 00 class 0x010000
[    3.944762] pci 0000:00:07.0: reg 0x10: [io  0xc100-0xc13f]
[    3.980072] pci 0000:00:07.0: reg 0x14: [mem 0xfebc4000-0xfebc4fff]
[    4.019952] pci 0000:00:07.0: reg 0x18: [io  0xc280-0xc283]
[    4.065445] pci 0000:00:07.0: reg 0x20: [mem 0x800014000-0x800017fff 64bit pref]
[    4.129078] pci 0000:00:08.0: [1af4:1000] type 00 class 0x020000
[    4.179481] pci 0000:00:08.0: reg 0x10: [io  0xc1e0-0xc1ff]
[    4.231801] pci 0000:00:08.0: reg 0x14: [mem 0xfebc5000-0xfebc5fff]
[    4.285430] pci 0000:00:08.0: reg 0x20: [mem 0x800018000-0x80001bfff 64bit pref]
[    4.345440] pci 0000:00:08.0: reg 0x30: [mem 0xfeb80000-0xfebbffff pref]
[    4.386841] pci 0000:00:09.0: [1af4:1003] type 00 class 0x078000
[    4.445445] pci 0000:00:09.0: reg 0x10: [io  0xc140-0xc17f]
[    4.476852] pci 0000:00:09.0: reg 0x14: [mem 0xfebc6000-0xfebc6fff]
[    4.539664] pci 0000:00:09.0: reg 0x20: [mem 0x80001c000-0x80001ffff 64bit pref]
[    4.605569] pci 0000:00:0a.0: [1af4:1003] type 00 class 0x078000
[    4.656224] pci 0000:00:0a.0: reg 0x10: [io  0xc180-0xc1bf]
[    4.693442] pci 0000:00:0a.0: reg 0x14: [mem 0xfebc7000-0xfebc7fff]
[    4.762881] pci 0000:00:0a.0: reg 0x20: [mem 0x800020000-0x800023fff 64bit pref]
[    4.826218] pci 0000:00:0b.0: [607d:f153] type 00 class 0x00ff00
[    4.869430] pci 0000:00:0b.0: reg 0x10: [mem 0xfebc8000-0xfebc8fff]
[    4.927367] pci 0000:00:0b.0: reg 0x14: [mem 0x400000000-0x7ffffffff 64bit]
[    4.979575] pci 0000:00:0c.0: [1af4:1005] type 00 class 0x00ff00
[    5.021441] pci 0000:00:0c.0: reg 0x10: [io  0xc200-0xc21f]
[    5.056019] pci 0000:00:0c.0: reg 0x20: [mem 0x800024000-0x800027fff 64bit pref]
[    5.102989] pci 0000:00:0d.0: [1af4:1052] type 00 class 0x098000
[    5.148704] pci 0000:00:0d.0: reg 0x14: [mem 0xfebc9000-0xfebc9fff]
[    5.193011] pci 0000:00:0d.0: reg 0x20: [mem 0x800028000-0x80002bfff 64bit pref]
[    5.245557] pci 0000:00:0e.0: [1af4:1052] type 00 class 0x098000
[    5.291325] pci 0000:00:0e.0: reg 0x14: [mem 0xfebca000-0xfebcafff]
[    5.353439] pci 0000:00:0e.0: reg 0x20: [mem 0x80002c000-0x80002ffff 64bit pref]
[    5.403081] pci 0000:00:0f.0: [1af4:1052] type 00 class 0x098000
[    5.461443] pci 0000:00:0f.0: reg 0x14: [mem 0xfebcb000-0xfebcbfff]
[    5.523768] pci 0000:00:0f.0: reg 0x20: [mem 0x800030000-0x800033fff 64bit pref]
[    5.590981] pci 0000:00:10.0: [1af4:1052] type 00 class 0x098000
[    5.642331] pci 0000:00:10.0: reg 0x14: [mem 0xfebcc000-0xfebccfff]
[    5.702191] pci 0000:00:10.0: reg 0x20: [mem 0x800034000-0x800037fff 64bit pref]
[    5.757430] pci 0000:00:11.0: [1af4:1052] type 00 class 0x098000
[    5.801430] pci 0000:00:11.0: reg 0x14: [mem 0xfebcd000-0xfebcdfff]
[    5.857443] pci 0000:00:11.0: reg 0x20: [mem 0x800038000-0x80003bfff 64bit pref]
[    5.930615] pci 0000:00:12.0: [1af4:1052] type 00 class 0x098000
[    5.978387] pci 0000:00:12.0: reg 0x14: [mem 0xfebce000-0xfebcefff]
[    6.027424] pci 0000:00:12.0: reg 0x20: [mem 0x80003c000-0x80003ffff 64bit pref]
[    6.095677] pci 0000:00:13.0: [1af4:1052] type 00 class 0x098000
[    6.165443] pci 0000:00:13.0: reg 0x14: [mem 0xfebcf000-0xfebcffff]
[    6.234717] pci 0000:00:13.0: reg 0x20: [mem 0x800040000-0x800043fff 64bit pref]
[    6.302089] pci 0000:00:14.0: [1af4:1052] type 00 class 0x098000
[    6.369443] pci 0000:00:14.0: reg 0x14: [mem 0xfebd0000-0xfebd0fff]
[    6.416618] pci 0000:00:14.0: reg 0x20: [mem 0x800044000-0x800047fff 64bit pref]
[    6.475174] pci 0000:00:15.0: [1af4:1052] type 00 class 0x098000
[    6.549444] pci 0000:00:15.0: reg 0x14: [mem 0xfebd1000-0xfebd1fff]
[    6.617113] pci 0000:00:15.0: reg 0x20: [mem 0x800048000-0x80004bfff 64bit pref]
[    6.694135] pci 0000:00:16.0: [1af4:1052] type 00 class 0x098000
[    6.740532] pci 0000:00:16.0: reg 0x14: [mem 0xfebd2000-0xfebd2fff]
[    6.799648] pci 0000:00:16.0: reg 0x20: [mem 0x80004c000-0x80004ffff 64bit pref]
[    6.856559] pci 0000:00:17.0: [1af4:1052] type 00 class 0x098000
[    6.901430] pci 0000:00:17.0: reg 0x14: [mem 0xfebd3000-0xfebd3fff]
[    6.989443] pci 0000:00:17.0: reg 0x20: [mem 0x800050000-0x800053fff 64bit pref]
[    7.074286] pci 0000:00:18.0: [1af4:100a] type 00 class 0x020000
[    7.118590] pci 0000:00:18.0: reg 0x10: [io  0xc220-0xc23f]
[    7.135220] pci 0000:00:18.0: reg 0x14: [mem 0xfebd4000-0xfebd4fff]
[    7.235295] pci 0000:00:19.0: [1af4:1012] type 00 class 0x078000
[    7.281440] pci 0000:00:19.0: reg 0x10: [io  0xc240-0xc25f]
[    7.341448] pci 0000:00:19.0: reg 0x14: [mem 0xfebd5000-0xfebd5fff]
[    7.395425] pci 0000:00:19.0: reg 0x20: [mem 0x800054000-0x800057fff 64bit pref]
[    7.452519] ACPI: PCI: Interrupt link LNKA configured for IRQ 10
[    7.497750] ACPI: PCI: Interrupt link LNKB configured for IRQ 10
[    7.513619] ACPI: PCI: Interrupt link LNKC configured for IRQ 11
[    7.545662] ACPI: PCI: Interrupt link LNKD configured for IRQ 11
[    7.565557] ACPI: PCI: Interrupt link LNKS configured for IRQ 9
[    7.594162] iommu: Default domain type: Translated
[    7.613497] iommu: DMA domain TLB invalidation policy: lazy mode
[    7.637693] SCSI subsystem initialized
[    7.657576] ACPI: bus type USB registered
[    7.669498] usbcore: registered new interface driver usbfs
[    7.689480] usbcore: registered new interface driver hub
[    7.705482] usbcore: registered new device driver usb
[    7.733588] mc: Linux media interface: v0.10
[    7.745602] videodev: Linux video capture interface: v2.00
[    7.770836] EDAC MC: Ver: 3.0.0
[    7.789430] Advanced Linux Sound Architecture Driver Initialized.
[    7.817884] PCI: Using ACPI for IRQ routing
[    7.830913] vgaarb: loaded
[    7.845621] hpet: 3 channels of 0 reserved for per-cpu timers
[    7.865529] hpet0: at MMIO 0xfed00000, IRQs 2, 8, 0
[    7.889473] hpet0: 3 comparators, 64-bit 100.000000 MHz counter
[    7.901625] clocksource: Switched to clocksource tsc-early
[    7.940742] VFS: Disk quotas dquot_6.6.0
[    7.970394] VFS: Dquot-cache hash table entries: 512 (order 0, 4096 bytes)
[    8.015634] pnp: PnP ACPI init
[    8.030218] pnp: PnP ACPI: found 5 devices
[    8.051058] NET: Registered PF_INET protocol family
[    8.078328] IP idents hash table entries: 65536 (order: 7, 524288 bytes, linear)
[    8.118630] tcp_listen_portaddr_hash hash table entries: 2048 (order: 3, 32768 bytes, linear)
[    8.159894] Table-perturb hash table entries: 65536 (order: 6, 262144 bytes, linear)
[    8.196901] TCP established hash table entries: 32768 (order: 6, 262144 bytes, linear)
[    8.243517] TCP bind hash table entries: 32768 (order: 8, 1048576 bytes, linear)
[    8.298104] TCP: Hash tables configured (established 32768 bind 32768)
[    8.341325] UDP hash table entries: 2048 (order: 4, 65536 bytes, linear)
[    8.394149] UDP-Lite hash table entries: 2048 (order: 4, 65536 bytes, linear)
[    8.429625] NET: Registered PF_UNIX/PF_LOCAL protocol family
[    8.462152] NET: Registered PF_XDP protocol family
[    8.493345] pci_bus 0000:00: resource 4 [io  0x0000-0x0cf7 window]
[    8.520228] pci_bus 0000:00: resource 5 [io  0x0d00-0xffff window]
[    8.544802] pci_bus 0000:00: resource 6 [mem 0x000a0000-0x000bffff window]
[    8.573579] pci_bus 0000:00: resource 7 [mem 0xa0000000-0xfebfffff window]
[    8.603617] pci_bus 0000:00: resource 8 [mem 0x400000000-0x800057fff window]
[    8.649103] pci 0000:00:01.0: PIIX3: Enabling Passive Release
[    8.678608] pci 0000:00:00.0: quirk_passive_release+0x0/0xc0 took 28839 usecs
[    8.709536] pci 0000:00:00.0: Limiting direct PCI/PCI transfers
[    8.728258] pci 0000:00:00.0: quirk_natoma+0x0/0x40 took 18283 usecs
[    8.750851] PCI: CLS 0 bytes, default 64
[    8.766484] Trying to unpack rootfs image as initramfs...
[    8.783383] RAPL PMU: API unit is 2^-32 Joules, 0 fixed counters, 10737418240 ms ovfl timer
[    8.819856] kvm_intel: VMX not supported by CPU 1
[    8.839460] kvm_amd: CPU 1 isn't AMD or Hygon
[    8.870423] Initialise system trusted keyrings
[    8.894626] workingset: timestamp_bits=46 max_order=20 bucket_order=0
[    8.924019] fuse: init (API version 7.39)
[    8.924250] Freeing initrd memory: 2136K
[    8.992149] Key type asymmetric registered
[    9.009515] Asymmetric key parser 'x509' registered
[    9.029952] Block layer SCSI generic (bsg) driver version 0.4 loaded (major 240)
[    9.062374] io scheduler mq-deadline registered
[    9.080063] io scheduler kyber registered
[    9.103606] io scheduler bfq registered
[    9.122174] input: Power Button as /devices/LNXSYSTM:00/LNXPWRBN:00/input/input0
[    9.169752] ACPI: button: Power Button [PWRF]
[    9.191000] Serial: 8250/16550 driver, 1 ports, IRQ sharing disabled
[    9.220213] 00:04: ttyS0 at I/O 0x3f8 (irq = 4, base_baud = 115200) is a 16550A
[    9.268133] printk: console [ttynull0] enabled
[    9.306107] ACPI: bus type drm_connector registered
[    9.360127] brd: module loaded
[    9.392710] loop: module loaded
[    9.418590] wireguard: WireGuard 1.0.0 loaded. See www.wireguard.com for information.
[    9.474423] wireguard: Copyright (C) 2015-2019 Jason A. Donenfeld <Jason@zx2c4.com>. All Rights Reserved.
[    9.542318] tun: Universal TUN/TAP device driver, 1.6
[    9.616828] usbcore: registered new interface driver uas
[    9.747006] usbcore: registered new interface driver usb-storage
[    9.785305] i8042: PNP: PS/2 Controller [PNP0303:KBD,PNP0f13:MOU] at 0x60,0x64 irq 1,12
[    9.823133] serio: i8042 KBD port at 0x60,0x64 irq 1
[    9.847568] serio: i8042 AUX port at 0x60,0x64 irq 12
[    9.874356] tsc: Refined TSC clocksource calibration: 2496.015 MHz
[    9.874406] usbcore: registered new interface driver xpad
[    9.901156] clocksource: tsc: mask: 0xffffffffffffffff max_cycles: 0x23fa8514b04, max_idle_ns: 440795216730 ns
[   10.084457] rtc_cmos 00:00: RTC can wake from S4
[   10.129469] rtc_cmos 00:00: registered as rtc0
[   10.297635] clocksource: Switched to clocksource tsc
[   10.313622] rtc_cmos 00:00: setting system clock to 2026-09-23T04:09:48 UTC (1790136588)
[   10.423591] input: AT Translated Set 2 keyboard as /devices/platform/i8042/serio0/input/input1
[   10.474467] rtc_cmos 00:00: alarms up to one day, y3k, 114 bytes nvram, hpet irqs
[   10.529045] gspca_main: v2.14.0 registered
[   10.603653] usbcore: registered new interface driver uvcvideo
[   10.688822] device-mapper: uevent: version 1.0.3
[   10.716322] device-mapper: ioctl: 4.48.0-ioctl (2023-03-01) initialised: dm-devel@redhat.com
[   10.784447] intel_pstate: CPU model not supported
[   10.812031] sdhci: Secure Digital Host Controller Interface driver
[   10.895538] sdhci: Copyright(c) Pierre Ossman
[   10.920742] sdhci-pltfm: SDHCI platform and OF driver helper
[   10.967378] hid: raw HID events driver (C) Jiri Kosina
[   11.010262] usbcore: registered new interface driver usbhid
[   11.057410] usbhid: USB HID core driver
[   11.106698] ashmem: initialized
[   11.135154] gnss: GNSS driver registered with major 507
[   11.181583] usbcore: registered new interface driver snd-usb-audio
[   11.213326] GACT probability NOT on
[   11.235482] Mirror/redirect action on
[   11.267296] netem: version 1.3
[   11.296276] u32 classifier
[   11.310387]     input device check on
[   11.341847]     Actions configured
[   11.428447] xt_time: kernel timezone is -0000
[   11.458315] ipip: IPv4 and MPLS over IPv4 tunneling driver
[   11.490684] gre: GRE over IPv4 demultiplexor driver
[   11.513618] ip_gre: GRE over IPv4 tunneling driver
[   11.537380] IPv4 over IPsec tunneling driver
[   11.558734] Initializing XFRM netlink socket
[   11.605852] IPsec XFRM device driver
[   11.627832] NET: Registered PF_INET6 protocol family
[   11.652962] Segment Routing with IPv6
[   11.670005] In-situ OAM (IOAM) with IPv6
[   11.709157] mip6: Mobile IPv6
[   11.724323] sit: IPv6, IPv4 and MPLS over IPv4 tunneling driver
[   11.755214] ip6_gre: GRE over IPv6 tunneling driver
[   11.793186] NET: Registered PF_PACKET protocol family
[   11.831402] NET: Registered PF_KEY protocol family
[   11.861483] NET: Registered PF_VSOCK protocol family
[   11.885138] IPI shorthand broadcast: enabled
[   11.925353] AVX2 version of gcm_enc/dec engaged.
[   11.947825] AES CTR mode by8 optimization enabled
[   11.979404] sched_clock: Marking stable (11928669015, 49430252)->(16820772619, -4842673352)
[   12.021589] registered taskstats version 1
[   12.047259] Loading compiled-in X.509 certificates
[   12.072679] Loaded X.509 cert 'Build time autogenerated kernel key: c51f3ac99f078bc9f27c9cbbd1f474dc120c2100'
[   12.130646] page_owner is disabled
[   12.149958] Key type .fscrypt registered
[   12.169108] Key type fscrypt-provisioning registered
[   12.189769] ALSA device list:
[   12.206237]   No soundcards found.
[   12.229274] Freeing unused kernel image (initmem) memory: 2964K
[   12.259726] Write protecting the kernel read-only data: 36864k
[   12.290327] Freeing unused kernel image (rodata/data gap) memory: 312K
[   12.321161] Run /init as init process
[   12.339326] init: init first stage started!
[   12.360526] init: Loading module /lib/modules/virtio_dma_buf.ko with args ''
[   12.394212] init: Loaded kernel module /lib/modules/virtio_dma_buf.ko
[   12.428073] init: Loading module /lib/modules/virtio-rng.ko with args ''
[   12.460466] init: Loaded kernel module /lib/modules/virtio-rng.ko
[   12.494672] init: Loading module /lib/modules/virtio_blk.ko with args ''
[   12.531278] init: Loaded kernel module /lib/modules/virtio_blk.ko
[   12.562199] init: Loading module /lib/modules/virtio_console.ko with args ''
[   12.602696] init: Loaded kernel module /lib/modules/virtio_console.ko
[   12.648632] init: Loading module /lib/modules/virtio_pci_modern_dev.ko with args ''
[   12.712557] init: Loaded kernel module /lib/modules/virtio_pci_modern_dev.ko
[   12.752266] init: Loading module /lib/modules/virtio_pci_legacy_dev.ko with args ''
[   12.800949] init: Loaded kernel module /lib/modules/virtio_pci_legacy_dev.ko
[   12.846836] init: Loading module /lib/modules/virtio_pci.ko with args ''
[   12.906541] ACPI: \_SB_.LNKB: Enabled at IRQ 10
[   12.962181] ACPI: \_SB_.LNKC: Enabled at IRQ 11
[   12.988218] virtio_blk virtio1: 1/0/0 default/read/poll queues
[   13.017945] virtio_blk virtio1: [vda] 8624128 512-byte logical blocks (4.42 GB/4.11 GiB)
[   13.063041]  vda: vda1 vda2
[   13.111276] ACPI: \_SB_.LNKD: Enabled at IRQ 11
[   13.141046] virtio_blk virtio2: 1/0/0 default/read/poll queues
[   13.180833] virtio_blk virtio2: [vdb] 135168 512-byte logical blocks (69.2 MB/66.0 MiB)
[   13.266594] ACPI: \_SB_.LNKA: Enabled at IRQ 10
[   13.288800] virtio_blk virtio3: 1/0/0 default/read/poll queues
[   13.328651] virtio_blk virtio3: [vdc] 20971520 512-byte logical blocks (10.7 GB/10.0 GiB)
[   13.396889] virtio_blk virtio4: 1/0/0 default/read/poll queues
[   13.427357] virtio_blk virtio4: [vdd] 36864 512-byte logical blocks (18.9 MB/18.0 MiB)
[   13.472160]  vdd: vdd1
[   13.516250] virtio_blk virtio5: 1/0/0 default/read/poll queues
[   13.550842] virtio_blk virtio5: [vde] 210944 512-byte logical blocks (108 MB/103 MiB)
[   13.596723]  vde: vde1
[   14.110158] virtio-pci 0000:00:18.0: virtio_pci: leaving for legacy driver
[   14.173396] init: Loaded kernel module /lib/modules/virtio_pci.ko
[   14.200273] init: Loading module /lib/modules/vmw_vsock_virtio_transport.ko with args ''
[   14.254219] init: Loaded kernel module /lib/modules/vmw_vsock_virtio_transport.ko
[   14.289410] init: Loaded 8 modules from /lib/modules
[   14.311893] init: Loaded 8 kernel modules took 1951 ms
[   14.340258] init: [libfstab] Using Android DT directory /proc/device-tree/firmware/android/
[   14.384501] init: [libfstab] ReadFstabFromDt(): failed to read fstab from dt
[   14.430413] init: [libfs_mgr] superblock s_max_mnt_count:65535,/dev/block/pci/pci0000:00/0000:00:06.0/by-name/metadata
[   14.482818] init: [libfs_mgr] Filesystem on /dev/block/pci/pci0000:00/0000:00:06.0/by-name/metadata was not cleanly shutdown; state flags: 0x1, incompat feature flags: 0x46
[   14.586521] EXT4-fs (vdd1): recovery complete
[   14.607241] EXT4-fs (vdd1): mounted filesystem b08db4c1-cfe5-46f0-b32a-f06729e6a3f2 r/w with ordered data mode. Quota mode: none.
[   14.663633] init: [libfs_mgr] check_fs(): mount(/dev/block/pci/pci0000:00/0000:00:06.0/by-name/metadata,/metadata,ext4)=0: Success
[   14.723817] EXT4-fs (vdd1): unmounting filesystem b08db4c1-cfe5-46f0-b32a-f06729e6a3f2.
[   14.766971] init: [libfs_mgr] umount_retry(): unmount(/metadata) succeeded
[   14.800424] init: [libfs_mgr] Not running /system/bin/e2fsck on /dev/block/vdd1 (executable not in system image)
[   14.859755] EXT4-fs (vdd1): mounted filesystem b08db4c1-cfe5-46f0-b32a-f06729e6a3f2 r/w with ordered data mode. Quota mode: none.
[   14.973549] init: [libfs_mgr] __mount(source=/dev/block/pci/pci0000:00/0000:00:06.0/by-name/metadata,target=/metadata,type=ext4)=0: Success
[   15.093389] init: Failed to copy /avb into /metadata/gsi/dsu/avb/: No such file or directory
[   15.163316] init: [libfs_mgr] Created logical partition system on device /dev/block/dm-0
[   15.263311] init: [libfs_mgr] Created logical partition system_dlkm on device /dev/block/dm-1
[   15.393706] init: [libfs_mgr] Created logical partition system_ext on device /dev/block/dm-2
[   15.465766] init: [libfs_mgr] Created logical partition product on device /dev/block/dm-3
[   15.532556] init: [libfs_mgr] Created logical partition vendor on device /dev/block/dm-4
[   15.680153] init: DSU not detected, proceeding with normal boot
[   16.803577] init: [libfs_avb] Device path not found: /dev/block/by-name/system
[   17.871759] init: [libfs_avb] Device path not found: /dev/block/by-name/system
[   17.909387] init: [libfs_avb] Returning avb_handle with status: Success
[   17.938013] init: [libfs_avb] Built verity table: '1 /dev/block/dm-0 /dev/block/dm-0 4096 4096 252273 252273 sha256 c2ca80fb546a391d49f229f21c012021a9ec9a7684d795d32c48ff17ac1c3e73 b0eadfd939f6087e65f9c418c1dab77a41c68d08fb44dfa9eac95b18313add2a 10 use_fec_from_device /dev/block/dm-0 fec_roots 2 fec_blocks 254261 fec_start 254261 restart_on_corruption ignore_zero_blocks'
[   18.127830] device-mapper: verity: sha256 using shash "sha256-ni" (multibuffer)
[   18.236638] erofs: (device dm-5): erofs_read_superblock: cannot find valid erofs superblock
[   18.324293] init: [libfs_mgr] __mount(source=/dev/block/dm-5,target=/system,type=erofs)=-1: Invalid argument
[   18.380252] init: [libfs_mgr] superblock s_max_mnt_count:65535,/dev/block/dm-5
[   18.430288] EXT4-fs (dm-5): mounted filesystem 38909328-0953-5d2b-89f8-3e6859c1c9d3 ro without journal. Quota mode: none.
[   18.518429] init: [libfs_mgr] __mount(source=/dev/block/dm-5,target=/system,type=ext4)=0: Success
[   18.608151] init: Switching root to '/system'
[   18.670311] erofs: (device dm-4): erofs_read_superblock: cannot find valid erofs superblock
[   18.859034] init: [libfs_mgr] __mount(source=/dev/block/dm-4,target=/vendor,type=erofs)=-1: Invalid argument
[   18.902632] init: [libfs_mgr] superblock s_max_mnt_count:65535,/dev/block/dm-4
[   18.936453] EXT4-fs (dm-4): mounted filesystem 2649758c-b225-515d-9336-740ddb086f72 ro without journal. Quota mode: none.
[   18.985718] init: [libfs_mgr] __mount(source=/dev/block/dm-4,target=/vendor,type=ext4)=0: Success
[   19.186831] erofs: (device dm-3): erofs_read_superblock: cannot find valid erofs superblock
[   19.223427] init: [libfs_mgr] __mount(source=/dev/block/dm-3,target=/product,type=erofs)=-1: Invalid argument
[   19.270714] init: [libfs_mgr] superblock s_max_mnt_count:65535,/dev/block/dm-3
[   19.313300] EXT4-fs (dm-3): mounted filesystem fd37676d-4251-5144-b275-30cfaeff2aad ro without journal. Quota mode: none.
[   19.359539] init: [libfs_mgr] __mount(source=/dev/block/dm-3,target=/product,type=ext4)=0: Success
[   19.402655] erofs: (device dm-1): mounted with root inode @ nid 38.
[   19.436556] init: [libfs_mgr] __mount(source=/dev/block/dm-1,target=/system_dlkm,type=erofs)=0: Success
[   19.497898] erofs: (device dm-2): erofs_read_superblock: cannot find valid erofs superblock
[   19.642224] init: [libfs_mgr] __mount(source=/dev/block/dm-2,target=/system_ext,type=erofs)=-1: Invalid argument
[   19.723958] init: [libfs_mgr] superblock s_max_mnt_count:65535,/dev/block/dm-2
[   19.798228] EXT4-fs (dm-2): mounted filesystem b7370ea0-7832-5087-8313-fed43d9287f5 ro without journal. Quota mode: none.
[   19.850547] init: [libfs_mgr] __mount(source=/dev/block/dm-2,target=/system_ext,type=ext4)=0: Success
[   19.898048] init: Skipped setting INIT_AVB_VERSION (not in recovery mode)
[   20.392192] init: [libfstab] Using Android DT directory /proc/device-tree/firmware/android/
[   20.445427] init: Opening SELinux policy
[   20.498783] init: Loading SELinux policy
[   20.532757] SELinux:  policy capability network_peer_controls=1
[   20.561010] SELinux:  policy capability open_perms=1
[   20.582430] SELinux:  policy capability extended_socket_class=1
[   20.612752] SELinux:  policy capability always_check_network=0
[   20.646716] SELinux:  policy capability cgroup_seclabel=0
[   20.679056] SELinux:  policy capability nnp_nosuid_transition=1
[   20.708556] SELinux:  policy capability genfs_seclabel_symlinks=0
[   20.735921] SELinux:  policy capability ioctl_skip_cloexec=0
[   20.811498] audit: type=1403 audit(1790136598.995:2): auid=4294967295 ses=4294967295 lsm=selinux res=1
[   20.854537] audit: type=1404 audit(1790136598.995:3): enforcing=1 old_enforcing=0 auid=4294967295 ses=4294967295 enabled=1 old-enabled=1 lsm=selinux res=1
[   20.932863] selinux: SELinux: Loaded file context from:
[   20.967093] selinux: 		/system/etc/selinux/plat_file_contexts
[   21.029169] selinux: 		/system_ext/etc/selinux/system_ext_file_contexts
[   21.056659] selinux: 		/product/etc/selinux/product_file_contexts
[   21.086434] selinux: 		/vendor/etc/selinux/vendor_file_contexts
[   21.117753] selinux: 		/odm/etc/selinux/odm_file_contexts
[   21.168288] init: init second stage started!
[   21.220316] selinux: SELinux: Loaded file context from:
[   21.278273] selinux: 		/system/etc/selinux/plat_file_contexts
[   21.313668] selinux: 		/system_ext/etc/selinux/system_ext_file_contexts
[   21.351851] selinux: 		/product/etc/selinux/product_file_contexts
[   21.382025] selinux: 		/vendor/etc/selinux/vendor_file_contexts
[   21.412551] selinux: 		/odm/etc/selinux/odm_file_contexts
[   21.477306] init: [libfstab] Using Android DT directory /proc/device-tree/firmware/android/
[   21.519951] init: Overriding previous property 'ro.cp_system_other_odex':'1' with new value '0'
[   21.563939] init: Overriding previous property 'ro.control_privapp_permissions':'disable' with new value 'enforce'
[   21.626924] init: Overriding previous property 'ro.config.notification_sound':'OnTheHunt.ogg' with new value 'pixiedust.ogg'
[   21.686042] init: Setting product property ro.product.brand to 'google' (from ro.product.product.brand)
[   21.742686] init: Setting product property ro.product.device to 'emu64xa' (from ro.product.product.device)
[   21.786459] init: Setting product property ro.product.manufacturer to 'Google' (from ro.product.product.manufacturer)
[   21.843540] init: Setting product property ro.product.model to 'sdk_gphone64_x86_64' (from ro.product.product.model)
[   21.912161] init: Setting product property ro.product.name to 'sdk_gphone64_x86_64' (from ro.product.product.name)
[   21.979085] init: Setting property 'ro.build.fingerprint' to 'google/sdk_gphone64_x86_64/emu64xa:16/BE2A.250530.026.F3/13894323:userdebug/dev-keys'
[   22.050321] init: Setting property 'ro.product.cpu.abilist' to 'x86_64,arm64-v8a'
[   22.097360] init: Setting property 'ro.product.cpu.abilist32' to ''
[   22.128910] init: Setting property 'ro.product.cpu.abilist64' to 'x86_64,arm64-v8a'
[   22.218441] init: Running restorecon...
[   22.343055] init: Created socket '/dev/socket/property_service_for_system', mode 660, user 0, group 1000
[   22.430733] init: Created socket '/dev/socket/property_service', mode 666, user 0, group 0
[   22.579365] init: [libfs_mgr] vendor overlay: vndk version not defined
[   22.626832] init: SetupMountNamespaces done
[   22.649276] init: Forked subcontext for 'u:r:vendor_init:s0' with pid 91
[   22.722503] init: Parsing file /system/etc/init/hw/init.rc...
[   22.759961] init: Added '/init.environ.rc' to import list
[   22.790293] init: Added '/system/etc/init/hw/init.usb.rc' to import list
[   22.843569] init: Added '/init.ranchu.rc' to import list
[   22.898050] init: Added '/vendor/etc/init/hw/init.ranchu.rc' to import list
[   22.948314] init: Added '/system/etc/init/hw/init.usb.configfs.rc' to import list
[   23.018561] init: Added '/system/etc/init/hw/init.zygote64.rc' to import list
[   23.080784] init: Added '/system/etc/init/hw/init.boringssl.zygote64.rc' to import list
[   23.121280] init: Parsing file /init.environ.rc...
[   23.138822] init: Parsing file /system/etc/init/hw/init.usb.rc...
[   23.175064] init: Parsing file /init.ranchu.rc...
[   23.206510] init: Unable to read config file '/init.ranchu.rc': open() failed: No such file or directory
[   23.273264] init: Parsing file /vendor/etc/init/hw/init.ranchu.rc...
[   23.308181] init: Parsing file /system/etc/init/hw/init.usb.configfs.rc...
[   23.342869] init: Parsing file /system/etc/init/hw/init.zygote64.rc...
[   23.377946] init: Parsing file /system/etc/init/hw/init.boringssl.zygote64.rc...
[   23.416916] init: Parsing directory /system/etc/init...
[   23.467242] init: Parsing file /system/etc/init/aconfigd.rc...
[   23.511624] init: Parsing file /system/etc/init/android.system.suspend-service.rc...
[   23.564128] init: Parsing file /system/etc/init/apexd.rc...
[   23.612298] init: Parsing file /system/etc/init/atrace.rc...
[   23.641050] init: Parsing file /system/etc/init/atrace_userdebug.rc...
[   23.673694] init: Parsing file /system/etc/init/audioserver.rc...
[   23.709826] init: Parsing file /system/etc/init/blank_screen.rc...
[   23.736812] init: Parsing file /system/etc/init/bootanim.rc...
[   23.778236] init: Parsing file /system/etc/init/bootstat-debug.rc...
[   23.815513] init: Parsing file /system/etc/init/bootstat.rc...
[   23.852637] init: Parsing file /system/etc/init/cameraserver.rc...
[   23.919593] init: Parsing file /system/etc/init/clean_scratch_files.rc...
[   23.974101] init: Parsing file /system/etc/init/cppreopts.rc...
[   24.011821] init: Parsing file /system/etc/init/credstore.rc...
[   24.035912] init: Parsing file /system/etc/init/dmesgd.rc...
[   24.064676] init: Parsing file /system/etc/init/drmserver.rc...
[   24.096056] init: Parsing file /system/etc/init/dumpstate.rc...
[   24.127241] init: Parsing file /system/etc/init/flags_health_check.rc...
[   24.160950] init: Parsing file /system/etc/init/gatekeeperd.rc...
[   24.190014] init: Parsing file /system/etc/init/gpuservice.rc...
[   24.213454] init: Parsing file /system/etc/init/gsid.rc...
[   24.234744] init: Parsing file /system/etc/init/heapprofd.rc...
[   24.258196] init: Parsing file /system/etc/init/idmap2d.rc...
[   24.284514] init: Parsing file /system/etc/init/incidentd.rc...
[   24.317091] init: Parsing file /system/etc/init/init-debug.rc...
[   24.345451] init: Parsing file /system/etc/init/init-mmd-prop.rc...
[   24.373288] init: Parsing file /system/etc/init/installd.rc...
[   24.397114] init: Parsing file /system/etc/init/kcmdlinectrl.rc...
[   24.424022] init: Parsing file /system/etc/init/keystore2.rc...
[   24.451208] init: Parsing file /system/etc/init/llkd-debuggable.rc...
[   24.490433] init: Parsing file /system/etc/init/llkd.rc...
[   24.517741] init: Parsing file /system/etc/init/lmkd.rc...
[   24.548369] init: Parsing file /system/etc/init/logcatd.rc...
[   24.576122] init: Parsing file /system/etc/init/logd.rc...
[   24.601781] init: Parsing file /system/etc/init/logtagd.rc...
[   24.631126] init: Parsing file /system/etc/init/lpdumpd.rc...
[   24.660652] init: Parsing file /system/etc/init/mdnsd.rc...
[   24.682589] init: Parsing file /system/etc/init/mediaextractor.rc...
[   24.706812] init: Parsing file /system/etc/init/mediametrics.rc...
[   24.729181] init: Parsing file /system/etc/init/mediaserver.rc...
[   24.756121] init: Parsing file /system/etc/init/misctrl.rc...
[   24.781230] init: Parsing file /system/etc/init/mtectrl.rc...
[   24.810023] init: Parsing file /system/etc/init/ndk_translation.rc...
[   24.835152] init: Parsing file /system/etc/init/netbpfload.rc...
[   24.878372] init: Parsing file /system/etc/init/netd.rc...
[   24.906268] init: Parsing file /system/etc/init/odsign.rc...
[   24.933369] init: Parsing file /system/etc/init/otapreopt.rc...
[   24.960645] init: Parsing file /system/etc/init/perfetto.rc...
[   24.989275] init: Parsing file /system/etc/init/prefetch.rc...
[   25.023551] init: Parsing file /system/etc/init/prng_seeder.rc...
[   25.047831] init: Parsing file /system/etc/init/profcollectd.rc...
[   25.076101] init: Parsing file /system/etc/init/recovery-persist.rc...
[   25.104881] init: Parsing file /system/etc/init/recovery-refresh.rc...
[   25.133028] init: Parsing file /system/etc/init/rss_hwm_reset.rc...
[   25.165765] init: Parsing file /system/etc/init/servicemanager.rc...
[   25.195860] init: Parsing file /system/etc/init/simpleperf.rc...
[   25.232126] init: Parsing file /system/etc/init/snapuserd.rc...
[   25.267225] init: Parsing file /system/etc/init/storaged.rc...
[   25.299177] init: Parsing file /system/etc/init/surfaceflinger.rc...
[   25.330290] init: Parsing file /system/etc/init/tombstoned.rc...
[   25.358748] init: Parsing file /system/etc/init/traced_perf.rc...
[   25.387767] init: Parsing file /system/etc/init/tradeinmode.rc...
[   25.428247] init: Parsing file /system/etc/init/uncrypt.rc...
[   25.478028] init: Parsing file /system/etc/init/update_engine.rc...
[   25.511876] init: Parsing file /system/etc/init/update_verifier.rc...
[   25.562054] init: Parsing file /system/etc/init/usbd.rc...
[   25.589937] init: Parsing file /system/etc/init/virtual_camera.hal.rc...
[   25.623904] init: Parsing file /system/etc/init/vold.rc...
[   25.656315] init: Parsing file /system/etc/init/wifi.rc...
[   25.690263] init: Parsing file /system/etc/init/wificond.rc...
[   25.728561] init: Parsing directory /system_ext/etc/init...
[   25.756324] init: Parsing file /system_ext/etc/init/android.hidl.allocator@1.0-service.rc...
[   25.808114] init: Parsing file /system_ext/etc/init/hwservicemanager.rc...
[   25.844629] init: Parsing file /system_ext/etc/init/init.system_ext.radio.rc...
[   25.875151] init: Parsing file /system_ext/etc/init/init.system_ext.rc...
[   25.906850] init: Parsing directory /vendor/etc/init...
[   25.929852] init: Parsing file /vendor/etc/init/android.hardware.audio.service.rc...
[   25.973669] init: Parsing file /vendor/etc/init/android.hardware.biometrics.fingerprint-service.ranchu.rc...
[   26.026421] init: Parsing file /vendor/etc/init/android.hardware.camera.provider.ranchu.rc...
[   26.063633] init: Parsing file /vendor/etc/init/android.hardware.camera.provider@2.7-service-google.rc...
[   26.113255] init: Parsing file /vendor/etc/init/android.hardware.drm-service-lazy.clearkey.rc...
[   26.153202] init: Parsing file /vendor/etc/init/android.hardware.gnss-service.ranchu.rc...
[   26.196596] init: Parsing file /vendor/etc/init/android.hardware.graphics.allocator-service.ranchu.rc...
[   26.244649] init: Parsing file /vendor/etc/init/android.hardware.health-service.example.rc...
[   26.286789] init: Parsing file /vendor/etc/init/android.hardware.media.c2@1.0-service-goldfish.rc...
[   26.333295] init: Parsing file /vendor/etc/init/android.hardware.radio.ranchu.rc...
[   26.370782] init: Parsing file /vendor/etc/init/android.hardware.security.keymint-service.rc...
[   26.412476] init: Parsing file /vendor/etc/init/android.hardware.sensors-service-multihal.rc...
[   26.453434] init: Parsing file /vendor/etc/init/android.hardware.usb-service.example.rc...
[   26.499024] init: Parsing file /vendor/etc/init/android.hardware.wifi-service.rc...
[   26.534763] init: Parsing file /vendor/etc/init/bluetooth-service-default.rc...
[   26.573071] init: Parsing file /vendor/etc/init/boringssl_self_test.rc...
[   26.599726] init: Added '/vendor/etc/boringssl_self_test.zygote64.rc' to import list
[   26.634462] init: Parsing file /vendor/etc/boringssl_self_test.zygote64.rc...
[   26.694020] init: Parsing file /vendor/etc/init/health-storage-default.rc...
[   26.723623] init: Parsing file /vendor/etc/init/hostapd.android.rc...
[   26.754864] init: Parsing file /vendor/etc/init/hwc3.rc...
[   26.779772] init: Parsing file /vendor/etc/init/identity-default.rc...
[   26.813712] init: Parsing file /vendor/etc/init/lights-default.rc...
[   26.847509] init: Parsing file /odm/etc/init...
[   26.870534] init: Unable to read config file '/odm/etc/init': open() failed: No such file or directory
[   26.926256] init: Parsing file /product/etc/init...
[   26.948370] init: Unable to read config file '/product/etc/init': open() failed: No such file or directory
[   26.992488] init: processing action (SetupCgroups) from (<Builtin Action>:0)
[   27.059567] libprocessgroup: Using system/app isolation under: /sys/fs/cgroup
[   27.113676] init: Command 'SetupCgroups' action=SetupCgroups (<Builtin Action>:0) took 88ms and succeeded
[   27.174342] init: processing action (SetKptrRestrict) from (<Builtin Action>:0)
[   27.216294] init: processing action (TestPerfEventSelinux) from (<Builtin Action>:0)
[   27.262747] init: processing action (early-init) from (/system/etc/init/hw/init.rc:15)
[   27.340807] init: starting service 'ueventd'...
[   27.386240] libprocessgroup: A JoinCgroup action in the SystemMemoryProcess profile is used for controller memory in the cgroup v2 hierarchy and will be ignored
[   27.480918] init: ... started service 'ueventd' has pid 92
[   27.509761] ueventd: ueventd started!
[   27.517164] init: Command 'start ueventd' action=early-init (/system/etc/init/hw/init.rc:73) took 176ms and succeeded
[   27.533590] selinux: SELinux: Loaded file context from:
[   27.583416] init: starting service 'apexd-bootstrap'...
[   27.606808] selinux: 		/system/etc/selinux/plat_file_contexts
[   27.685191] selinux: 		/system_ext/etc/selinux/system_ext_file_contexts
[   27.728463] selinux: 		/product/etc/selinux/product_file_contexts
[   27.767100] selinux: 		/vendor/etc/selinux/vendor_file_contexts
[   27.800627] selinux: 		/odm/etc/selinux/odm_file_contexts
[   27.812102] init: ... started service 'apexd-bootstrap' has pid 93
[   27.832822] ueventd: Parsing file /system/etc/ueventd.rc...
[   27.864527] init: SVC_EXEC service 'apexd-bootstrap' pid 93 (uid 0 gid 1000+0 context default) started; waiting...
[   27.893888] ueventd: Added '/vendor/etc/ueventd.rc' to import list
[   27.947920] init: Command 'exec_start apexd-bootstrap' action=early-init (/system/etc/init/hw/init.rc:81) took 364ms and succeeded
[   28.039050] ueventd: Added '/odm/etc/ueventd.rc' to import list
[   28.068055] ueventd: Parsing file /vendor/etc/ueventd.rc...
[   28.096188] ueventd: Parsing file /odm/etc/ueventd.rc...
[   28.119426] ueventd: Unable to read config file '/odm/etc/ueventd.rc': open() failed: No such file or directory
[   28.273511] ueventd: Coldboot took 0.107 seconds
[   28.340426] apexd: Started. subcommand = --bootstrap
[   28.363354] apexd-bootstrap: Scanning /odm/apex for pre-installed ApexFiles
[   28.395260] apexd-bootstrap: /odm/apex does not exist. Skipping
[   28.422688] apexd-bootstrap: Scanning /vendor/apex for pre-installed ApexFiles
[   28.456639] apexd-bootstrap: Found pre-installed APEX /vendor/apex/com.android.hardware.dumpstate.apex
[   28.498432] apexd-bootstrap: Found pre-installed APEX /vendor/apex/com.android.hardware.cas.apex
[   28.537256] apexd-bootstrap: Found pre-installed APEX /vendor/apex/com.android.hardware.vibrator.apex
[   28.577853] apexd-bootstrap: Found pre-installed APEX /vendor/apex/com.android.hardware.uwb.apex
[   28.618253] apexd-bootstrap: Found pre-installed APEX /vendor/apex/com.android.hardware.contexthub.apex
[   28.665415] apexd-bootstrap: Found pre-installed APEX /vendor/apex/com.android.hardware.gatekeeper.nonsecure.apex
[   28.718602] apexd-bootstrap: Found pre-installed APEX /vendor/apex/com.google.android.widevine-13130248.apex
[   28.767340] apexd-bootstrap: Found pre-installed APEX /vendor/apex/com.android.hardware.neuralnetworks.apex
[   28.814777] apexd-bootstrap: Found pre-installed APEX /vendor/apex/com.android.hardware.threadnetwork-simulation-rcp.apex
[   28.870766] apexd-bootstrap: Found pre-installed APEX /vendor/apex/com.android.hardware.power.apex
[   28.910759] apexd-bootstrap: Found pre-installed APEX /vendor/apex/com.android.hardware.rebootescrow.apex
[   28.953419] apexd-bootstrap: Found pre-installed APEX /vendor/apex/com.android.hardware.authsecret.apex
[   28.994220] apexd-bootstrap: Found pre-installed APEX /vendor/apex/com.android.hardware.thermal.apex
[   29.044443] apexd-bootstrap: Scanning /product/apex for pre-installed ApexFiles
[   29.079339] apexd-bootstrap: /product/apex does not exist. Skipping
[   29.112158] apexd-bootstrap: Scanning /system_ext/apex for pre-installed ApexFiles
[   29.146278] apexd-bootstrap: Found pre-installed APEX /system_ext/apex/com.android.compos.apex
[   29.183761] apexd-bootstrap: Scanning /system/apex for pre-installed ApexFiles
[   29.215703] apexd-bootstrap: Found pre-installed APEX /system/apex/com.google.android.permission.apex
[   29.255115] apexd-bootstrap: Found pre-installed APEX /system/apex/com.google.android.wifi.apex
[   29.290370] apexd-bootstrap: Found pre-installed APEX /system/apex/com.google.android.mediaprovider.apex
[   29.329731] apexd-bootstrap: Found pre-installed APEX /system/apex/com.android.i18n.apex
[   29.364395] apexd-bootstrap: Found pre-installed APEX /system/apex/com.google.android.bt.apex
[   29.400018] apexd-bootstrap: Found pre-installed APEX /system/apex/com.google.android.rkpd.apex
[   29.435405] apexd-bootstrap: Found pre-installed APEX /system/apex/com.google.android.uwb.apex
[   29.472888] apexd-bootstrap: Found pre-installed APEX /system/apex/com.android.devicelock.apex
[   29.506764] apexd-bootstrap: Found pre-installed APEX /system/apex/com.android.apex.cts.shim.apex
[   29.543751] apexd-bootstrap: Found pre-installed APEX /system/apex/com.google.android.conscrypt.apex
[   29.582562] apexd-bootstrap: Found pre-installed APEX /system/apex/com.google.android.uprobestats.apex
[   29.618540] apexd-bootstrap: Found pre-installed APEX /system/apex/com.google.android.sdkext.apex
[   29.657834] apexd-bootstrap: Found pre-installed APEX /system/apex/com.android.virt.apex
[   29.693414] apexd-bootstrap: Found pre-installed APEX /system/apex/com.google.android.ipsec.apex
[   29.731461] apexd-bootstrap: Found pre-installed APEX /system/apex/com.android.runtime.apex
[   29.766635] apexd-bootstrap: Found pre-installed APEX /system/apex/com.google.android.appsearch.apex
[   29.803004] apexd-bootstrap: Found pre-installed APEX /system/apex/com.google.android.ondevicepersonalization.apex
[   29.846339] apexd-bootstrap: Found pre-installed APEX /system/apex/com.google.android.tzdata6.apex
[   29.882183] apexd-bootstrap: Found pre-installed APEX /system/apex/com.google.android.art.apex
[   29.917244] apexd-bootstrap: Found pre-installed APEX /system/apex/com.google.android.adservices.apex
[   29.952864] apexd-bootstrap: Found pre-installed APEX /system/apex/com.google.android.media.apex
[   29.987458] apexd-bootstrap: Found pre-installed APEX /system/apex/com.google.android.scheduling.apex
[   30.023144] apexd-bootstrap: Found pre-installed APEX /system/apex/com.google.android.configinfrastructure.apex
[   30.059443] apexd-bootstrap: Found pre-installed APEX /system/apex/com.google.android.os.statsd.apex
[   30.100261] apexd-bootstrap: Found pre-installed APEX /system/apex/com.google.android.healthfitness.apex
[   30.137245] apexd-bootstrap: Found pre-installed APEX /system/apex/com.google.android.neuralnetworks.apex
[   30.173222] apexd-bootstrap: Found pre-installed APEX /system/apex/com.google.android.nfcservices.apex
[   30.207496] apexd-bootstrap: Found pre-installed APEX /system/apex/com.google.android.extservices.apex
[   30.238871] apexd-bootstrap: Found pre-installed APEX /system/apex/com.google.android.crashrecovery.apex
[   30.271053] apexd-bootstrap: Found pre-installed APEX /system/apex/com.google.android.resolv.apex
[   30.307209] apexd-bootstrap: Found pre-installed APEX /system/apex/com.google.android.media.swcodec.apex
[   30.342136] apexd-bootstrap: Found pre-installed APEX /system/apex/com.google.android.cellbroadcast.apex
[   30.375360] apexd-bootstrap: Found pre-installed APEX /system/apex/com.google.android.adbd.apex
[   30.407244] apexd-bootstrap: Found pre-installed APEX /system/apex/com.google.android.profiling.apex
[   30.439407] apexd-bootstrap: Found pre-installed APEX /system/apex/com.google.android.tethering.apex
[   30.615395] apexd-bootstrap: Found bootstrap APEX /system/apex/com.android.runtime.apex
[   30.648920] apexd-bootstrap: Found bootstrap APEX /vendor/apex/com.android.hardware.gatekeeper.nonsecure.apex
[   30.693575] apexd-bootstrap: Found bootstrap APEX /system/apex/com.android.virt.apex
[   30.728022] apexd-bootstrap: Found bootstrap APEX /system/apex/com.google.android.tzdata6.apex
[   30.762439] apexd-bootstrap: Found bootstrap APEX /system/apex/com.android.i18n.apex
[   30.801523] apexd-bootstrap: Need to pre-allocate 54 loop devices
[   30.924660] apexd-bootstrap: Found 16 idle loopback devices that were pre-allocated by kernel. Allocated 38 more.
[   31.116032] loop0: detected capacity change from 0 to 9808
[   31.162008] loop1: detected capacity change from 0 to 8800
[   31.199950] EXT4-fs (loop0): mounted filesystem 7d1522e1-9dfa-5edb-a43e-98e3a4d20250 ro without journal. Quota mode: none.
[   31.258505] apexd-bootstrap: Successfully mounted package /system/apex/com.android.runtime.apex on /apex/com.android.runtime@1 duration=143
[   31.280739] loop2: detected capacity change from 0 to 174808
[   31.357487] EXT4-fs (loop1): mounted filesystem 7d1522e1-9dfa-5edb-a43e-98e3a4d20250 ro without journal. Quota mode: none.
[   31.424171] apexd-bootstrap: Successfully mounted package /vendor/apex/com.android.hardware.gatekeeper.nonsecure.apex on /apex/com.android.hardware.gatekeeper@1 duration=308
[   31.494088] loop3: detected capacity change from 0 to 1672
[   31.520401] loop4: detected capacity change from 0 to 73480
[   31.553402] EXT4-fs (loop4): mounted filesystem 7d1522e1-9dfa-5edb-a43e-98e3a4d20250 ro without journal. Quota mode: none.
[   31.614690] apexd-bootstrap: Successfully mounted package /system/apex/com.android.i18n.apex on /apex/com.android.i18n@1 duration=453
[   31.678727] EXT4-fs (loop2): mounted filesystem 7d1522e1-9dfa-5edb-a43e-98e3a4d20250 ro without journal. Quota mode: none.
[   31.687351] EXT4-fs (loop3): mounted filesystem 7d1522e1-9dfa-5edb-a43e-98e3a4d20250 ro without journal. Quota mode: none.
[   31.734792] apexd-bootstrap: Successfully mounted package /system/apex/com.android.virt.apex on /apex/com.android.virt@3 duration=613
[   31.774513] apexd-bootstrap: Successfully mounted package /system/apex/com.google.android.tzdata6.apex on /apex/com.android.tzdata@360527520 duration=613
[   31.903135] apexd-bootstrap: Activated 5 packages.
[   31.932959] SELinux: SELinux: Loaded file context from:
[   31.966603] SELinux: 		/system/etc/selinux/plat_file_contexts
[   32.016827] SELinux: 		/system_ext/etc/selinux/system_ext_file_contexts
[   32.045330] SELinux: 		/product/etc/selinux/product_file_contexts
[   32.113465] SELinux: 		/vendor/etc/selinux/vendor_file_contexts
[   32.147072] SELinux: 		/odm/etc/selinux/odm_file_contexts
[   32.181472] apexd-bootstrap: OnBootstrap done, duration=3818
[   32.287061] init: Service 'apexd-bootstrap' (pid 93) exited with status 0 waiting took 4.653000 seconds
[   32.349838] init: Sending signal 9 to service 'apexd-bootstrap' (pid 93) process group...
[   32.424035] libprocessgroup: Removed cgroup /sys/fs/cgroup/system/uid_0/pid_93
[   32.494681] init: Parsing file /apex/com.android.hardware.gatekeeper/etc/android.hardware.gatekeeper-service.nonsecure.rc...
[   32.574393] init: Parsing file /apex/com.android.virt/etc/vfio_handler.rc...
[   32.628673] init: Parsing file /apex/com.android.virt/etc/virtualizationservice.rc...
[   32.679725] init: Parsing file /apex/com.android.virt/etc/vmnic.rc...
[   32.823597] init: linkerconfig generated /linkerconfig with mounted APEX modules info
[   32.874607] init: Command 'perform_apex_config --bootstrap' action=early-init (/system/etc/init/hw/init.rc:82) took 400ms and succeeded
[   32.936374] init: processing action (early-init) from (/init.environ.rc:2)
[   32.973260] init: processing action (early-init) from (/vendor/etc/init/hw/init.ranchu.rc:11)
[   33.028640] init: Command 'setprop ro.config.low_ram ${ro.boot.config.low_ram}' action=early-init (/vendor/etc/init/hw/init.ranchu.rc:15) took 0ms and failed: property 'ro.boot.config.low_ram' doesn't exist while expanding '${ro.boot.config.low_ram}'
[   33.146134] init: Command 'setprop dalvik.vm.checkjni ${ro.boot.dalvik.vm.checkjni}' action=early-init (/vendor/etc/init/hw/init.ranchu.rc:21) took 0ms and failed: property 'ro.boot.dalvik.vm.checkjni' doesn't exist while expanding '${ro.boot.dalvik.vm.checkjni}'
[   33.299476] init: Command 'setprop debug.stagefright.ccodec ${ro.boot.debug.stagefright.ccodec}' action=early-init (/vendor/etc/init/hw/init.ranchu.rc:31) took 0ms and failed: property 'ro.boot.debug.stagefright.ccodec' doesn't exist while expanding '${ro.boot.debug.stagefright.ccodec}'
[   33.472232] init: Command 'setprop debug.sf.nobootanimation ${ro.boot.debug.sf.nobootanimation}' action=early-init (/vendor/etc/init/hw/init.ranchu.rc:32) took 0ms and failed: property 'ro.boot.debug.sf.nobootanimation' doesn't exist while expanding '${ro.boot.debug.sf.nobootanimation}'
[   33.627019] init: Command 'setprop debug.angle.feature_overrides_enabled ${ro.boot.hardware.angle_feature_overrides_enabled}' action=early-init (/vendor/etc/init/hw/init.ranchu.rc:33) took 0ms and failed: property 'ro.boot.hardware.angle_feature_overrides_enabled' doesn't exist while expanding '${ro.boot.hardware.angle_feature_overrides_enabled}'
[   33.832383] init: Command 'setprop debug.angle.feature_overrides_disabled ${ro.boot.hardware.angle_feature_overrides_disabled}' action=early-init (/vendor/etc/init/hw/init.ranchu.rc:34) took 0ms and failed: property 'ro.boot.hardware.angle_feature_overrides_disabled' doesn't exist while expanding '${ro.boot.hardware.angle_feature_overrides_disabled}'
[   34.056855] init: starting service 'vendor.dlkm_loader'...
[   34.183255] init: ... started service 'vendor.dlkm_loader' has pid 208
[   34.258338] init: Command 'start vendor.dlkm_loader' action=early-init (/vendor/etc/init/hw/init.ranchu.rc:37) took 205ms and succeeded
[   34.350332] init: starting service 'exec 1 (/system/bin/modprobe -a -d /system/lib/modules zram.ko)'...
[   34.406765] init: ... started service 'exec 1 (/system/bin/modprobe -a -d /system/lib/modules zram.ko)' has pid 209
[   34.462380] init: SVC_EXEC service 'exec 1 (/system/bin/modprobe -a -d /system/lib/modules zram.ko)' pid 209 (uid 0 gid 0+0 context u:r:modprobe:s0) started; waiting...
[   34.529583] init: Command 'exec u:r:modprobe:s0 -- /system/bin/modprobe -a -d /system/lib/modules zram.ko' action=early-init (/vendor/etc/init/hw/init.ranchu.rc:38) took 179ms and succeeded
[   34.640156] zram: Added device: zram0
[   34.657867] init: Service 'exec 1 (/system/bin/modprobe -a -d /system/lib/modules zram.ko)' (pid 209) exited with status 0 waiting took 0.253000 seconds
[   34.660103] dlkm_loader: dlkm loader successfully initialized
[   34.718646] init: Sending signal 9 to service 'exec 1 (/system/bin/modprobe -a -d /system/lib/modules zram.ko)' (pid 209) process group...
[   34.718881] libprocessgroup: Removed cgroup /sys/fs/cgroup/system/uid_0/pid_209
[   34.849691] init: processing action (ro.product.debugfs_restrictions.enabled=true && early-init) from (/system/etc/init/init-debug.rc:10)
[   34.905334] init: processing action (ro.enable.native.bridge.exec=1 && early-init) from (/system/etc/init/ndk_translation.rc:2)
[   34.956475] init: processing action (early-init) from (/system/etc/init/prng_seeder.rc:5)
[   35.000236] init: starting service 'prng_seeder'...
[   35.022112] init: Created socket '/dev/socket/prng_seeder', mode 666, user 1092, group 1092
[   35.063152] dlkm_loader: Loading module /system/lib/modules/rfkill.ko with args ''
[   35.101858] dlkm_loader: Loaded kernel module /system/lib/modules/rfkill.ko
[   35.131542] dlkm_loader: Loading module /system/lib/modules/bluetooth.ko with args ''
[   35.174145] init: ... started service 'prng_seeder' has pid 211
[   35.205036] init: Command 'start prng_seeder' action=early-init (/system/etc/init/prng_seeder.rc:6) took 204ms and succeeded
[   35.255673] init: processing action (ro.product.cpu.abilist64=* && early-init) from (/vendor/etc/boringssl_self_test.zygote64.rc:1)
[   35.308539] init: starting service 'boringssl_self_test64_vendor'...
[   35.310094] Bluetooth: Core ver 2.22
[   35.350657] NET: Registered PF_BLUETOOTH protocol family
[   35.379455] init: ... started service 'boringssl_self_test64_vendor' has pid 212
[   35.380874] Bluetooth: HCI device and connection manager initialized
[   35.412061] init: SVC_EXEC service 'boringssl_self_test64_vendor' pid 212 (uid 0 gid 0+0 context default) started; waiting...
[   35.436488] Bluetooth: HCI socket layer initialized
[   35.481442] init: Command 'exec_start boringssl_self_test64_vendor' action=ro.product.cpu.abilist64=* && early-init (/vendor/etc/boringssl_self_test.zygote64.rc:2) took 175ms and succeeded
[   35.498606] Bluetooth: L2CAP socket layer initialized
[   35.611649] Bluetooth: SCO socket layer initialized
[   35.636746] dlkm_loader: Loaded kernel module /system/lib/modules/bluetooth.ko
[   35.670519] dlkm_loader: Loading module /vendor/lib/modules/btintel.ko with args ''
[   35.709069] dlkm_loader: Loaded kernel module /vendor/lib/modules/btintel.ko
[   35.743445] init: Service 'boringssl_self_test64_vendor' (pid 212) exited with status 0 waiting took 0.404000 seconds
[   35.791690] dlkm_loader: Loading module /vendor/lib/modules/btrtl.ko with args ''
[   35.799024] init: Sending signal 9 to service 'boringssl_self_test64_vendor' (pid 212) process group...
[   35.890633] libprocessgroup: Removed cgroup /sys/fs/cgroup/system/uid_0/pid_212
[   35.927025] init: processing action (ConnectEarlyStageSnapuserd) from (<Builtin Action>:0)
[   35.927039] dlkm_loader: Loaded kernel module /vendor/lib/modules/btrtl.ko
[   35.960071] init: processing action (wait_for_coldboot_done) from (<Builtin Action>:0)
[   35.960085] init: start_waiting_for_property("ro.cold_boot_done", "true"): already set
[   35.960103] init: processing action (CheckTradeInModeStatus) from (<Builtin Action>:0)
[   35.963926] init: processing action (SetMmapRndBits) from (<Builtin Action>:0)
[   36.031360] dlkm_loader: Loading module /system/lib/modules/btbcm.ko with args ''
[   36.052006] init: processing action (KeychordInit) from (<Builtin Action>:0)
[   36.351794] init: EVIOCSMASK not supported: Invalid argument
[   36.383656] init: processing action (init) from (/system/etc/init/hw/init.rc:103)
[   36.421410] dlkm_loader: Loaded kernel module /system/lib/modules/btbcm.ko
[   36.472717] dlkm_loader: Loading module /vendor/lib/modules/btusb.ko with args ''
[   36.473748] init: Command 'write /dev/blkio/blkio.weight 1000' action=init (/system/etc/init/hw/init.rc:204) took 0ms and failed: Unable to write to file '/dev/blkio/blkio.weight': open() failed: Permission denied
[   36.638824] init: Command 'write /dev/blkio/background/blkio.weight 200' action=init (/system/etc/init/hw/init.rc:205) took 0ms and failed: Unable to write to file '/dev/blkio/background/blkio.weight': open() failed: Permission denied
[   36.640716] usbcore: registered new interface driver btusb
[   36.749830] init: Command 'write /dev/blkio/blkio.group_idle 0' action=init (/system/etc/init/hw/init.rc:207) took 0ms and failed: Unable to write to file '/dev/blkio/blkio.group_idle': open() failed: Permission denied
[   36.899104] dlkm_loader: Loaded kernel module /vendor/lib/modules/btusb.ko
[   36.899254] dlkm_loader: Loading module /vendor/lib/modules/cfg80211.ko with args ''
[   36.932635] init: Command 'write /dev/blkio/background/blkio.group_idle 0' action=init (/system/etc/init/hw/init.rc:208) took 0ms and failed: Unable to write to file '/dev/blkio/background/blkio.group_idle': open() failed: Permission denied
[   37.091774] init: Command 'write /dev/cpu_variant:${ro.bionic.arch} ${ro.bionic.cpu_variant}' action=init (/system/etc/init/hw/init.rc:421) took 0ms and failed: property 'ro.bionic.cpu_variant' doesn't exist while expanding '${ro.bionic.cpu_variant}'
[   37.224467] init: Command 'write /dev/cpu_variant:${ro.bionic.2nd_arch} ${ro.bionic.2nd_cpu_variant}' action=init (/system/etc/init/hw/init.rc:423) took 0ms and failed: property 'ro.bionic.2nd_arch' doesn't exist while expanding '/dev/cpu_variant:${ro.bionic.2nd_arch}'
[   37.314574] init: Command 'chmod 0444 /dev/cpu_variant:${ro.bionic.2nd_arch}' action=init (/system/etc/init/hw/init.rc:424) took 0ms and failed: property 'ro.bionic.2nd_arch' doesn't exist while expanding '/dev/cpu_variant:${ro.bionic.2nd_arch}'
[   37.400639] init: starting service 'logd'...
[   37.421965] init: Created socket '/dev/socket/logd', mode 666, user 1036, group 1036
[   37.462658] init: Created socket '/dev/socket/logdr', mode 666, user 1036, group 1036
[   37.506027] init: Created socket '/dev/socket/logdw', mode 222, user 1036, group 1036
[   37.593586] init: ... started service 'logd' has pid 214
[   37.632941] init: Command 'start logd' action=init (/system/etc/init/hw/init.rc:437) took 232ms and succeeded
[   37.738838] init: starting service 'lmkd'...
[   37.763045] init: Created socket '/dev/socket/lmkd', mode 660, user 1000, group 1000
[   37.841334] init: ... started service 'lmkd' has pid 215
[   37.876024] init: Command 'start lmkd' action=init (/system/etc/init/hw/init.rc:444) took 137ms and succeeded
[   37.932164] init: starting service 'servicemanager'...
[   37.985714] init: ... started service 'servicemanager' has pid 216
[   38.034182] init: Command 'start servicemanager' action=init (/system/etc/init/hw/init.rc:447) took 102ms and succeeded
[   38.112167] init: starting service 'hwservicemanager'...
[   38.181964] logd: libprocessgroup: A JoinCgroup action in the SystemMemoryProcess profile is used for controller memory in the cgroup v2 hierarchy and will be ignored
[   38.310817] servicemanager: Starting sm instance on /dev/binder
[   38.361531] SELinux: SELinux: Loaded service context from:
[   38.362879] init: ... started service 'hwservicemanager' has pid 221
[   38.390551] SELinux: 		/system/etc/selinux/plat_service_contexts
[   38.500326] SELinux: 		/system_ext/etc/selinux/system_ext_service_contexts
[   38.542066] init: Command 'start hwservicemanager' action=init (/system/etc/init/hw/init.rc:448) took 430ms and succeeded
[   38.611383] SELinux: 		/product/etc/selinux/product_service_contexts
[   38.611395] SELinux: 		/vendor/etc/selinux/vendor_service_contexts
[   38.611403] SELinux: 		/odm/etc/selinux/odm_service_contexts
[   38.735883] init: Command 'start vndservicemanager' action=init (/system/etc/init/hw/init.rc:449) took 0ms and failed: service vndservicemanager not found
[   38.825617] init: processing action (ro.debuggable=1 && init) from (/system/etc/init/hw/init.rc:1318)
[   38.875305] logd.auditd: start
[   38.891557] init: starting service 'console'...
[   38.944635] logd.klogd: 38895189901
[   38.975322] init: ... started service 'console' has pid 226
[   39.027301] cfg80211: Loading compiled-in X.509 certificates for regulatory database
[   39.065795] Loaded X.509 cert 'sforshee: 00b28ddf47aef9cea7'
[   39.068279] init: Command 'start console' action=ro.debuggable=1 && init (/system/etc/init/hw/init.rc:1319) took 176ms and succeeded
[   39.112340] Loaded X.509 cert 'wens: 61c038651aabdcf94bd0ac7ff06c7248db18c600'
[   39.179216] init: processing action (init) from (/system/etc/init/hw/init.usb.rc:28)
[   39.231967] platform regulatory.0: Direct firmware load for regulatory.db failed with error -2
[   39.301130] init: processing action (init) from (/vendor/etc/init/hw/init.ranchu.rc:40)
[   39.301782] cfg80211: failed to load regulatory.db
[   39.373645] dlkm_loader: Loaded kernel module /vendor/lib/modules/cfg80211.ko
[   39.374755] dlkm_loader: Loading module /vendor/lib/modules/dummy-cpufreq.ko with args ''
[   39.421617] logd: Loaded bug_map file: /system_ext/etc/selinux/bug_map
console:/ $ [   39.534149] init: Command 'write /sys/block/zram0/comp_algorithm lz4' action=init (/vendor/etc/init/hw/init.ranchu.rc:41) took 52ms and succeeded
[   39.534281] logd: Loaded bug_map file: /vendor/etc/selinux/selinux_denial_metadata
[   39.619905] init: starting service 'qemu-props'...
[   39.662188] dlkm_loader: Loaded kernel module /vendor/lib/modules/dummy-cpufreq.ko
[   39.720259] logd: Loaded bug_map file: /system/etc/selinux/bug_map
[   39.752384] dlkm_loader: Loading module /vendor/lib/modules/dummy_hcd.ko with args ''
[   39.891161] dummy_hcd dummy_hcd.0: USB Host+Gadget Emulator, driver 02 May 2005
[   39.927830] dummy_hcd dummy_hcd.0: Dummy host controller
[   39.949594] dummy_hcd dummy_hcd.0: new USB bus registered, assigned bus number 1
[   39.979141] usb usb1: New USB device found, idVendor=1d6b, idProduct=0002, bcdDevice= 6.06
[   40.016703] usb usb1: New USB device strings: Mfr=3, Product=2, SerialNumber=1
[   40.050183] usb usb1: Product: Dummy host controller
[   40.073625] usb usb1: Manufacturer: Linux 6.6.66-android15-8-gd0c43a640eab-ab13812146 dummy_hcd
[   40.111529] init: ... started service 'qemu-props' has pid 230
[   40.135470] usb usb1: SerialNumber: dummy_hcd.0
[   40.154765] init: Command 'start qemu-props' action=init (/vendor/etc/init/hw/init.ranchu.rc:67) took 534ms and succeeded
[   40.205353] hub 1-0:1.0: USB hub found
[   40.221396] hub 1-0:1.0: 1 port detected
[   40.244220] init: processing action (ro.product.cpu.abilist64=* && init) from (/system/etc/init/hw/init.boringssl.zygote64.rc:1)
[   40.253551] dlkm_loader: Loaded kernel module /vendor/lib/modules/dummy_hcd.ko
[   40.288091] init: starting service 'boringssl_self_test64'...
[   40.318286] dlkm_loader: Loading module /vendor/lib/modules/failover.ko with args ''
[   40.374022] dlkm_loader: Loaded kernel module /vendor/lib/modules/failover.ko
[   40.404307] dlkm_loader: Loading module /vendor/lib/modules/goldfish_address_space.ko with args ''
[   40.444918] goldfish_address_space: loading out-of-tree module taints kernel.
[   40.478518] init: ... started service 'boringssl_self_test64' has pid 233
[   40.520115] dlkm_loader: Loaded kernel module /vendor/lib/modules/goldfish_address_space.ko
[   40.521630] init: SVC_EXEC service 'boringssl_self_test64' pid 233 (uid 9999 gid 0+0 context default) started; waiting...
[   40.602773] dlkm_loader: Loading module /vendor/lib/modules/goldfish_battery.ko with args ''
[   40.603030] init: Command 'exec_start boringssl_self_test64' action=ro.product.cpu.abilist64=* && init (/system/etc/init/hw/init.boringssl.zygote64.rc:2) took 315ms and succeeded
[   40.699237] init: Service 'boringssl_self_test64' (pid 233) exited with status 0 waiting took 0.358000 seconds
[   40.736946] init: Sending signal 9 to service 'boringssl_self_test64' (pid 233) process group...
[   40.773165] dlkm_loader: Loaded kernel module /vendor/lib/modules/goldfish_battery.ko
[   40.776910] libprocessgroup: Removed cgroup /sys/fs/cgroup/system/uid_9999/pid_233
[   40.832326] dlkm_loader: Loading module /vendor/lib/modules/goldfish_pipe.ko with args ''
[   40.868953] init: processing action (init) from (/system/etc/init/audioserver.rc:66)
[   40.901534] init: processing action (init) from (/system/etc/init/perfetto.rc:162)
[   40.929322] dlkm_loader: Loaded kernel module /vendor/lib/modules/goldfish_pipe.ko
[   40.956460] dlkm_loader: Loading module /vendor/lib/modules/goldfish_sync.ko with args ''
[   40.956715] init: processing action (late-init) from (/system/etc/init/hw/init.rc:501)
[   41.016778] init: processing action (late-init) from (/system/etc/init/atrace.rc:3)
[   41.048334] dlkm_loader: Loaded kernel module /vendor/lib/modules/goldfish_sync.ko
[   41.053391] dlkm_loader: Loading module /system/lib/modules/can-dev.ko with args ''
[   41.119955] CAN device driver interface
[   41.120241] init: processing action (ro.boot.fastboot.boottrace= && late-init) from (/system/etc/init/atrace.rc:315)
[   41.177755] dlkm_loader: Loaded kernel module /system/lib/modules/can-dev.ko
[   41.184308] init: processing action (queue_property_triggers) from (<Builtin Action>:0)
[   41.208775] dlkm_loader: Loading module /vendor/lib/modules/gs_usb.ko with args ''
[   41.242090] init: processing action (early-fs) from (/system/etc/init/hw/init.rc:535)
[   41.306906] init: starting service 'vold'...
[   41.326427] usbcore: registered new interface driver gs_usb
[   41.350003] dlkm_loader: Loaded kernel module /vendor/lib/modules/gs_usb.ko
[   41.381349] dlkm_loader: Loading module /vendor/lib/modules/hci_vhci.ko with args ''
[   41.419161] dlkm_loader: Loaded kernel module /vendor/lib/modules/hci_vhci.ko
[   41.425067] init: ... started service 'vold' has pid 235
[   41.468284] init: Command 'start vold' action=early-fs (/system/etc/init/hw/init.rc:537) took 161ms and succeeded
[   41.468606] dlkm_loader: Loading module /system/lib/modules/libarc4.ko with args ''
[   41.511827] init: processing action (early-fs) from (/vendor/etc/init/hw/init.ranchu.rc:1)
[   41.583336] init: service 'vold' requested start, but it is already running (flags: 2052)
[   41.620211] init: processing action (fs) from (/vendor/etc/init/hw/init.ranchu.rc:4)
[   41.654527] dlkm_loader: Loaded kernel module /system/lib/modules/libarc4.ko
[   41.684354] dlkm_loader: Loading module /vendor/lib/modules/mac80211.ko with args ''
[   41.684379] init: processing action (fs) from (/system/etc/init/logd.rc:29)
[   41.746547] init: processing action (fs) from (/system/etc/init/wifi.rc:25)
[   41.775117] init: processing action (post-fs) from (/system/etc/init/hw/init.rc:539)
[   41.806917] init: starting service 'exec 2 (/system/bin/vdc checkpoint markBootAttempt)'...
[   41.862751] init: ... started service 'exec 2 (/system/bin/vdc checkpoint markBootAttempt)' has pid 236
[   41.901271] init: SVC_EXEC service 'exec 2 (/system/bin/vdc checkpoint markBootAttempt)' pid 236 (uid 1000 gid 1000+0 context default) started; waiting...
[   41.955630] init: Command 'exec - system system -- /system/bin/vdc checkpoint markBootAttempt' action=post-fs (/system/etc/init/hw/init.rc:540) took 149ms and succeeded
[   42.036085] cutils-trace: Error opening trace file: Permission denied (13)
[   42.159003] dlkm_loader: Loaded kernel module /vendor/lib/modules/mac80211.ko
[   42.198346] dlkm_loader: Loading module /vendor/lib/modules/mac80211_hwsim.ko with args 'radios=0
[   42.279686] dlkm_loader: '
[   42.315412] mac80211_hwsim: initializing netlink
[   42.343116] dlkm_loader: Loaded kernel module /vendor/lib/modules/mac80211_hwsim.ko
[   42.372039] dlkm_loader: Loading module /vendor/lib/modules/mt76.ko with args ''
[   42.412309] vold: Thread Pool max thread count is 0. Cannot cache binder as linkToDeath cannot be implemented. serviceName: vold
[   42.466329] servicemanager: getDeviceHalManifest: Reading VINTF information.
[   42.501889] dlkm_loader: Loaded kernel module /vendor/lib/modules/mt76.ko
[   42.501942] dlkm_loader: Loading module /vendor/lib/modules/mt76-usb.ko with args ''
[   42.566117] servicemanager: Loaded APEX Infos from /bootstrap-apex/apex-info-list.xml
[   42.570452] init: Service 'exec 2 (/system/bin/vdc checkpoint markBootAttempt)' (pid 236) exited with status 0 waiting took 0.726000 seconds
[   42.601815] servicemanager: Loaded APEX Infos from /bootstrap-apex/apex-info-list.xml
[   42.687426] servicemanager: getDeviceHalManifest: Successfully processed VINTF information
[   42.722822] servicemanager: getFrameworkHalManifest: Reading VINTF information.
[   42.753274] init: Sending signal 9 to service 'exec 2 (/system/bin/vdc checkpoint markBootAttempt)' (pid 236) process group...
[   42.753850] libprocessgroup: Removed cgroup /sys/fs/cgroup/system/uid_1000/pid_236
[   42.801624] servicemanager: Loaded APEX Infos from /bootstrap-apex/apex-info-list.xml
[   42.860831] servicemanager: getFrameworkHalManifest: Successfully processed VINTF information
[   42.897138] dlkm_loader: Loaded kernel module /vendor/lib/modules/mt76-usb.ko
[   42.900706] init: Command 'chown system cache /cache' action=post-fs (/system/etc/init/hw/init.rc:555) took 0ms and failed: lchown() failed: Read-only file system
[   42.928332] dlkm_loader: Loading module /vendor/lib/modules/mt76x02-lib.ko with args ''
[   42.986089] servicemanager: Caller(pid=235,uid=0,sid=u:r:vold:s0) Found android.system.vold.IVold/default in framework VINTF manifest.
[   43.072556] init: Command 'chmod 0770 /cache' action=post-fs (/system/etc/init/hw/init.rc:556) took 0ms and failed: fchmodat() failed: Read-only file system
[   43.072876] servicemanager: Caller(pid=235,uid=0,sid=u:r:vold:s0) Found android.system.vold.IVold/default in framework VINTF manifest.
[   43.195320] dlkm_loader: Loaded kernel module /vendor/lib/modules/mt76x02-lib.ko
[   43.235405] selinux: SELinux:  setxattr failed: /cache:  Read-only file system
[   43.257528] dlkm_loader: Loading module /vendor/lib/modules/mt76x0-common.ko with args ''
[   43.330952] init: Command 'restorecon_recursive /cache' action=post-fs (/system/etc/init/hw/init.rc:558) took 95ms and succeeded
[   43.391060] init: Command 'mkdir /cache/recovery 0770 system cache' action=post-fs (/system/etc/init/hw/init.rc:562) took 0ms and failed: mkdir() failed on /cache/recovery: Read-only file system
[   43.496672] init: Command 'mkdir /cache/backup_stage 0700 system system' action=post-fs (/system/etc/init/hw/init.rc:565) took 0ms and failed: mkdir() failed on /cache/backup_stage: Read-only file system
[   43.603920] init: Command 'mkdir /cache/backup 0700 system system' action=post-fs (/system/etc/init/hw/init.rc:566) took 0ms and failed: mkdir() failed on /cache/backup: Read-only file system
[   43.708636] dlkm_loader: Loaded kernel module /vendor/lib/modules/mt76x0-common.ko
[   43.715610] init: Command 'mkdir /cache/lost+found 0770 root root' action=post-fs (/system/etc/init/hw/init.rc:593) took 0ms and failed: mkdir() failed on /cache/lost+found: Read-only file system
[   43.748942] dlkm_loader: Loading module /vendor/lib/modules/mt76x02-usb.ko with args ''
[   43.840679] selinux: SELinux: Skipping restorecon on directory(/metadata)
[   43.918120] init: Command 'restorecon_recursive /metadata' action=post-fs (/system/etc/init/hw/init.rc:595) took 82ms and succeeded
[   43.979513] dlkm_loader: Loaded kernel module /vendor/lib/modules/mt76x02-usb.ko
[   43.993284] selinux: SELinux: Skipping restorecon on directory(/metadata/apex)
[   44.017121] dlkm_loader: Loading module /vendor/lib/modules/mt76x0u.ko with args ''
[   44.062077] init: Command 'restorecon_recursive /metadata/apex' action=post-fs (/system/etc/init/hw/init.rc:613) took 75ms and succeeded
[   44.062267] init: processing action (post-fs) from (/system/etc/init/aconfigd.rc:26)
[   44.244841] init: starting service 'system_aconfigd_platform_init'...
[   44.270995] usbcore: registered new interface driver mt76x0u
[   44.301356] dlkm_loader: Loaded kernel module /vendor/lib/modules/mt76x0u.ko
[   44.329422] dlkm_loader: Loading module /vendor/lib/modules/mt76x2-common.ko with args ''
[   44.369514] init: ... started service 'system_aconfigd_platform_init' has pid 241
[   44.404497] dlkm_loader: Loaded kernel module /vendor/lib/modules/mt76x2-common.ko
[   44.404798] init: SVC_EXEC service 'system_aconfigd_platform_init' pid 241 (uid 1000 gid 1000+0 context default) started; waiting...
[   44.443793] dlkm_loader: Loading module /vendor/lib/modules/mt76x2u.ko with args ''
[   44.497082] init: Command 'exec_start system_aconfigd_platform_init' action=post-fs (/system/etc/init/aconfigd.rc:31) took 252ms and succeeded
[   44.604927] usbcore: registered new interface driver mt76x2u
[   44.636304] dlkm_loader: Loaded kernel module /vendor/lib/modules/mt76x2u.ko
[   44.674809] dlkm_loader: Loading module /vendor/lib/modules/nd_virtio.ko with args ''
[   44.717848] dlkm_loader: Loaded kernel module /vendor/lib/modules/nd_virtio.ko
[   44.754515] dlkm_loader: Loading module /vendor/lib/modules/net_failover.ko with args ''
[   44.800056] dlkm_loader: Loaded kernel module /vendor/lib/modules/net_failover.ko
[   44.831428] dlkm_loader: Loading module /vendor/lib/modules/pulse8-cec.ko with args ''
[   44.872720] dlkm_loader: Loaded kernel module /vendor/lib/modules/pulse8-cec.ko
[   44.901028] dlkm_loader: Loading module /vendor/lib/modules/rtc-test.ko with args ''
[   44.941992] rtc-test rtc-test.0: registered as rtc1
[   44.962704] rtc-test rtc-test.1: registered as rtc2
[   44.987458] rtc-test rtc-test.2: registered as rtc3
[   45.010863] dlkm_loader: Loaded kernel module /vendor/lib/modules/rtc-test.ko
[   45.042815] dlkm_loader: module snd_aloop is blocklisted
[   45.070169] dlkm_loader: LoadWithAliases was unable to load snd_aloop, tried: snd_aloop
[   45.113137] dlkm_loader: Loading module /vendor/lib/modules/system_heap.ko with args ''
[   45.161430] dlkm_loader: Loaded kernel module /vendor/lib/modules/system_heap.ko
[   45.196051] dlkm_loader: Loading module /vendor/lib/modules/test_meminit.ko with args ''
[   45.238222] init: Service 'system_aconfigd_platform_init' (pid 241) exited with status 0 waiting took 0.956000 seconds
[   45.284709] init: Sending signal 9 to service 'system_aconfigd_platform_init' (pid 241) process group...
[   45.329163] libprocessgroup: Removed cgroup /sys/fs/cgroup/system/uid_1000/pid_241
[   45.365575] init: processing action (post-fs) from (/system/etc/init/atrace_userdebug.rc:7)
[   45.389475] test_meminit: all 11 tests in test_pages passed
[   45.402474] init: processing action (post-fs) from (/system/etc/init/gsid.rc:8)
[   45.433269] test_meminit: all 40 tests in test_kvmalloc passed
[   45.462723] init: processing action (post-fs) from (/system/etc/init/recovery-refresh.rc:1)
[   45.528574] init: starting service 'exec 3 (/system/bin/recovery-refresh)'...
[   45.582844] init: ... started service 'exec 3 (/system/bin/recovery-refresh)' has pid 242
[   45.638904] init: Command 'exec_background - system log -- /system/bin/recovery-refresh' action=post-fs (/system/etc/init/recovery-refresh.rc:2) took 110ms and succeeded
[   45.708673] init: Service 'exec 3 (/system/bin/recovery-refresh)' (pid 242) exited with status 254 oneshot service took 0.144000 seconds in background
[   45.777322] init: Sending signal 9 to service 'exec 3 (/system/bin/recovery-refresh)' (pid 242) process group...
[   45.784821] test_meminit: all 70 tests in test_kmemcache passed
[   45.827231] libprocessgroup: Removed cgroup /sys/fs/cgroup/system/uid_1000/pid_242
[   45.864671] test_meminit: all 10 tests in test_rcu_persistent passed
[   45.903922] init: processing action (late-fs) from (/system/etc/init/hw/init.rc:617)
[   45.953951] test_meminit: all 131 tests passed!
[   46.019517] dlkm_loader: Loaded kernel module /vendor/lib/modules/test_meminit.ko
[   46.020240] dlkm_loader: Loading module /vendor/lib/modules/usbip-core.ko with args ''
[   46.062297] init: starting service 'system_suspend'...
[   46.252146] dlkm_loader: Loaded kernel module /vendor/lib/modules/usbip-core.ko
[   46.316901] dlkm_loader: Loading module /vendor/lib/modules/v4l2loopback.ko with args ''
[   46.368184] v4l2loopback driver version 0.12.7 loaded
[   46.400314] dlkm_loader: Loaded kernel module /vendor/lib/modules/v4l2loopback.ko
[   46.442975] init: ... started service 'system_suspend' has pid 245
[   46.443204] dlkm_loader: Loading module /vendor/lib/modules/vhci-hcd.ko with args ''
[   46.472975] init: starting service 'keystore2'...
[   46.555227] servicemanager: Caller(pid=245,uid=1000,sid=u:r:system_suspend:s0) Found android.system.suspend.ISystemSuspend/default in framework VINTF manifest.
[   46.686369] vhci_hcd vhci_hcd.0: USB/IP Virtual Host Controller
[   46.737155] vhci_hcd vhci_hcd.0: new USB bus registered, assigned bus number 2
[   46.812054] vhci_hcd: created sysfs vhci_hcd.0
[   46.843105] usb usb2: New USB device found, idVendor=1d6b, idProduct=0002, bcdDevice= 6.06
[   46.897290] usb usb2: New USB device strings: Mfr=3, Product=2, SerialNumber=1
[   46.897367] init: ... started service 'keystore2' has pid 248
[   46.938691] usb usb2: Product: USB/IP Virtual Host Controller
[   46.938696] usb usb2: Manufacturer: Linux 6.6.66-android15-8-gd0c43a640eab-ab13812146 vhci_hcd
[   46.938698] usb usb2: SerialNumber: vhci_hcd.0
[   46.940145] hub 2-0:1.0: USB hub found
[   46.974083] init: starting service 'vendor.keymint-default'...
[   47.004636] hub 2-0:1.0: 8 ports detected
[   47.126341] vhci_hcd vhci_hcd.0: USB/IP Virtual Host Controller
[   47.156328] vhci_hcd vhci_hcd.0: new USB bus registered, assigned bus number 3
[   47.197391] usb usb3: We don't know the algorithms for LPM for this host, disabling LPM.
[   47.205033] init: ... started service 'vendor.keymint-default' has pid 249
[   47.244320] usb usb3: New USB device found, idVendor=1d6b, idProduct=0003, bcdDevice= 6.06
[   47.305154] init: starting service 'vendor.gatekeeper_nonsecure'...
[   47.325854] usb usb3: New USB device strings: Mfr=3, Product=2, SerialNumber=1
[   47.401993] usb usb3: Product: USB/IP Virtual Host Controller
[   47.440289] usb usb3: Manufacturer: Linux 6.6.66-android15-8-gd0c43a640eab-ab13812146 vhci_hcd
[   47.528845] usb usb3: SerialNumber: vhci_hcd.0
[   47.571849] hub 3-0:1.0: USB hub found
[   47.605052] hub 3-0:1.0: 8 ports detected
[   47.630311] init: ... started service 'vendor.gatekeeper_nonsecure' has pid 250
[   47.673192] init: Command 'class_start early_hal' action=late-fs (/system/etc/init/hw/init.rc:624) took 1616ms and succeeded
[   47.681788] dlkm_loader: Loaded kernel module /vendor/lib/modules/vhci-hcd.ko
[   47.735568] init: processing action (late-fs) from (/system/etc/init/hw/init.rc:631)
[   47.814041] init: Command 'setprop bootreceiver.enable ${bootreceiver.enable:-1}' action=late-fs (/system/etc/init/hw/init.rc:633) took 78ms and succeeded
[   47.828582] dlkm_loader: Loading module /vendor/lib/modules/virt_wifi.ko with args ''
[   47.900696] init: processing action (late-fs) from (/vendor/etc/init/hw/init.ranchu.rc:7)
[   48.005328] init: [libfs_mgr] Invalid ext4 superblock on '/dev/block/vdc'
[   48.048266] init: [libfs_mgr] mount_with_alternatives(): skipping mount due to invalid magic, mountpoint=/data blk_dev=/dev/block/vdc rec[9].fs_type=ext4
[   48.123590] dlkm_loader: Loaded kernel module /vendor/lib/modules/virt_wifi.ko
[   48.173175] init: Calling: /system/bin/vdc cryptfs mountFstab /dev/block/vdc /data false 
[   48.189326] dlkm_loader: Loading module /vendor/lib/modules/virtio-gpu.ko with args ''
[   48.284921] dlkm_loader: Loaded kernel module /vendor/lib/modules/virtio-gpu.ko
[   48.329588] dlkm_loader: Loading module /vendor/lib/modules/virtio-media.ko with args ''
[   48.368368] vdc: Thread Pool max thread count is 0. Cannot cache binder as linkToDeath cannot be implemented. serviceName: vold
[   48.445362] servicemanager: Caller(pid=235,uid=0,sid=u:r:vold:s0) Since 'android.system.keystore2.IKeystoreService/default' could not be found trying to start it as a lazy AIDL service. (if it's not configured to be a lazy service, it may be stuck starting or still starting).
[   48.546498] servicemanager: Caller(pid=249,uid=9999,sid=u:r:hal_keymint_default:s0) Found android.hardware.security.keymint.IKeyMintDevice/default in device VINTF manifest.
[   48.611557] dlkm_loader: Loaded kernel module /vendor/lib/modules/virtio-media.ko
[   48.613263] dlkm_loader: Loading module /vendor/lib/modules/virtio_input.ko with args ''
[   48.685799] servicemanager: Caller(pid=249,uid=9999,sid=u:r:hal_keymint_default:s0) Found android.hardware.security.secureclock.ISecureClock/default in device VINTF manifest.
[   48.753058] servicemanager: Caller(pid=249,uid=9999,sid=u:r:hal_keymint_default:s0) Found android.hardware.security.sharedsecret.ISharedSecret/default in device VINTF manifest.
[   48.813264] servicemanager: Caller(pid=249,uid=9999,sid=u:r:hal_keymint_default:s0) Found android.hardware.security.keymint.IRemotelyProvisionedComponent/default in device VINTF manifest.
[   48.897257] input: virtio_input_multi_touch_1 as /devices/pci0000:00/0000:00:0d.0/virtio10/input/input3
[   48.954549] input: virtio_input_multi_touch_2 as /devices/pci0000:00/0000:00:0e.0/virtio11/input/input4
[   49.008797] input: virtio_input_multi_touch_3 as /devices/pci0000:00/0000:00:0f.0/virtio12/input/input5
[   49.052695] input: virtio_input_multi_touch_4 as /devices/pci0000:00/0000:00:10.0/virtio13/input/input6
[   49.093059] servicemanager: Caller(pid=248,uid=1017,sid=u:r:keystore:s0) Found android.system.keystore2.IKeystoreService/default in framework VINTF manifest.
[   49.155043] BpBinder: onLastStrongRef automatically unlinking death recipients: 
[   49.157647] input: virtio_input_multi_touch_5 as /devices/pci0000:00/0000:00:11.0/virtio14/input/input7
[   49.187306] servicemanager: Caller(pid=250,uid=1000,sid=u:r:hal_gatekeeper_default:s0) Found android.hardware.security.sharedsecret.ISharedSecret/gatekeeper in device VINTF manifest.
[   49.299248] servicemanager: Caller(pid=250,uid=1000,sid=u:r:hal_gatekeeper_default:s0) Found android.hardware.gatekeeper.IGatekeeper/default in device VINTF manifest.
[   49.342209] input: virtio_input_multi_touch_6 as /devices/pci0000:00/0000:00:12.0/virtio15/input/input8
[   49.411288] input: virtio_input_multi_touch_7 as /devices/pci0000:00/0000:00:13.0/virtio16/input/input9
[   49.453807] servicemanager: Caller(pid=235,uid=0,sid=u:r:vold:s0) Could not find android.hardware.boot.IBootControl/default in the VINTF manifest. No alternative instances declared in VINTF.
[   49.522651] vold: Error getting bootctrl v1.0 module.
[   49.544932] input: virtio_input_multi_touch_8 as /devices/pci0000:00/0000:00:14.0/virtio17/input/input10
[   49.584149] EXT4-fs (dm-55): Using encoding defined by superblock: utf8-12.1.0 with flags 0x0
[   49.619322] input: virtio_input_multi_touch_9 as /devices/pci0000:00/0000:00:15.0/virtio18/input/input11
[   49.667801] input: virtio_input_multi_touch_10 as /devices/pci0000:00/0000:00:16.0/virtio19/input/input12
[   49.714241] input: virtio_input_multi_touch_11 as /devices/pci0000:00/0000:00:17.0/virtio20/input/input13
[   49.745335] dlkm_loader: Loaded kernel module /vendor/lib/modules/virtio_input.ko
[   49.771642] dlkm_loader: Loading module /vendor/lib/modules/virtio_net.ko with args ''
[   49.812992] dlkm_loader: Loaded kernel module /vendor/lib/modules/virtio_net.ko
[   49.840408] dlkm_loader: Loading module /vendor/lib/modules/virtio_pmem.ko with args ''
[   49.877227] dlkm_loader: Loaded kernel module /vendor/lib/modules/virtio_pmem.ko
[   49.906089] dlkm_loader: Loading module /vendor/lib/modules/virtio_snd.ko with args ''
[   49.968722] dlkm_loader: Loaded kernel module /vendor/lib/modules/virtio_snd.ko
[   50.004866] dlkm_loader: module vkms is blocklisted
[   50.025880] dlkm_loader: LoadWithAliases was unable to load vkms, tried: vkms
[   50.069110] dlkm_loader: module load count is 44
[   51.248916] EXT4-fs (dm-55): recovery complete
[   51.271794] EXT4-fs (dm-55): mounted filesystem 57f8f4bc-abf4-655f-bf67-946fc0f9f25b r/w with ordered data mode. Quota mode: journalled.
[   51.404118] EXT4-fs (dm-55): unmounting filesystem 57f8f4bc-abf4-655f-bf67-946fc0f9f25b.
[   51.499672] e2fsck: e2fsck 1.46.6 (1-Feb-2023)
[   51.536304] e2fsck: Pass 1: Checking inodes, blocks, and sizes
[   51.678290] e2fsck: Pass 2: Checking directory structure
[   51.759008] e2fsck: Pass 3: Checking directory connectivity
[   51.800811] e2fsck: Pass 4: Checking reference counts
[   51.828223] e2fsck: Pass 5: Checking group summary information
[   51.864191] e2fsck: /dev/block/mapper/userdata: 162/655360 files (1.2% non-contiguous), 97255/2621440 blocks
[   51.931056] EXT4-fs: Ignoring removed nomblk_io_submit option
[   51.963098] EXT4-fs (dm-55): Using encoding defined by superblock: utf8-12.1.0 with flags 0x0
[   52.013583] EXT4-fs (dm-55): mounted filesystem 57f8f4bc-abf4-655f-bf67-946fc0f9f25b r/w with ordered data mode. Quota mode: journalled.
[   52.091610] init: Command 'mount_all /vendor/etc/fstab.ranchu --late' action=late-fs (/vendor/etc/init/hw/init.ranchu.rc:9) took 4088ms and succeeded
[   52.160585] init: Service 'vendor.dlkm_loader' (pid 208) exited with status 0 oneshot service took 18.034000 seconds in background
[   52.269531] init: Sending signal 9 to service 'vendor.dlkm_loader' (pid 208) process group...
[   52.387773] libprocessgroup: Removed cgroup /sys/fs/cgroup/system/uid_0/pid_208
[   52.923831] init: Control message: Could not find 'aidl/android.system.keystore2.IKeystoreService/default' for ctl.interface_start from pid: 216 (/system/bin/servicemanager)
[   53.030148] servicemanager: Caller(pid=235,uid=0,sid=u:r:vold:s0) Tried to start aidl service android.system.keystore2.IKeystoreService/default as a lazy service, but was unable to. Usually this happens when a service is not installed, but if the service is intended to be used as a lazy service, then it may be configured incorrectly.
[   53.178823] init: processing action (post-fs-data) from (/system/etc/init/hw/init.rc:645)
[   53.235262] init: starting service 'exec 4 (/system/bin/vdc checkpoint prepareCheckpoint)'...
[   53.306929] init: ... started service 'exec 4 (/system/bin/vdc checkpoint prepareCheckpoint)' has pid 273
[   53.370854] init: SVC_EXEC service 'exec 4 (/system/bin/vdc checkpoint prepareCheckpoint)' pid 273 (uid 1000 gid 1000+0 context default) started; waiting...
[   53.443960] init: Command 'exec - system system -- /system/bin/vdc checkpoint prepareCheckpoint' action=post-fs-data (/system/etc/init/hw/init.rc:648) took 208ms and succeeded
[   53.546793] init: Service 'exec 4 (/system/bin/vdc checkpoint prepareCheckpoint)' (pid 273) exited with status 0 waiting took 0.254000 seconds
[   53.639086] init: Sending signal 9 to service 'exec 4 (/system/bin/vdc checkpoint prepareCheckpoint)' (pid 273) process group...
[   53.693971] libprocessgroup: Removed cgroup /sys/fs/cgroup/system/uid_1000/pid_273
[   53.736728] init: starting service 'exec 5 (/system/bin/vdc --wait cryptfs enablefilecrypto)'...
[   53.803143] init: ... started service 'exec 5 (/system/bin/vdc --wait cryptfs enablefilecrypto)' has pid 274
[   53.828459] vdc: Thread Pool max thread count is 0. Cannot cache binder as linkToDeath cannot be implemented. serviceName: vold
[   53.849394] init: SVC_EXEC service 'exec 5 (/system/bin/vdc --wait cryptfs enablefilecrypto)' pid 274 (uid 0 gid 0+0 context default) started; waiting...
[   53.981405] init: Command 'installkey /data' action=post-fs-data (/system/etc/init/hw/init.rc:657) took 245ms and succeeded
[   54.054806] init: Service 'exec 5 (/system/bin/vdc --wait cryptfs enablefilecrypto)' (pid 274) exited with status 0 waiting took 0.268000 seconds
[   54.132972] init: Sending signal 9 to service 'exec 5 (/system/bin/vdc --wait cryptfs enablefilecrypto)' (pid 274) process group...
[   54.193300] libprocessgroup: Removed cgroup /sys/fs/cgroup/system/uid_0/pid_274
[   54.231760] init: Verified that /data/bootchart has the encryption policy d506e2f62f1a7ee0a7bb67bd88421a9d v2 modes 1/4 flags 0x2
[   54.298442] init: Command 'mkdir /data/bootchart 0755 shell shell encryption=Require' action=post-fs-data (/system/etc/init/hw/init.rc:661) took 67ms and succeeded
[   54.365893] fscrypt: AES-256-CTS-CBC using implementation "cts-cbc-aes-aesni"
[   54.398911] init: Command 'copy /data/system/entropy.dat /dev/urandom' action=post-fs-data (/system/etc/init/hw/init.rc:665) took 1ms and failed: Could not read input file '/data/system/entropy.dat': open() failed: No such file or directory
[   54.494794] init: Verified that /data/vendor has the encryption policy d506e2f62f1a7ee0a7bb67bd88421a9d v2 modes 1/4 flags 0x2
[   54.542756] init: Verified that /data/anr has the encryption policy d506e2f62f1a7ee0a7bb67bd88421a9d v2 modes 1/4 flags 0x2
[   54.597740] init: Command 'mkdir /data/anr 0775 system system encryption=Require' action=post-fs-data (/system/etc/init/hw/init.rc:671) took 55ms and succeeded
[   54.659375] init: Verified that /data/tombstones has the encryption policy d506e2f62f1a7ee0a7bb67bd88421a9d v2 modes 1/4 flags 0x2
[   54.710885] init: Command 'mkdir /data/tombstones 0775 system system encryption=Require' action=post-fs-data (/system/etc/init/hw/init.rc:672) took 52ms and succeeded
[   54.770759] init: starting service 'tombstoned'...
[   54.790705] init: Created socket '/dev/socket/tombstoned_crash', mode 666, user 1000, group 1000
[   54.826977] init: Created socket '/dev/socket/tombstoned_intercept', mode 666, user 1000, group 1000
[   54.863398] init: Created socket '/dev/socket/tombstoned_java_trace', mode 666, user 1000, group 1000
[   54.919325] init: ... started service 'tombstoned' has pid 277
[   54.943852] init: Command 'start tombstoned' action=post-fs-data (/system/etc/init/hw/init.rc:675) took 173ms and succeeded
[   54.988762] init: Switched to default mount namespace
[   55.011436] init: Verified that /data/misc has the encryption policy d506e2f62f1a7ee0a7bb67bd88421a9d v2 modes 1/4 flags 0x2
[   55.052864] init: starting service 'exec 6 (/system/bin/vdc keymaster earlyBootEnded)'...
[   55.090853] init: ... started service 'exec 6 (/system/bin/vdc keymaster earlyBootEnded)' has pid 278
[   55.138359] init: SVC_EXEC service 'exec 6 (/system/bin/vdc keymaster earlyBootEnded)' pid 278 (uid 1000 gid 1000+0 context default) started; waiting...
[   55.203104] init: Command 'exec - system system -- /system/bin/vdc keymaster earlyBootEnded' action=post-fs-data (/system/etc/init/hw/init.rc:697) took 150ms and succeeded
[   55.284739] fscrypt: AES-256-XTS using implementation "xts-aes-aesni"
[   55.332639] init: Service 'exec 6 (/system/bin/vdc keymaster earlyBootEnded)' (pid 278) exited with status 0 waiting took 0.242000 seconds
[   55.385332] init: Sending signal 9 to service 'exec 6 (/system/bin/vdc keymaster earlyBootEnded)' (pid 278) process group...
[   55.433062] libprocessgroup: Removed cgroup /sys/fs/cgroup/system/uid_1000/pid_278
[   55.467166] init: Verified that /data/property has the encryption policy d506e2f62f1a7ee0a7bb67bd88421a9d v2 modes 1/4 flags 0x2
[   55.519635] init: Wait for property 'ro.persistent_properties.ready=true' took 3ms
[   55.549266] init: service 'logd' requested start, but it is already running (flags: 4)
[   55.578436] init: starting service 'logd-reinit'...
[   55.626351] init: ... started service 'logd-reinit' has pid 281
[   55.654360] init: Command 'start logd-reinit' action=post-fs-data (/system/etc/init/hw/init.rc:707) took 76ms and succeeded
[   55.658349] logd: logd reinit
[   55.699984] init: Not setting encryption policy on: /data/apex
[   55.720522] logd: Cannot read /data/misc/logd/event-log-tags
[   55.746278] init: Verified that /data/apex/decompressed has the encryption policy d506e2f62f1a7ee0a7bb67bd88421a9d v2 modes 1/4 flags 0x2
[   55.760177] logd: FrameworkListener: read() failed (Connection reset by peer)
[   55.804345] init: Command 'mkdir /data/apex/decompressed 0755 root system encryption=Require' action=post-fs-data (/system/etc/init/hw/init.rc:729) took 60ms and succeeded
[   55.889392] init: Service 'logd-reinit' (pid 281) exited with status 0 oneshot service took 0.290000 seconds in background
[   55.941198] init: Sending signal 9 to service 'logd-reinit' (pid 281) process group...
[   55.971699] libprocessgroup: Removed cgroup /sys/fs/cgroup/system/uid_1036/pid_281
[   56.001487] init: Verified that /data/app-staging has the encryption policy d506e2f62f1a7ee0a7bb67bd88421a9d v2 modes 1/4 flags 0x2
[   56.050474] init: Verified that /data/apex/ota_reserved has the encryption policy d506e2f62f1a7ee0a7bb67bd88421a9d v2 modes 1/4 flags 0x2
[   56.100962] init: Command 'mkdir /data/apex/ota_reserved 0700 root system encryption=Require' action=post-fs-data (/system/etc/init/hw/init.rc:731) took 51ms and succeeded
[   56.162284] init: starting service 'apexd'...
[   56.191366] init: ... started service 'apexd' has pid 282
[   56.238428] init: Verified that /data/local has the encryption policy d506e2f62f1a7ee0a7bb67bd88421a9d v2 modes 1/4 flags 0x2
[   56.265200] apexd: Started. subcommand = (null)
[   56.290588] init: Command 'mkdir /data/local 0751 root root encryption=Require' action=post-fs-data (/system/etc/init/hw/init.rc:783) took 53ms and succeeded
[   56.298894] apexd: Thread Pool max thread count is 0. Cannot cache binder as linkToDeath cannot be implemented. serviceName: vold
[   56.398879] apexd: Scanning /odm/apex for pre-installed ApexFiles
[   56.424290] apexd: /odm/apex does not exist. Skipping
[   56.441455] init: starting service 'exec 7 (/bin/rm -rf /data/misc/virtualizationservice)'...
[   56.449997] apexd: Scanning /vendor/apex for pre-installed ApexFiles
[   56.506273] apexd: Found pre-installed APEX /vendor/apex/com.android.hardware.dumpstate.apex
[   56.541937] apexd: Found pre-installed APEX /vendor/apex/com.android.hardware.cas.apex
[   56.572721] apexd: Found pre-installed APEX /vendor/apex/com.android.hardware.vibrator.apex
[   56.584400] init: ... started service 'exec 7 (/bin/rm -rf /data/misc/virtualizationservice)' has pid 284
[   56.605828] apexd: Found pre-installed APEX /vendor/apex/com.android.hardware.uwb.apex
[   56.647729] init: SVC_EXEC service 'exec 7 (/bin/rm -rf /data/misc/virtualizationservice)' pid 284 (uid 1081 gid 1000+0 context default) started; waiting...
[   56.683020] apexd: Found pre-installed APEX /vendor/apex/com.android.hardware.contexthub.apex
[   56.728506] init: Command 'exec - virtualizationservice system -- /bin/rm -rf /data/misc/virtualizationservice' action=post-fs-data (/system/etc/init/hw/init.rc:823) took 287ms and succeeded
[   56.756632] apexd: Found pre-installed APEX /vendor/apex/com.android.hardware.gatekeeper.nonsecure.apex
[   56.756638] apexd: Found pre-installed APEX /vendor/apex/com.google.android.widevine-13130248.apex
[   56.756641] apexd: Found pre-installed APEX /vendor/apex/com.android.hardware.neuralnetworks.apex
[   56.756645] apexd: Found pre-installed APEX /vendor/apex/com.android.hardware.threadnetwork-simulation-rcp.apex
[   56.756666] apexd: Found pre-installed APEX /vendor/apex/com.android.hardware.power.apex
[   56.756669] apexd: Found pre-installed APEX /vendor/apex/com.android.hardware.rebootescrow.apex
[   56.756671] apexd: Found pre-installed APEX /vendor/apex/com.android.hardware.authsecret.apex
[   56.756673] apexd: Found pre-installed APEX /vendor/apex/com.android.hardware.thermal.apex
[   56.756676] apexd: Scanning /product/apex for pre-installed ApexFiles
[   56.756692] apexd: /product/apex does not exist. Skipping
[   56.756694] apexd: Scanning /system_ext/apex for pre-installed ApexFiles
[   56.756741] apexd: Found pre-installed APEX /system_ext/apex/com.android.compos.apex
[   56.756743] apexd: Scanning /system/apex for pre-installed ApexFiles
[   56.756858] apexd: Found pre-installed APEX /system/apex/com.google.android.permission.apex
[   56.829906] init: Service 'exec 7 (/bin/rm -rf /data/misc/virtualizationservice)' (pid 284) exited with status 1 waiting took 0.350000 seconds
[   56.846709] apexd: Found pre-installed APEX /system/apex/com.google.android.wifi.apex
[   56.874983] init: Sending signal 9 to service 'exec 7 (/bin/rm -rf /data/misc/virtualizationservice)' (pid 284) process group...
[   56.907348] apexd: Found pre-installed APEX /system/apex/com.google.android.mediaprovider.apex
[   56.944458] libprocessgroup: Removed cgroup /sys/fs/cgroup/system/uid_1081/pid_284
[   56.968795] apexd: Found pre-installed APEX /system/apex/com.android.i18n.apex
[   56.996629] init: Not setting encryption policy on: /data/preloads
[   57.024785] apexd: Found pre-installed APEX /system/apex/com.google.android.bt.apex
[   57.052287] init: Command 'mkdir /data/preloads 0775 system system encryption=None' action=post-fs-data (/system/etc/init/hw/init.rc:828) took 55ms and succeeded
[   57.069097] apexd: Found pre-installed APEX /system/apex/com.google.android.rkpd.apex
[   57.100998] init: Verified that /data/app-private has the encryption policy d506e2f62f1a7ee0a7bb67bd88421a9d v2 modes 1/4 flags 0x2
[   57.109904] apexd: Found pre-installed APEX /system/apex/com.google.android.uwb.apex
[   57.138237] init: Verified that /data/app-ephemeral has the encryption policy d506e2f62f1a7ee0a7bb67bd88421a9d v2 modes 1/4 flags 0x2
[   57.155489] apexd: Found pre-installed APEX /system/apex/com.android.devicelock.apex
[   57.195467] init: Verified that /data/app-asec has the encryption policy d506e2f62f1a7ee0a7bb67bd88421a9d v2 modes 1/4 flags 0x2
[   57.236136] apexd: Found pre-installed APEX /system/apex/com.android.apex.cts.shim.apex
[   57.264307] init: Command 'mkdir /data/app-asec 0700 root root encryption=Require' action=post-fs-data (/system/etc/init/hw/init.rc:836) took 79ms and succeeded
[   57.307068] apexd: Found pre-installed APEX /system/apex/com.google.android.conscrypt.apex
[   57.354218] init: Verified that /data/app-lib has the encryption policy d506e2f62f1a7ee0a7bb67bd88421a9d v2 modes 1/4 flags 0x2
[   57.365705] apexd: Found pre-installed APEX /system/apex/com.google.android.uprobestats.apex
[   57.396179] init: Verified that /data/app has the encryption policy d506e2f62f1a7ee0a7bb67bd88421a9d v2 modes 1/4 flags 0x2
[   57.408626] apexd: Found pre-installed APEX /system/apex/com.google.android.sdkext.apex
[   57.438023] init: Verified that /data/app-metadata has the encryption policy d506e2f62f1a7ee0a7bb67bd88421a9d v2 modes 1/4 flags 0x2
[   57.480141] apexd: Found pre-installed APEX /system/apex/com.android.virt.apex
[   57.503013] init: Command 'mkdir /data/app-metadata 0700 system system encryption=Require' action=post-fs-data (/system/etc/init/hw/init.rc:841) took 70ms and succeeded
[   57.542209] apexd: Found pre-installed APEX /system/apex/com.google.android.ipsec.apex
[   57.571555] init: Verified that /data/fonts has the encryption policy d506e2f62f1a7ee0a7bb67bd88421a9d v2 modes 1/4 flags 0x2
[   57.605221] apexd: Found pre-installed APEX /system/apex/com.android.runtime.apex
[   57.630597] init: Command 'mkdir /data/fonts/ 0771 root root encryption=Require' action=post-fs-data (/system/etc/init/hw/init.rc:844) took 63ms and succeeded
[   57.668296] apexd: Found pre-installed APEX /system/apex/com.google.android.appsearch.apex
[   57.718186] init: Verified that /data/dalvik-cache has the encryption policy d506e2f62f1a7ee0a7bb67bd88421a9d v2 modes 1/4 flags 0x2
[   57.746855] apexd: Found pre-installed APEX /system/apex/com.google.android.ondevicepersonalization.apex
[   57.777578] init: Command 'mkdir /data/dalvik-cache 0771 root root encryption=Require' action=post-fs-data (/system/etc/init/hw/init.rc:860) took 69ms and succeeded
[   57.811652] apexd: Found pre-installed APEX /system/apex/com.google.android.tzdata6.apex
[   57.843261] init: Verified that /data/ota has the encryption policy d506e2f62f1a7ee0a7bb67bd88421a9d v2 modes 1/4 flags 0x2
[   57.875030] apexd: Found pre-installed APEX /system/apex/com.google.android.art.apex
[   57.903538] init: Command 'mkdir /data/ota 0771 root root encryption=Require' action=post-fs-data (/system/etc/init/hw/init.rc:862) took 64ms and succeeded
[   57.940120] apexd: Found pre-installed APEX /system/apex/com.google.android.adservices.apex
[   57.971115] init: Verified that /data/ota_package has the encryption policy d506e2f62f1a7ee0a7bb67bd88421a9d v2 modes 1/4 flags 0x2
[   58.013983] apexd: Found pre-installed APEX /system/apex/com.google.android.media.apex
[   58.042004] init: Command 'mkdir /data/ota_package 0770 system cache encryption=Require' action=post-fs-data (/system/etc/init/hw/init.rc:866) took 77ms and succeeded
[   58.049870] init: Verified that /data/resource-cache has the encryption policy d506e2f62f1a7ee0a7bb67bd88421a9d v2 modes 1/4 flags 0x2
[   58.087922] apexd: Found pre-installed APEX /system/apex/com.google.android.scheduling.apex
[   58.113770] init: Command 'mkdir /data/resource-cache 0771 system system encryption=Require' action=post-fs-data (/system/etc/init/hw/init.rc:869) took 71ms and succeeded
[   58.161549] apexd: Found pre-installed APEX /system/apex/com.google.android.configinfrastructure.apex
[   58.231250] init: Not setting encryption policy on: /data/lost+found
[   58.318592] apexd: Found pre-installed APEX /system/apex/com.google.android.os.statsd.apex
[   58.318600] apexd: Found pre-installed APEX /system/apex/com.google.android.healthfitness.apex
[   58.318602] apexd: Found pre-installed APEX /system/apex/com.google.android.neuralnetworks.apex
[   58.318604] apexd: Found pre-installed APEX /system/apex/com.google.android.nfcservices.apex
[   58.318607] apexd: Found pre-installed APEX /system/apex/com.google.android.extservices.apex
[   58.318609] apexd: Found pre-installed APEX /system/apex/com.google.android.crashrecovery.apex
[   58.318610] apexd: Found pre-installed APEX /system/apex/com.google.android.resolv.apex
[   58.318612] apexd: Found pre-installed APEX /system/apex/com.google.android.media.swcodec.apex
[   58.318614] apexd: Found pre-installed APEX /system/apex/com.google.android.cellbroadcast.apex
[   58.318617] apexd: Found pre-installed APEX /system/apex/com.google.android.adbd.apex
[   58.318619] apexd: Found pre-installed APEX /system/apex/com.google.android.profiling.apex
[   58.318621] apexd: Found pre-installed APEX /system/apex/com.google.android.tethering.apex
[   58.338130] apexd: Populating APEX database from mounts...
[   58.376265] init: Command 'mkdir /data/lost+found 0770 root root encryption=None' action=post-fs-data (/system/etc/init/hw/init.rc:877) took 144ms and succeeded
[   58.464629] apexd: 0 packages restored.
[   58.526428] init: Verified that /data/drm has the encryption policy d506e2f62f1a7ee0a7bb67bd88421a9d v2 modes 1/4 flags 0x2
[   58.598096] apexd: Marking APEXd as starting
[   58.645219] init: Command 'mkdir /data/drm 0770 drm drm encryption=Require' action=post-fs-data (/system/etc/init/hw/init.rc:881) took 128ms and succeeded
[   58.663965] init: Verified that /data/mediadrm has the encryption policy d506e2f62f1a7ee0a7bb67bd88421a9d v2 modes 1/4 flags 0x2
[   58.739744] apexd: Scanning /metadata/apex/sessions looking for sessions to be activated.
[   58.779348] init: Command 'mkdir /data/mediadrm 0770 mediadrm mediadrm encryption=Require' action=post-fs-data (/system/etc/init/hw/init.rc:885) took 134ms and succeeded
[   58.841099] apexd: Scanning /data/apex/active for data ApexFiles
[   58.882028] init: Verified that /data/nfc has the encryption policy d506e2f62f1a7ee0a7bb67bd88421a9d v2 modes 1/4 flags 0x2
[   59.015986] apexd: Selecting APEX for activation
[   59.084626] init: Command 'mkdir /data/nfc 0770 nfc nfc encryption=Require' action=post-fs-data (/system/etc/init/hw/init.rc:888) took 215ms and succeeded
[   59.096720] init: Verified that /data/backup has the encryption policy d506e2f62f1a7ee0a7bb67bd88421a9d v2 modes 1/4 flags 0x2
[   59.187970] apexd: Processing compressed APEX
[   59.245787] init: Command 'mkdir /data/backup 0700 system system encryption=Require' action=post-fs-data (/system/etc/init/hw/init.rc:893) took 157ms and succeeded
[   59.254768] init: Verified that /data/ss has the encryption policy d506e2f62f1a7ee0a7bb67bd88421a9d v2 modes 1/4 flags 0x2
[   59.289965] apexd: Processing compressed APEX /system/apex/com.google.android.crashrecovery.apex
[   59.624872] apexd: Skipping decompression for /system/apex/com.google.android.crashrecovery.apex
[   59.669779] init: Command 'mkdir /data/ss 0700 system system encryption=Require' action=post-fs-data (/system/etc/init/hw/init.rc:894) took 423ms and succeeded
[   59.721247] apexd: Processing compressed APEX /system/apex/com.google.android.appsearch.apex
[   59.958321] apexd: Skipping decompression for /system/apex/com.google.android.appsearch.apex
[   59.974770] init: Verified that /data/system has the encryption policy d506e2f62f1a7ee0a7bb67bd88421a9d v2 modes 1/4 flags 0x2
[   60.000101] selinux: SELinux: Skipping restorecon on directory(/data/system/shutdown-checkpoints)
[   60.049580] apexd: Processing compressed APEX /system/apex/com.google.android.configinfrastructure.apex
[   60.106197] init: Command 'restorecon_recursive /data/system/shutdown-checkpoints' action=post-fs-data (/system/etc/init/hw/init.rc:906) took 106ms and succeeded
[   60.106254] init: Not setting encryption policy on: /data/media
[   60.409822] apexd: Skipping decompression for /system/apex/com.google.android.configinfrastructure.apex
[   60.470438] init: Command 'mkdir /data/media 0550 media_rw media_rw encryption=None' action=post-fs-data (/system/etc/init/hw/init.rc:921) took 364ms and succeeded
[   60.481633] apexd: Processing compressed APEX /system/apex/com.google.android.rkpd.apex
[   60.807189] apexd: Skipping decompression for /system/apex/com.google.android.rkpd.apex
[   60.843773] init: Not setting encryption policy on: /data/misc_ce
[   60.845179] init: Not setting encryption policy on: /data/misc_de
[   60.849301] init: Not setting encryption policy on: /data/system_ce
[   60.937460] apexd: Processing compressed APEX /system/apex/com.google.android.mediaprovider.apex
[   60.975547] init: Command 'mkdir /data/system_ce 0550 system system encryption=None' action=post-fs-data (/system/etc/init/hw/init.rc:924) took 126ms and succeeded
[   61.330108] apexd: Skipping decompression for /system/apex/com.google.android.mediaprovider.apex
[   61.423223] init: Not setting encryption policy on: /data/system_de
[   61.459830] apexd: Processing compressed APEX /system/apex/com.google.android.bt.apex
[   61.523573] init: Command 'mkdir /data/system_de 0550 system system encryption=None' action=post-fs-data (/system/etc/init/hw/init.rc:925) took 100ms and succeeded
[   61.610286] apexd: Existing decompressed APEX is invalid: Failed to open decompressed APEX: Failed to open package /data/apex/decompressed/com.android.bt@360527520.decompressed.apex: Invalid file
[   61.652677] init: Not setting encryption policy on: /data/user
[   61.657843] init: Not setting encryption policy on: /data/user_de
[   61.897700] apexd: Decompressing/system/apex/com.google.android.bt.apex to /data/apex/decompressed/com.android.bt@360527520.decompressed.apex
[   61.939143] init: Command 'mkdir /data/user_de 0511 system system encryption=None' action=post-fs-data (/system/etc/init/hw/init.rc:927) took 281ms and succeeded
[   61.939174] init: Not setting encryption policy on: /data/vendor_ce
[   62.175050] init: Command 'mkdir /data/vendor_ce 0551 root root encryption=None' action=post-fs-data (/system/etc/init/hw/init.rc:928) took 235ms and succeeded
[   62.262206] init: Not setting encryption policy on: /data/vendor_de
[   62.298671] init: Not setting encryption policy on: /data/storage_area
[   62.359678] init: Command 'mkdir /data/storage_area 0551 root root encryption=None' action=post-fs-data (/system/etc/init/hw/init.rc:933) took 61ms and succeeded
[   62.446385] init: starting service 'exec 8 (/system/bin/chattr +F /data/media)'...
[   62.514476] init: ... started service 'exec 8 (/system/bin/chattr +F /data/media)' has pid 285
[   62.570088] init: SVC_EXEC service 'exec 8 (/system/bin/chattr +F /data/media)' pid 285 (uid 1023 gid 1023+0 context default) started; waiting...
[   62.644031] init: Command 'exec - media_rw media_rw -- /system/bin/chattr +F /data/media' action=post-fs-data (/system/etc/init/hw/init.rc:938) took 197ms and succeeded
[   62.735586] init: Service 'exec 8 (/system/bin/chattr +F /data/media)' (pid 285) exited with status 0 waiting took 0.246000 seconds
[   62.799191] init: Sending signal 9 to service 'exec 8 (/system/bin/chattr +F /data/media)' (pid 285) process group...
[   62.854485] libprocessgroup: Removed cgroup /sys/fs/cgroup/system/uid_1023/pid_285
[   62.910284] init: Verified that /data/cache has the encryption policy d506e2f62f1a7ee0a7bb67bd88421a9d v2 modes 1/4 flags 0x2
[   62.963595] init: Command 'mkdir /data/cache 0770 system cache encryption=Require' action=post-fs-data (/system/etc/init/hw/init.rc:977) took 54ms and succeeded
[   63.076437] init: Verified that /data/rollback has the encryption policy d506e2f62f1a7ee0a7bb67bd88421a9d v2 modes 1/4 flags 0x2
[   63.144793] init: Command 'mkdir /data/rollback 0700 system system encryption=DeleteIfNecessary' action=post-fs-data (/system/etc/init/hw/init.rc:983) took 69ms and succeeded
[   63.224106] init: Verified that /data/rollback-observer has the encryption policy d506e2f62f1a7ee0a7bb67bd88421a9d v2 modes 1/4 flags 0x2
[   63.283826] init: Command 'mkdir /data/rollback-observer 0700 system system encryption=DeleteIfNecessary' action=post-fs-data (/system/etc/init/hw/init.rc:984) took 61ms and succeeded
[   63.375571] init: Verified that /data/rollback-history has the encryption policy d506e2f62f1a7ee0a7bb67bd88421a9d v2 modes 1/4 flags 0x2
[   63.439374] init: Command 'mkdir /data/rollback-history 0700 system system encryption=DeleteIfNecessary' action=post-fs-data (/system/etc/init/hw/init.rc:985) took 64ms and succeeded
[   63.590130] init: Verified that /data/incremental has the encryption policy d506e2f62f1a7ee0a7bb67bd88421a9d v2 modes 1/4 flags 0x2
[   63.647808] init: Command 'mkdir /data/incremental 0771 system system encryption=Require' action=post-fs-data (/system/etc/init/hw/init.rc:988) took 62ms and succeeded
[   67.422038] SELinux: SELinux: Loaded file context from:
[   67.441209] SELinux: 		/system/etc/selinux/plat_file_contexts
[   67.466370] SELinux: 		/system_ext/etc/selinux/system_ext_file_contexts
[   67.497146] SELinux: 		/product/etc/selinux/product_file_contexts
[   67.534837] SELinux: 		/vendor/etc/selinux/vendor_file_contexts
[   67.557713] SELinux: 		/odm/etc/selinux/odm_file_contexts
[   67.586676] apexd: Processing compressed APEX /system/apex/com.google.android.wifi.apex
[   67.623086] apexd: Decompressing/system/apex/com.google.android.wifi.apex to /data/apex/decompressed/com.android.wifi@360519000.decompressed.apex
[   69.516647] apexd: Processing compressed APEX /system/apex/com.google.android.adservices.apex
[   69.568665] apexd: Decompressing/system/apex/com.google.android.adservices.apex to /data/apex/decompressed/com.android.adservices@360527520.decompressed.apex
[   73.868582] apexd: Processing compressed APEX /system/apex/com.google.android.conscrypt.apex
[   73.909425] apexd: Decompressing/system/apex/com.google.android.conscrypt.apex to /data/apex/decompressed/com.android.conscrypt@360527520.decompressed.apex
[   74.899591] apexd: Processing compressed APEX /system/apex/com.google.android.uprobestats.apex
[   74.942385] apexd: Decompressing/system/apex/com.google.android.uprobestats.apex to /data/apex/decompressed/com.android.uprobestats@360527520.decompressed.apex
[   75.339304] apexd: Processing compressed APEX /system/apex/com.google.android.adbd.apex
[   75.373103] apexd: Decompressing/system/apex/com.google.android.adbd.apex to /data/apex/decompressed/com.android.adbd@360527520.decompressed.apex
[   76.687806] apexd: Processing compressed APEX /system/apex/com.google.android.permission.apex
[   76.736816] apexd: Decompressing/system/apex/com.google.android.permission.apex to /data/apex/decompressed/com.android.permission@360527520.decompressed.apex
[   81.038512] apexd: Processing compressed APEX /system/apex/com.google.android.media.swcodec.apex
[   81.102460] apexd: Decompressing/system/apex/com.google.android.media.swcodec.apex to /data/apex/decompressed/com.android.media.swcodec@360527520.decompressed.apex
[   87.029539] apexd: Processing compressed APEX /system/apex/com.google.android.profiling.apex
[   87.064064] apexd: Decompressing/system/apex/com.google.android.profiling.apex to /data/apex/decompressed/com.android.profiling@360527520.decompressed.apex
[   87.379124] apexd: Processing compressed APEX /system/apex/com.google.android.sdkext.apex
[   87.419314] apexd: Decompressing/system/apex/com.google.android.sdkext.apex to /data/apex/decompressed/com.android.sdkext@360527520.decompressed.apex
[   87.602847] apexd: Processing compressed APEX /system/apex/com.google.android.os.statsd.apex
[   87.640993] apexd: Decompressing/system/apex/com.google.android.os.statsd.apex to /data/apex/decompressed/com.android.os.statsd@360527520.decompressed.apex
[   88.226296] apexd: Processing compressed APEX /system/apex/com.google.android.ipsec.apex
[   88.266041] apexd: Decompressing/system/apex/com.google.android.ipsec.apex to /data/apex/decompressed/com.android.ipsec@360527520.decompressed.apex
[   88.460611] apexd: Processing compressed APEX /system/apex/com.google.android.tethering.apex
[   88.500406] apexd: Decompressing/system/apex/com.google.android.tethering.apex to /data/apex/decompressed/com.android.tethering@360527520.decompressed.apex
[   91.836213] apexd: Processing compressed APEX /system/apex/com.google.android.resolv.apex
[   91.873280] apexd: Decompressing/system/apex/com.google.android.resolv.apex to /data/apex/decompressed/com.android.resolv@360527520.decompressed.apex
[   92.529006] apexd: Processing compressed APEX /system/apex/com.google.android.art.apex
[   92.561725] apexd: Decompressing/system/apex/com.google.android.art.apex to /data/apex/decompressed/com.android.art@360527520.decompressed.apex
[   96.109572] apexd: Processing compressed APEX /system/apex/com.google.android.healthfitness.apex
[   96.137648] apexd: Decompressing/system/apex/com.google.android.healthfitness.apex to /data/apex/decompressed/com.android.healthfitness@360527520.decompressed.apex
[   98.436675] apexd: Processing compressed APEX /system/apex/com.google.android.scheduling.apex
[   98.468451] apexd: Decompressing/system/apex/com.google.android.scheduling.apex to /data/apex/decompressed/com.android.scheduling@360527520.decompressed.apex
[   98.568896] apexd: Processing compressed APEX /system/apex/com.google.android.media.apex
[   98.600483] apexd: Decompressing/system/apex/com.google.android.media.apex to /data/apex/decompressed/com.android.media@360527520.decompressed.apex
[   99.368276] apexd: Processing compressed APEX /system/apex/com.google.android.nfcservices.apex
[   99.397927] apexd: Decompressing/system/apex/com.google.android.nfcservices.apex to /data/apex/decompressed/com.android.nfcservices@360527520.decompressed.apex
[  100.581599] apexd: Processing compressed APEX /system/apex/com.google.android.cellbroadcast.apex
[  100.618066] apexd: Decompressing/system/apex/com.google.android.cellbroadcast.apex to /data/apex/decompressed/com.android.cellbroadcast@360527520.decompressed.apex
[  103.094478] apexd: Processing compressed APEX /system/apex/com.google.android.uwb.apex
[  103.126125] apexd: Decompressing/system/apex/com.google.android.uwb.apex to /data/apex/decompressed/com.android.uwb@360527520.decompressed.apex
[  103.977491] apexd: Processing compressed APEX /system/apex/com.google.android.neuralnetworks.apex
[  104.016312] apexd: Decompressing/system/apex/com.google.android.neuralnetworks.apex to /data/apex/decompressed/com.android.neuralnetworks@360527520.decompressed.apex
[  104.750015] apexd: Processing compressed APEX /system/apex/com.google.android.ondevicepersonalization.apex
[  104.785721] apexd: Decompressing/system/apex/com.google.android.ondevicepersonalization.apex to /data/apex/decompressed/com.android.ondevicepersonalization@360527520.decompressed.apex
[  106.852601] apexd: Processing compressed APEX /system/apex/com.google.android.extservices.apex
[  106.889264] apexd: Decompressing/system/apex/com.google.android.extservices.apex to /data/apex/decompressed/com.android.extservices@360527523.decompressed.apex
[  107.731440] loop5: detected capacity change from 0 to 2864
[  107.751363] loop6: detected capacity change from 0 to 3072
[  107.775345] loop7: detected capacity change from 0 to 720
[  107.795543] EXT4-fs (loop6): mounted filesystem 7d1522e1-9dfa-5edb-a43e-98e3a4d20250 ro without journal. Quota mode: none.
[  107.797174] loop8: detected capacity change from 0 to 3264
[  107.831192] apexd: Successfully mounted package /vendor/apex/com.android.hardware.contexthub.apex on /apex/com.android.hardware.contexthub@1 duration=80
[  107.920116] EXT4-fs (loop5): mounted filesystem 7d1522e1-9dfa-5edb-a43e-98e3a4d20250 ro without journal. Quota mode: none.
[  107.976044] loop9: detected capacity change from 0 to 536
[  108.003922] apexd: Successfully mounted package /vendor/apex/com.android.hardware.uwb.apex on /apex/com.android.hardware.uwb@1 duration=272
[  108.063437] EXT4-fs (loop7): mounted filesystem 7d1522e1-9dfa-5edb-a43e-98e3a4d20250 ro without journal. Quota mode: none.
[  108.063535] loop10: detected capacity change from 0 to 3704
[  108.111707] EXT4-fs (loop8): mounted filesystem 7d1522e1-9dfa-5edb-a43e-98e3a4d20250 ro without journal. Quota mode: none.
[  108.160418] apexd: Successfully mounted package /vendor/apex/com.android.hardware.authsecret.apex on /apex/com.android.hardware.authsecret@1 duration=409
[  108.181972] apexd: Successfully mounted package /vendor/apex/com.android.hardware.dumpstate.apex on /apex/com.android.hardware.dumpstate@1 duration=431
[  108.304286] loop11: detected capacity change from 0 to 752
[  108.333387] EXT4-fs (loop9): mounted filesystem 7d1522e1-9dfa-5edb-a43e-98e3a4d20250 ro without journal. Quota mode: none.
[  108.347499] loop12: detected capacity change from 0 to 792
[  108.386768] apexd: Successfully mounted package /vendor/apex/com.android.hardware.cas.apex on /apex/com.android.hardware.cas@1 duration=635
[  108.467398] EXT4-fs (loop10): mounted filesystem 7d1522e1-9dfa-5edb-a43e-98e3a4d20250 ro without journal. Quota mode: none.
[  108.477168] loop13: detected capacity change from 0 to 29216
[  108.520452] apexd: Successfully mounted package /vendor/apex/com.android.hardware.power.apex on /apex/com.android.hardware.power@1 duration=769
[  108.545273] EXT4-fs (loop11): mounted filesystem 7d1522e1-9dfa-5edb-a43e-98e3a4d20250 ro without journal. Quota mode: none.
[  108.618251] apexd: Successfully mounted package /vendor/apex/com.android.hardware.rebootescrow.apex on /apex/com.android.hardware.rebootescrow@1 duration=865
[  108.659479] EXT4-fs (loop12): mounted filesystem 7d1522e1-9dfa-5edb-a43e-98e3a4d20250 ro without journal. Quota mode: none.
[  108.691073] loop14: detected capacity change from 0 to 3000
[  108.693107] loop15: detected capacity change from 0 to 1088
[  108.708310] apexd: Successfully mounted package /vendor/apex/com.android.hardware.thermal.apex on /apex/com.android.hardware.thermal@1 duration=955
[  108.728449] loop16: detected capacity change from 0 to 73480
[  108.791866] EXT4-fs (loop13): mounted filesystem 7d1522e1-9dfa-5edb-a43e-98e3a4d20250 ro without journal. Quota mode: none.
[  108.797900] EXT4-fs (loop14): mounted filesystem 7d1522e1-9dfa-5edb-a43e-98e3a4d20250 ro without journal. Quota mode: none.
[  108.841458] apexd: Successfully mounted package /vendor/apex/com.android.hardware.neuralnetworks.apex on /apex/com.android.hardware.neuralnetworks@1 duration=1088
[  108.886823] EXT4-fs (loop15): mounted filesystem 7d1522e1-9dfa-5edb-a43e-98e3a4d20250 ro without journal. Quota mode: none.
[  108.947599] loop17: detected capacity change from 0 to 12520
[  108.991604] apexd: Successfully mounted package /vendor/apex/com.android.hardware.vibrator.apex on /apex/com.android.hardware.vibrator@1 duration=1238
[  109.088305] loop18: detected capacity change from 0 to 1672
[  109.089370] apexd: Successfully mounted package /vendor/apex/com.android.hardware.threadnetwork-simulation-rcp.apex on /apex/com.android.hardware.threadnetwork@1 duration=1336
[  109.188171] loop19: detected capacity change from 0 to 536
[  109.216906] EXT4-fs (loop18): mounted filesystem 7d1522e1-9dfa-5edb-a43e-98e3a4d20250 ro without journal. Quota mode: none.
[  109.260588] EXT4-fs (loop17): mounted filesystem 7d1522e1-9dfa-5edb-a43e-98e3a4d20250 ro without journal. Quota mode: none.
[  109.260824] EXT4-fs (loop16): mounted filesystem 7d1522e1-9dfa-5edb-a43e-98e3a4d20250 ro without journal. Quota mode: none.
[  109.311301] apexd: Successfully mounted package /system/apex/com.android.devicelock.apex on /apex/com.android.devicelock@1 duration=1554
[  109.355411] loop20: detected capacity change from 0 to 174808
[  109.420991] apexd: Successfully mounted package /system/apex/com.google.android.tzdata6.apex on /apex/com.android.tzdata@360527520 duration=1662
[  109.475438] apexd: Successfully mounted package /system/apex/com.android.i18n.apex on /apex/com.android.i18n@1 duration=1721
[  109.527293] loop21: detected capacity change from 0 to 8800
[  109.528625] EXT4-fs (loop19): mounted filesystem 7d1522e1-9dfa-5edb-a43e-98e3a4d20250 ro without journal. Quota mode: none.
[  109.619542] loop22: detected capacity change from 0 to 9808
[  109.622234] apexd: Successfully mounted package /system/apex/com.android.apex.cts.shim.apex on /apex/com.android.apex.cts.shim@1 duration=1863
[  109.699299] loop23: detected capacity change from 0 to 8072
[  109.699806] EXT4-fs (loop20): mounted filesystem 7d1522e1-9dfa-5edb-a43e-98e3a4d20250 ro without journal. Quota mode: none.
[  109.729105] loop24: detected capacity change from 0 to 11152
[  109.757844] apexd: Successfully mounted package /system/apex/com.android.virt.apex on /apex/com.android.virt@3 duration=1999
[  109.783656] EXT4-fs (loop21): mounted filesystem 7d1522e1-9dfa-5edb-a43e-98e3a4d20250 ro without journal. Quota mode: none.
[  109.832805] EXT4-fs (loop22): mounted filesystem 7d1522e1-9dfa-5edb-a43e-98e3a4d20250 ro without journal. Quota mode: none.
[  109.892753] EXT4-fs (loop23): mounted filesystem 7d1522e1-9dfa-5edb-a43e-98e3a4d20250 ro without journal. Quota mode: none.
[  109.944279] apexd: Successfully mounted package /system/apex/com.android.runtime.apex on /apex/com.android.runtime@1 duration=2181
[  110.043846] apexd: Successfully mounted package /system_ext/apex/com.android.compos.apex on /apex/com.android.compos@3 duration=2280
[  110.048763] apexd: Successfully mounted package /vendor/apex/com.android.hardware.gatekeeper.nonsecure.apex on /apex/com.android.hardware.gatekeeper@1 duration=2290
[  110.091731] loop25: detected capacity change from 0 to 696
[  110.174092] loop26: detected capacity change from 0 to 12776
[  110.174585] device-mapper: verity: sha256 using shash "sha256-ni" (multibuffer)
[  110.195706] EXT4-fs (loop24): mounted filesystem 7d1522e1-9dfa-5edb-a43e-98e3a4d20250 ro without journal. Quota mode: none.
[  110.254890] loop27: detected capacity change from 0 to 22856
[  110.257735] device-mapper: verity: sha256 using shash "sha256-ni" (multibuffer)
[  110.290683] loop28: detected capacity change from 0 to 2832
[  110.331884] device-mapper: verity: sha256 using shash "sha256-ni" (multibuffer)
[  110.363556] loop29: detected capacity change from 0 to 53096
[  110.393686] apexd: Successfully mounted package /vendor/apex/com.google.android.widevine-13130248.apex on /apex/com.google.android.widevine@190250226 duration=2629
[  110.421508] device-mapper: verity: sha256 using shash "sha256-ni" (multibuffer)
[  110.534672] device-mapper: verity: sha256 using shash "sha256-ni" (multibuffer)
[  110.561357] EXT4-fs (dm-53): mounted filesystem 7d1522e1-9dfa-5edb-a43e-98e3a4d20250 ro without journal. Quota mode: none.
[  110.635746] EXT4-fs (dm-48): mounted filesystem 7d1522e1-9dfa-5edb-a43e-98e3a4d20250 ro without journal. Quota mode: none.
[  110.643449] loop30: detected capacity change from 0 to 44544
[  110.687114] apexd: Successfully mounted package /data/apex/decompressed/com.android.configinfrastructure@360527520.decompressed.apex on /apex/com.android.configinfrastructure@360527520 duration=2922
[  110.717939] apexd: Successfully mounted package /data/apex/decompressed/com.android.crashrecovery@360527520.decompressed.apex on /apex/com.android.crashrecovery@360527520 duration=2953
[  110.809383] device-mapper: verity: sha256 using shash "sha256-ni" (multibuffer)
[  110.879662] loop31: detected capacity change from 0 to 20968
[  110.914301] EXT4-fs (dm-50): mounted filesystem 7d1522e1-9dfa-5edb-a43e-98e3a4d20250 ro without journal. Quota mode: none.
[  110.938587] EXT4-fs (dm-39): mounted filesystem 7d1522e1-9dfa-5edb-a43e-98e3a4d20250 ro without journal. Quota mode: none.
[  111.001137] device-mapper: verity: sha256 using shash "sha256-ni" (multibuffer)
[  111.082923] apexd: Successfully mounted package /data/apex/decompressed/com.android.mediaprovider@360527520.decompressed.apex on /apex/com.android.mediaprovider@360527520 duration=3315
[  111.103442] apexd: Successfully mounted package /data/apex/decompressed/com.android.appsearch@360527520.decompressed.apex on /apex/com.android.appsearch@360527520 duration=3339
[  111.166926] loop32: detected capacity change from 0 to 46992
[  111.241069] EXT4-fs (dm-47): mounted filesystem 7d1522e1-9dfa-5edb-a43e-98e3a4d20250 ro without journal. Quota mode: none.
[  111.271336] device-mapper: verity: sha256 using shash "sha256-ni" (multibuffer)
[  111.373465] loop33: detected capacity change from 0 to 10576
[  111.378126] apexd: Successfully mounted package /data/apex/decompressed/com.android.rkpd@360527520.decompressed.apex on /apex/com.android.rkpd@360527520 duration=3611
[  111.411137] device-mapper: verity: sha256 using shash "sha256-ni" (multibuffer)
[  111.511332] loop34: detected capacity change from 0 to 3216
[  111.539912] EXT4-fs (dm-36): mounted filesystem 7d1522e1-9dfa-5edb-a43e-98e3a4d20250 ro without journal. Quota mode: none.
[  111.544468] device-mapper: verity: sha256 using shash "sha256-ni" (multibuffer)
[  111.595541] EXT4-fs (dm-38): mounted filesystem 7d1522e1-9dfa-5edb-a43e-98e3a4d20250 ro without journal. Quota mode: none.
[  111.631564] loop35: detected capacity change from 0 to 14848
[  111.681394] apexd: Successfully mounted package /data/apex/decompressed/com.android.bt@360527520.decompressed.apex on /apex/com.android.bt@360527520 duration=3913
[  111.733670] apexd: Successfully mounted package /data/apex/decompressed/com.android.wifi@360519000.decompressed.apex on /apex/com.android.wifi@360519000 duration=3965
[  111.797164] device-mapper: verity: sha256 using shash "sha256-ni" (multibuffer)
[  111.895411] EXT4-fs (dm-31): mounted filesystem 7d1522e1-9dfa-5edb-a43e-98e3a4d20250 ro without journal. Quota mode: none.
[  111.898287] EXT4-fs (dm-30): mounted filesystem 7d1522e1-9dfa-5edb-a43e-98e3a4d20250 ro without journal. Quota mode: none.
[  111.958158] apexd: Successfully mounted package /data/apex/decompressed/com.android.adservices@360527520.decompressed.apex on /apex/com.android.adservices@360527520 duration=4188
[  112.021142] loop36: detected capacity change from 0 to 52736
[  112.124073] apexd: Successfully mounted package /data/apex/decompressed/com.android.conscrypt@360527520.decompressed.apex on /apex/com.android.conscrypt@360527520 duration=4354
[  112.271303] EXT4-fs (dm-28): mounted filesystem 7d1522e1-9dfa-5edb-a43e-98e3a4d20250 ro without journal. Quota mode: none.
[  112.272740] device-mapper: verity: sha256 using shash "sha256-ni" (multibuffer)
[  112.333510] apexd: Successfully mounted package /data/apex/decompressed/com.android.uprobestats@360527520.decompressed.apex on /apex/com.android.uprobestats@360527520 duration=4563
[  112.465293] loop37: detected capacity change from 0 to 68128
[  112.491081] EXT4-fs (dm-24): mounted filesystem 7d1522e1-9dfa-5edb-a43e-98e3a4d20250 ro without journal. Quota mode: none.
[  112.694035] apexd: Successfully mounted package /data/apex/decompressed/com.android.adbd@360527520.decompressed.apex on /apex/com.android.adbd@360527520 duration=4923
[  112.695160] device-mapper: verity: sha256 using shash "sha256-ni" (multibuffer)
[  112.915810] loop38: detected capacity change from 0 to 3688
[  112.961902] EXT4-fs (dm-25): mounted filesystem 7d1522e1-9dfa-5edb-a43e-98e3a4d20250 ro without journal. Quota mode: none.
[  113.007848] device-mapper: verity: sha256 using shash "sha256-ni" (multibuffer)
[  113.068279] apexd: Successfully mounted package /data/apex/decompressed/com.android.permission@360527520.decompressed.apex on /apex/com.android.permission@360527520 duration=5297
[  113.200499] loop39: detected capacity change from 0 to 1640
[  113.240690] device-mapper: verity: sha256 using shash "sha256-ni" (multibuffer)
[  113.278506] loop40: detected capacity change from 0 to 6056
[  113.289548] EXT4-fs (dm-27): mounted filesystem 7d1522e1-9dfa-5edb-a43e-98e3a4d20250 ro without journal. Quota mode: none.
[  113.310365] device-mapper: verity: sha256 using shash "sha256-ni" (multibuffer)
[  113.363392] apexd: Successfully mounted package /data/apex/decompressed/com.android.media.swcodec@360527520.decompressed.apex on /apex/com.android.media.swcodec@360527520 duration=5592
[  113.365754] EXT4-fs (dm-6): mounted filesystem 7d1522e1-9dfa-5edb-a43e-98e3a4d20250 ro without journal. Quota mode: none.
[  113.506935] loop41: detected capacity change from 0 to 1760
[  113.579585] apexd: Successfully mounted package /data/apex/decompressed/com.android.profiling@360527520.decompressed.apex on /apex/com.android.profiling@360527520 duration=5808
[  113.642162] device-mapper: verity: sha256 using shash "sha256-ni" (multibuffer)
[  113.756803] loop42: detected capacity change from 0 to 42416
[  113.825924] EXT4-fs (dm-23): mounted filesystem 7d1522e1-9dfa-5edb-a43e-98e3a4d20250 ro without journal. Quota mode: none.
[  113.832780] loop43: detected capacity change from 0 to 9976
[  113.877774] device-mapper: verity: sha256 using shash "sha256-ni" (multibuffer)
[  113.900664] apexd: Successfully mounted package /data/apex/decompressed/com.android.sdkext@360527520.decompressed.apex on /apex/com.android.sdkext@360527520 duration=6129
[  113.968642] device-mapper: verity: sha256 using shash "sha256-ni" (multibuffer)
[  113.998281] EXT4-fs (dm-21): mounted filesystem 7d1522e1-9dfa-5edb-a43e-98e3a4d20250 ro without journal. Quota mode: none.
[  114.082408] loop44: detected capacity change from 0 to 57216
[  114.102142] EXT4-fs (dm-19): mounted filesystem 7d1522e1-9dfa-5edb-a43e-98e3a4d20250 ro without journal. Quota mode: none.
[  114.109538] apexd: Successfully mounted package /data/apex/decompressed/com.android.os.statsd@360527520.decompressed.apex on /apex/com.android.os.statsd@360527520 duration=6337
[  114.160512] apexd: Successfully mounted package /data/apex/decompressed/com.android.ipsec@360527520.decompressed.apex on /apex/com.android.ipsec@360527520 duration=6388
[  114.248094] device-mapper: verity: sha256 using shash "sha256-ni" (multibuffer)
[  114.345517] loop45: detected capacity change from 0 to 31168
[  114.365745] EXT4-fs (dm-17): mounted filesystem 7d1522e1-9dfa-5edb-a43e-98e3a4d20250 ro without journal. Quota mode: none.
[  114.371712] device-mapper: verity: sha256 using shash "sha256-ni" (multibuffer)
[  114.412706] apexd: Successfully mounted package /data/apex/decompressed/com.android.tethering@360527520.decompressed.apex on /apex/com.android.tethering@360527520 duration=6641
[  114.430691] loop46: detected capacity change from 0 to 536
[  114.493546] EXT4-fs (dm-8): mounted filesystem 7d1522e1-9dfa-5edb-a43e-98e3a4d20250 ro without journal. Quota mode: none.
[  114.512859] device-mapper: verity: sha256 using shash "sha256-ni" (multibuffer)
[  114.589706] loop47: detected capacity change from 0 to 11704
[  114.594794] apexd: Successfully mounted package /data/apex/decompressed/com.android.resolv@360527520.decompressed.apex on /apex/com.android.resolv@360527520 duration=6823
[  114.619256] EXT4-fs (dm-16): mounted filesystem 7d1522e1-9dfa-5edb-a43e-98e3a4d20250 ro without journal. Quota mode: none.
[  114.680065] device-mapper: verity: sha256 using shash "sha256-ni" (multibuffer)
[  114.720007] loop48: detected capacity change from 0 to 19368
[  114.770121] apexd: Successfully mounted package /data/apex/decompressed/com.android.art@360527520.decompressed.apex on /apex/com.android.art@360527520 duration=6998
[  114.777533] EXT4-fs (dm-14): mounted filesystem 7d1522e1-9dfa-5edb-a43e-98e3a4d20250 ro without journal. Quota mode: none.
[  114.832983] device-mapper: verity: sha256 using shash "sha256-ni" (multibuffer)
[  114.880128] apexd: Successfully mounted package /data/apex/decompressed/com.android.healthfitness@360527520.decompressed.apex on /apex/com.android.healthfitness@360527520 duration=7108
[  114.967411] loop49: detected capacity change from 0 to 38048
[  114.989561] EXT4-fs (dm-15): mounted filesystem 7d1522e1-9dfa-5edb-a43e-98e3a4d20250 ro without journal. Quota mode: none.
[  114.991696] EXT4-fs (dm-44): mounted filesystem 7d1522e1-9dfa-5edb-a43e-98e3a4d20250 ro without journal. Quota mode: none.
[  115.028020] apexd: Successfully mounted package /data/apex/decompressed/com.android.scheduling@360527520.decompressed.apex on /apex/com.android.scheduling@360527520 duration=7255
[  115.072173] device-mapper: verity: sha256 using shash "sha256-ni" (multibuffer)
[  115.129666] apexd: Successfully mounted package /data/apex/decompressed/com.android.media@360527520.decompressed.apex on /apex/com.android.media@360527520 duration=7357
[  115.167328] loop50: detected capacity change from 0 to 13048
[  115.248219] loop51: detected capacity change from 0 to 10592
[  115.257847] EXT4-fs (dm-9): mounted filesystem 7d1522e1-9dfa-5edb-a43e-98e3a4d20250 ro without journal. Quota mode: none.
[  115.318948] apexd: Successfully mounted package /data/apex/decompressed/com.android.nfcservices@360527520.decompressed.apex on /apex/com.android.nfcservices@360527520 duration=7546
[  115.321877] EXT4-fs (dm-10): mounted filesystem 7d1522e1-9dfa-5edb-a43e-98e3a4d20250 ro without journal. Quota mode: none.
[  115.401220] device-mapper: verity: sha256 using shash "sha256-ni" (multibuffer)
[  115.426317] device-mapper: verity: sha256 using shash "sha256-ni" (multibuffer)
[  115.478170] apexd: Successfully mounted package /data/apex/decompressed/com.android.cellbroadcast@360527520.decompressed.apex on /apex/com.android.cellbroadcast@360527520 duration=7705
[  115.547615] loop52: detected capacity change from 0 to 30608
[  115.573833] device-mapper: verity: sha256 using shash "sha256-ni" (multibuffer)
[  115.587449] loop53: detected capacity change from 0 to 13632
[  115.634375] EXT4-fs (dm-11): mounted filesystem 7d1522e1-9dfa-5edb-a43e-98e3a4d20250 ro without journal. Quota mode: none.
[  115.639072] EXT4-fs (dm-13): mounted filesystem 7d1522e1-9dfa-5edb-a43e-98e3a4d20250 ro without journal. Quota mode: none.
[  115.677745] apexd: Successfully mounted package /data/apex/decompressed/com.android.uwb@360527520.decompressed.apex on /apex/com.android.uwb@360527520 duration=7905
[  115.686377] device-mapper: verity: sha256 using shash "sha256-ni" (multibuffer)
[  115.731751] apexd: Successfully mounted package /data/apex/decompressed/com.android.neuralnetworks@360527520.decompressed.apex on /apex/com.android.neuralnetworks@360527520 duration=7959
[  115.823486] EXT4-fs (dm-12): mounted filesystem 7d1522e1-9dfa-5edb-a43e-98e3a4d20250 ro without journal. Quota mode: none.
[  115.951894] apexd: Successfully mounted package /data/apex/decompressed/com.android.ondevicepersonalization@360527520.decompressed.apex on /apex/com.android.ondevicepersonalization@360527520 duration=8179
[  116.040117] EXT4-fs (dm-42): mounted filesystem 7d1522e1-9dfa-5edb-a43e-98e3a4d20250 ro without journal. Quota mode: none.
[  116.097895] apexd: Successfully mounted package /data/apex/decompressed/com.android.extservices@360527523.decompressed.apex on /apex/com.android.extservices@360527523 duration=8325
[  116.167515] apexd: Activated 49 packages.
[  116.188609] apexd: OnStart done, duration=57460
[  116.215001] AidlLazyServiceRegistrar: Registering service apexservice
[  116.280843] apexd: Marking APEXd as activated
[  116.304541] init: Wait for property 'apexd.status=activated' took 52591ms
[  116.304832] servicemanager: Notifying apexservice they do (previously: don't) have clients when service is guaranteed to be in use
[  116.386670] AidlLazyServiceRegistrar: Process has 1 (of 1 available) client(s) in use after notification apexservice has clients: 1
[  116.425807] AidlLazyServiceRegistrar: Shutdown prevented by forcePersist override flag.
[  116.431221] apexd: getActivePackages received by ApexService
[  116.482440] init: Wait for property 'keystore.module_hash.sent=true' took 96ms
[  116.570826] init: Parsing file /apex/com.android.adbd/etc/init.rc...
[  116.602499] init: Parsing file /apex/com.android.art/etc/init.rc...
[  116.630375] init: Parsing file /apex/com.android.compos/etc/init.rc...
[  116.652572] init: Parsing file /apex/com.android.configinfrastructure/etc/com.android.configinfrastrcture.init.rc...
[  116.692377] init: Parsing file /apex/com.android.hardware.authsecret/etc/android.hardware.authsecret-service.example.rc...
[  116.734436] init: Parsing file /apex/com.android.hardware.cas/etc/cas-default.rc...
[  116.764822] init: Parsing file /apex/com.android.hardware.contexthub/etc/android.hardware.contexthub-service.example.rc...
[  116.802957] init: Parsing file /apex/com.android.hardware.dumpstate/etc/dumpstate-default.rc...
[  116.834055] init: Parsing file /apex/com.android.hardware.neuralnetworks/etc/android.hardware.neuralnetworks-service-sample-all.rc...
[  116.874106] init: Parsing file /apex/com.android.hardware.neuralnetworks/etc/android.hardware.neuralnetworks-service-sample-limited.rc...
[  116.925973] init: Parsing file /apex/com.android.hardware.neuralnetworks/etc/android.hardware.neuralnetworks-shim-service-sample.rc...
[  116.971362] init: Parsing file /apex/com.android.hardware.power/etc/com.android.hardware.power.rc...
[  117.007115] init: Parsing file /apex/com.android.hardware.rebootescrow/etc/rebootescrow-default.rc...
[  117.046990] init: Parsing file /apex/com.android.hardware.thermal/etc/android.hardware.thermal.example.rc...
[  117.090704] init: Parsing file /apex/com.android.hardware.threadnetwork/etc/threadnetwork-service-simulation-rcp.rc...
[  117.124846] init: Parsing file /apex/com.android.hardware.uwb/etc/uwb-service.rc...
[  117.151138] init: /apex/com.android.hardware.uwb/etc/uwb-service.rc: 1: ignored duplicate definition of service 'vendor.uwb_hal'
[  117.189947] init: Parsing file /apex/com.android.hardware.vibrator/etc/com.android.hardware.vibrator.rc...
[  117.228811] init: Parsing file /apex/com.android.media.swcodec/etc/mediaswcodec.32rc...
[  117.264532] init: Parsing file /apex/com.android.media/etc/mediatranscoding.32rc...
[  117.294126] init: Parsing file /apex/com.android.os.statsd/etc/init.rc...
[  117.320460] init: Parsing file /apex/com.android.sdkext/etc/derive_classpath.rc...
[  117.356796] init: Parsing file /apex/com.android.sdkext/etc/derive_sdk.rc...
[  117.383149] init: Parsing file /apex/com.android.tethering/etc/netbpfload.35rc...
[  117.410474] init: Parsing file /apex/com.android.tethering/etc/ot-daemon.34rc...
[  117.441402] init: Parsing file /apex/com.android.uprobestats/etc/init.rc...
[  117.466778] init: Parsing file /apex/com.android.wifi/etc/mainline_supplicant.rc...
[  117.494331] init: Parsing file /apex/com.google.android.widevine/etc/com.google.android.widevine.rc...
[  117.684590] init: linkerconfig generated /linkerconfig with mounted APEX modules info
[  117.713632] init: Command 'perform_apex_config' action=post-fs-data (/system/etc/init/hw/init.rc:1003) took 1202ms and succeeded
[  117.769169] init: starting service 'system_aconfigd_mainline_init'...
[  117.823062] init: ... started service 'system_aconfigd_mainline_init' has pid 419
[  117.856661] init: SVC_EXEC service 'system_aconfigd_mainline_init' pid 419 (uid 1000 gid 1000+0 context default) started; waiting...
[  117.918064] init: Command 'exec_start system_aconfigd_mainline_init' action=post-fs-data (/system/etc/init/hw/init.rc:1005) took 149ms and succeeded
[  117.969665] init: Service 'system_aconfigd_mainline_init' (pid 419) exited with status 1 waiting took 0.171000 seconds
[  118.012182] init: Sending signal 9 to service 'system_aconfigd_mainline_init' (pid 419) process group...
[  118.052737] libprocessgroup: Removed cgroup /sys/fs/cgroup/system/uid_1000/pid_419
[  118.086734] init: starting service 'system_aconfigd_socket_service'...
[  118.115046] init: Created socket '/dev/socket/aconfigd_system', mode 666, user 1000, group 1000
[  118.178665] init: ... started service 'system_aconfigd_socket_service' has pid 420
[  118.209712] init: Command 'start system_aconfigd_socket_service' action=post-fs-data (/system/etc/init/hw/init.rc:1006) took 123ms and succeeded
[  118.266959] init: Service 'system_aconfigd_socket_service' (pid 420) exited with status 0 oneshot service took 0.110000 seconds in background
[  118.319549] init: Sending signal 9 to service 'system_aconfigd_socket_service' (pid 420) process group...
[  118.358380] libprocessgroup: Removed cgroup /sys/fs/cgroup/system/uid_1000/pid_420
[  118.390608] init: starting service 'mainline_aconfigd_init'...
[  118.421754] init: ... started service 'mainline_aconfigd_init' has pid 421
[  118.451375] init: SVC_EXEC service 'mainline_aconfigd_init' pid 421 (uid 1000 gid 1000+0 context default) started; waiting...
[  118.501481] init: Command 'exec_start mainline_aconfigd_init' action=post-fs-data (/system/etc/init/hw/init.rc:1010) took 112ms and succeeded
[  118.612873] servicemanager: Notifying apexservice they don't (previously: do) have clients when we now have no record of a client
[  118.657384] AidlLazyServiceRegistrar: Process has 0 (of 1 available) client(s) in use after notification apexservice has clients: 0
[  118.703558] AidlLazyServiceRegistrar: Shutdown prevented by forcePersist override flag.
[  119.478427] init: Service 'mainline_aconfigd_init' (pid 421) exited with status 0 waiting took 1.062000 seconds
[  119.521970] init: Sending signal 9 to service 'mainline_aconfigd_init' (pid 421) process group...
[  119.560670] libprocessgroup: Removed cgroup /sys/fs/cgroup/system/uid_1000/pid_421
[  119.597388] init: starting service 'mainline_aconfigd_socket_service'...
[  119.627128] init: Created socket '/dev/socket/aconfigd_mainline', mode 666, user 1000, group 1000
[  119.688253] init: ... started service 'mainline_aconfigd_socket_service' has pid 422
[  119.722614] init: Command 'start mainline_aconfigd_socket_service' action=post-fs-data (/system/etc/init/hw/init.rc:1011) took 125ms and succeeded
[  119.775885] init: Service 'mainline_aconfigd_socket_service' (pid 422) exited with status 0 oneshot service took 0.108000 seconds in background
[  119.828266] init: Sending signal 9 to service 'mainline_aconfigd_socket_service' (pid 422) process group...
[  119.867483] libprocessgroup: Removed cgroup /sys/fs/cgroup/system/uid_1000/pid_422
[  119.903933] init: starting service 'derive_sdk'...
[  119.929386] init: ... started service 'derive_sdk' has pid 423
[  119.955677] init: SVC_EXEC service 'derive_sdk' pid 423 (uid 9999 gid 9999+0 context default) started; waiting...
[  120.007289] init: Command 'exec_start derive_sdk' action=post-fs-data (/system/etc/init/hw/init.rc:1016) took 103ms and succeeded
[  120.056646] init: Service 'derive_sdk' (pid 423) exited with status 0 waiting took 0.129000 seconds
[  120.092900] init: Sending signal 9 to service 'derive_sdk' (pid 423) process group...
[  120.121466] libprocessgroup: Removed cgroup /sys/fs/cgroup/system/uid_9999/pid_423
[  120.154057] init: starting service 'exec 9 (/system/bin/vdc --wait cryptfs init_user0)'...
[  120.219351] init: ... started service 'exec 9 (/system/bin/vdc --wait cryptfs init_user0)' has pid 424
[  120.269801] vdc: Thread Pool max thread count is 0. Cannot cache binder as linkToDeath cannot be implemented. serviceName: vold
[  120.272014] init: SVC_EXEC service 'exec 9 (/system/bin/vdc --wait cryptfs init_user0)' pid 424 (uid 0 gid 0+0 context default) started; waiting...
[  120.401161] init: Command 'init_user0' action=post-fs-data (/system/etc/init/hw/init.rc:1018) took 247ms and succeeded
[  120.462108] vold: keystore2 Keystore generateKey returned service specific error: -67
[  120.502345] vold: Failed to generate rollback-resistant key.  This is expected if keystore doesn't support rollback resistance.  Falling back to non-rollback-resistant key.
[  120.680533] init: Service 'exec 9 (/system/bin/vdc --wait cryptfs init_user0)' (pid 424) exited with status 0 waiting took 0.482000 seconds
[  120.733498] init: Sending signal 9 to service 'exec 9 (/system/bin/vdc --wait cryptfs init_user0)' (pid 424) process group...
[  120.785248] libprocessgroup: Removed cgroup /sys/fs/cgroup/system/uid_0/pid_424
[  120.914366] selinux: SELinux: Skipping restorecon on directory(/data/system/shutdown-checkpoints)
[  121.005355] init: Command 'restorecon --recursive --skip-ce /data' action=post-fs-data (/system/etc/init/hw/init.rc:1021) took 185ms and succeeded
[  121.065322] init: starting service 'derive_classpath'...
[  121.109808] init: ... started service 'derive_classpath' has pid 428
[  121.137325] init: SVC_EXEC service 'derive_classpath' pid 428 (uid 1000 gid 1000+1 context default) started; waiting...
[  121.187163] init: Command 'exec_start derive_classpath' action=post-fs-data (/system/etc/init/hw/init.rc:1025) took 122ms and succeeded
[  121.233716] init: Service 'derive_classpath' (pid 428) exited with status 0 waiting took 0.144000 seconds
[  121.271835] init: Sending signal 9 to service 'derive_classpath' (pid 428) process group...
[  121.309482] libprocessgroup: Removed cgroup /sys/fs/cgroup/system/uid_1000/pid_428
[  121.345640] init: starting service 'art_boot'...
[  121.396453] init: ... started service 'art_boot' has pid 429
[  121.422729] init: SVC_EXEC service 'art_boot' pid 429 (uid 0 gid 0+0 context default) started; waiting...
[  121.465126] init: Command 'exec_start art_boot' action=post-fs-data (/system/etc/init/hw/init.rc:1031) took 119ms and succeeded
[  121.515171] init: Service 'art_boot' (pid 429) exited with status 0 waiting took 0.146000 seconds
[  121.552856] init: Sending signal 9 to service 'art_boot' (pid 429) process group...
[  121.583229] libprocessgroup: Removed cgroup /sys/fs/cgroup/system/uid_0/pid_429
[  121.613334] init: starting service 'odsign'...
[  121.652089] init: ... started service 'odsign' has pid 430
[  121.675856] init: Command 'start odsign' action=post-fs-data (/system/etc/init/hw/init.rc:1036) took 62ms and succeeded
[  122.408802] fs-verity: sha256 using implementation "sha256-ni" (multibuffer)
[  122.451753] init: Wait for property 'odsign.key.done=1' took 729ms
[  122.481252] init: starting service 'apexd-snapshotde'...
[  122.524657] init: ... started service 'apexd-snapshotde' has pid 433
[  122.556339] init: SVC_EXEC service 'apexd-snapshotde' pid 433 (uid 0 gid 1000+0 context default) started; waiting...
[  122.564919] apexd: Started. subcommand = --snapshotde
[  122.598812] init: Command 'exec_start apexd-snapshotde' action=post-fs-data (/system/etc/init/hw/init.rc:1050) took 117ms and succeeded
[  122.599035] init: Sending signal 9 to service 'odsign' (pid 430) process group...
[  122.624595] libprocessgroup: Removed cgroup /sys/fs/cgroup/system/uid_0/pid_430
[  122.725604] apexd-snapshotde: Thread Pool max thread count is 0. Cannot cache binder as linkToDeath cannot be implemented. serviceName: vold
[  122.735410] init: Control message: Processed ctl.stop for 'odsign' from pid: 430 (/system/bin/odsign)
[  122.805416] apexd-snapshotde: Marking APEXd as ready
[  122.815646] init: Service 'odsign' (pid 430) received signal 9
[  122.815657] init: Sending signal 9 to service 'odsign' (pid 430) process group...
[  122.815734] libprocessgroup: Failed to write 1 to /sys/fs/cgroup/system/uid_0/pid_430/cgroup.kill: No such file or directory
[  122.815744] libprocessgroup: Failed to open /sys/fs/cgroup/system/uid_0/pid_430/cgroup.procs: No such file or directory
[  122.991564] init: Service 'apexd-snapshotde' (pid 433) exited with status 0 waiting took 0.479000 seconds
[  123.035552] init: Sending signal 9 to service 'apexd-snapshotde' (pid 433) process group...
[  123.075957] libprocessgroup: Removed cgroup /sys/fs/cgroup/system/uid_0/pid_433
[  123.122167] init: processing action (post-fs-data) from (/system/etc/init/hw/init.usb.rc:6)
[  123.166300] init: Encryption policy of /data/adb set to d506e2f62f1a7ee0a7bb67bd88421a9d v2 modes 1/4 flags 0x2
[  123.208952] init: processing action (post-fs-data) from (/vendor/etc/init/hw/init.ranchu.rc:69)
[  123.250989] init: starting service 'qemu-device-state'...
[  123.296121] init: ... started service 'qemu-device-state' has pid 434
[  123.326948] init: Command 'start qemu-device-state' action=post-fs-data (/vendor/etc/init/hw/init.ranchu.rc:73) took 76ms and succeeded
[  123.382356] init: Service 'qemu-device-state' (pid 434) exited with status 0 oneshot service took 0.107000 seconds in background
[  123.437956] init: Sending signal 9 to service 'qemu-device-state' (pid 434) process group...
[  123.479547] libprocessgroup: Removed cgroup /sys/fs/cgroup/system/uid_0/pid_434
[  123.517534] init: starting service 'ranchu-adb-setup'...
[  123.564291] init: ... started service 'ranchu-adb-setup' has pid 436
[  123.595894] init: Command 'start ranchu-adb-setup' action=post-fs-data (/vendor/etc/init/hw/init.ranchu.rc:74) took 78ms and succeeded
[  123.648324] init: Service 'ranchu-adb-setup' (pid 436) exited with status 0 oneshot service took 0.103000 seconds in background
[  123.692890] init: Sending signal 9 to service 'ranchu-adb-setup' (pid 436) process group...
[  123.730829] libprocessgroup: Removed cgroup /sys/fs/cgroup/system/uid_1000/pid_436
[  123.764786] init: processing action (ro.boot.qemu.virtiowifi=1 && post-fs-data) from (/vendor/etc/init/hw/init.ranchu.rc:121)
[  123.820084] init: starting service 'ranchu-net'...
[  123.863814] init: ... started service 'ranchu-net' has pid 439
[  123.895185] init: Command 'start ranchu-net' action=ro.boot.qemu.virtiowifi=1 && post-fs-data (/vendor/etc/init/hw/init.ranchu.rc:122) took 75ms and succeeded
[  123.969873] init: processing action (post-fs-data) from (/system/etc/init/bootstat.rc:9)
[  124.012789] init: processing action (ro.boot.dynamic_partitions=true && ro.debuggable=1 && post-fs-data) from (/system/etc/init/clean_scratch_files.rc:1)
[  124.073734] init: starting service 'exec 10 (/system/bin/clean_scratch_files)'...
[  124.122605] init: ... started service 'exec 10 (/system/bin/clean_scratch_files)' has pid 444
[  124.179861] init: Command 'exec_background - root root -- /system/bin/clean_scratch_files' action=ro.boot.dynamic_partitions=true && ro.debuggable=1 && post-fs-data (/system/etc/init/clean_scratch_files.rc:2) took 106ms and succeeded
[  124.269629] init: Service 'ranchu-net' (pid 439) exited with status 0 oneshot service took 0.425000 seconds in background
[  124.324255] init: Sending signal 9 to service 'ranchu-net' (pid 439) process group...
[  124.354515] libprocessgroup: Removed cgroup /sys/fs/cgroup/system/uid_0/pid_439
[  124.389110] init: Service 'exec 10 (/system/bin/clean_scratch_files)' (pid 444) exited with status 0 oneshot service took 0.283000 seconds in background
[  124.445039] init: Sending signal 9 to service 'exec 10 (/system/bin/clean_scratch_files)' (pid 444) process group...
[  124.490645] libprocessgroup: Removed cgroup /sys/fs/cgroup/system/uid_0/pid_444
[  124.527922] init: processing action (post-fs-data) from (/system/etc/init/gsid.rc:17)
[  124.562868] init: Not setting encryption policy on: /data/gsi
[  124.588798] init: processing action (post-fs-data) from (/system/etc/init/incidentd.rc:21)
[  124.625042] init: processing action (post-fs-data) from (/system/etc/init/logtagd.rc:4)
[  124.658117] init: processing action (post-fs-data) from (/system/etc/init/otapreopt.rc:3)
[  124.695856] init: starting service 'exec 11 (/system/bin/otapreopt_slot)'...
[  124.743444] init: ... started service 'exec 11 (/system/bin/otapreopt_slot)' has pid 445
[  124.784593] init: SVC_EXEC service 'exec 11 (/system/bin/otapreopt_slot)' pid 445 (uid 0 gid 0+0 context default) started; waiting...
[  124.843597] init: Command 'exec - root -- /system/bin/otapreopt_slot' action=post-fs-data (/system/etc/init/otapreopt.rc:4) took 147ms and succeeded
[  124.913344] init: Service 'exec 11 (/system/bin/otapreopt_slot)' (pid 445) exited with status 1 waiting took 0.189000 seconds
[  124.965533] init: Sending signal 9 to service 'exec 11 (/system/bin/otapreopt_slot)' (pid 445) process group...
[  125.024170] libprocessgroup: Removed cgroup /sys/fs/cgroup/system/uid_0/pid_445
[  125.063513] selinux: SELinux:  Could not stat /data/dalvik-cache/arm: No such file or directory.
[  125.114208] selinux: SELinux:  Could not stat /data/dalvik-cache/arm64: No such file or directory.
[  125.172489] selinux: SELinux:  Could not stat /data/dalvik-cache/riscv64: No such file or directory.
[  125.230339] selinux: SELinux:  Could not stat /data/dalvik-cache/x86: No such file or directory.
[  125.283395] selinux: SELinux:  Could not stat /data/dalvik-cache/x86_64: No such file or directory.
[  125.326662] init: Command 'restorecon_recursive /data/dalvik-cache/arm /data/dalvik-cache/arm64 /data/dalvik-cache/riscv64 /data/dalvik-cache/x86 /data/dalvik-cache/x86_64' action=post-fs-data (/system/etc/init/otapreopt.rc:8) took 263ms and succeeded
[  125.440790] init: processing action (post-fs-data) from (/system/etc/init/perfetto.rc:103)
[  125.477081] init: Command 'rm /data/misc/perfetto-traces/.guardraildata' action=post-fs-data (/system/etc/init/perfetto.rc:104) took 0ms and failed: unlink() failed: No such file or directory
[  125.553175] init: processing action (post-fs-data) from (/system/etc/init/profcollectd.rc:9)
[  125.597855] init: processing action (post-fs-data) from (/system/etc/init/recovery-persist.rc:1)
[  125.635535] init: starting service 'exec 12 (/system/bin/recovery-persist)'...
[  125.692123] init: ... started service 'exec 12 (/system/bin/recovery-persist)' has pid 448
[  125.732618] init: Command 'exec_background - system log -- /system/bin/recovery-persist' action=post-fs-data (/system/etc/init/recovery-persist.rc:3) took 97ms and succeeded
[  125.806245] init: Service 'exec 12 (/system/bin/recovery-persist)' (pid 448) exited with status 0 oneshot service took 0.136000 seconds in background
[  125.865699] init: Sending signal 9 to service 'exec 12 (/system/bin/recovery-persist)' (pid 448) process group...
[  125.910533] libprocessgroup: Removed cgroup /sys/fs/cgroup/system/uid_1000/pid_448
[  125.954532] init: processing action (post-fs-data) from (/system/etc/init/wifi.rc:18)
[  125.990585] selinux: SELinux: Skipping restorecon on directory(/data/misc/apexdata/com.android.wifi)
[  126.030960] init: processing action (post-fs-data) from (/system_ext/etc/init/init.system_ext.radio.rc:1)
[  126.079491] init: processing action (post-fs-data) from (/vendor/etc/init/hostapd.android.rc:9)
[  126.120687] init: processing action (load-bpf-programs) from (/system/etc/init/hw/init.rc:1080)
[  126.157565] init: starting service 'bpfloader'...
[  126.198228] init: ... started service 'bpfloader' has pid 449
[  126.222908] init: SVC_EXEC service 'bpfloader' pid 449 (uid 0 gid 0+7 context default) started; waiting...
[  126.229913] NetBpfLoad: NetBpfLoad v0.47 (/apex/com.android.tethering/bin/netbpfload) api:36/36 kver:6060042 (64-on-x86-64) libbpf: v1.4 uid:0 rc:01
[  126.258913] init: Command 'exec_start bpfloader' action=load-bpf-programs (/system/etc/init/hw/init.rc:1081) took 101ms and succeeded
[  126.307750] NetBpfLoad: Tethering APEX version 360527520
[  126.390510] NetBpfLoad: detected 5 of 5: 2025Q2 api:36.0.0
[  126.428412] NetBpfLoad: map /sys/fs/bpf/tethering/map_test_tether_downstream6_map id 1
[  126.467636] NetBpfLoad: map /sys/fs/bpf/tethering/map_test_tether2_downstream6_map id 2
[  126.502822] NetBpfLoad: map /sys/fs/bpf/tethering/map_test_tether3_downstream6_map id 3
[  126.545460] NetBpfLoad: map /sys/fs/bpf/tethering/map_test_bitmap id 4
[  126.625407] NetBpfLoad: map /sys/fs/bpf/tethering/map_offload_tether_error_map id 5
[  126.664457] NetBpfLoad: map /sys/fs/bpf/tethering/map_offload_tether_stats_map id 6
[  126.703189] NetBpfLoad: map /sys/fs/bpf/tethering/map_offload_tether_limit_map id 7
[  126.737992] NetBpfLoad: map /sys/fs/bpf/tethering/map_offload_tether_downstream6_map id 8
[  126.777428] NetBpfLoad: map /sys/fs/bpf/tethering/map_offload_tether_downstream64_map id 9
[  126.814497] NetBpfLoad: map /sys/fs/bpf/tethering/map_offload_tether_upstream6_map id 10
[  126.850345] NetBpfLoad: map /sys/fs/bpf/tethering/map_offload_tether_downstream4_map id 11
[  126.884178] NetBpfLoad: map /sys/fs/bpf/tethering/map_offload_tether_upstream4_map id 12
[  126.918209] NetBpfLoad: map /sys/fs/bpf/tethering/map_offload_tether_dev_map id 13
[  126.976496] NetBpfLoad: prog /sys/fs/bpf/tethering/prog_offload_schedcls_tether_downstream6_ether id 2 len jit:1662 xlat:2928
[  127.023916] NetBpfLoad: prog /sys/fs/bpf/tethering/prog_offload_schedcls_tether_upstream6_ether id 3 len jit:1725 xlat:3040
[  127.064963] NetBpfLoad: prog /sys/fs/bpf/tethering/prog_offload_schedcls_tether_downstream6_rawip id 4 len jit:1714 xlat:3056
[  127.109393] NetBpfLoad: prog /sys/fs/bpf/tethering/prog_offload_schedcls_tether_upstream6_rawip id 5 len jit:1788 xlat:3192
[  127.155990] NetBpfLoad: prog /sys/fs/bpf/tethering/prog_offload_schedcls_tether_downstream4_rawip id 6 len jit:3884 xlat:7000
[  127.201981] NetBpfLoad: prog /sys/fs/bpf/tethering/prog_offload_schedcls_tether_upstream4_rawip id 7 len jit:3872 xlat:6984
[  127.249918] NetBpfLoad: prog /sys/fs/bpf/tethering/prog_offload_schedcls_tether_downstream4_ether id 8 len jit:3652 xlat:6568
[  127.303543] NetBpfLoad: prog /sys/fs/bpf/tethering/prog_offload_schedcls_tether_upstream4_ether id 9 len jit:3638 xlat:6552
[  127.352567] NetBpfLoad: prog /sys/fs/bpf/tethering/prog_offload_xdp_tether_downstream_ether id 10 len jit:26 xlat:16
[  127.399136] NetBpfLoad: prog /sys/fs/bpf/tethering/prog_offload_xdp_tether_downstream_rawip id 11 len jit:26 xlat:16
[  127.450332] NetBpfLoad: prog /sys/fs/bpf/tethering/prog_offload_xdp_tether_upstream_ether id 12 len jit:26 xlat:16
[  127.497725] NetBpfLoad: prog /sys/fs/bpf/tethering/prog_offload_xdp_tether_upstream_rawip id 13 len jit:26 xlat:16
[  127.692663] NetBpfLoad: map /sys/fs/bpf/netd_shared/map_netd_configuration_map id 14
[  127.747482] NetBpfLoad: map /sys/fs/bpf/netd_shared/map_netd_blocked_ports_map id 15
[  127.798206] NetBpfLoad: map /sys/fs/bpf/netd_shared/map_netd_cookie_tag_map id 16
[  127.900942] NetBpfLoad: map /sys/fs/bpf/netd_shared/map_netd_uid_counterset_map id 17
[  127.981292] NetBpfLoad: map /sys/fs/bpf/netd_shared/map_netd_app_uid_stats_map id 18
[  128.015670] NetBpfLoad: map /sys/fs/bpf/netd_shared/map_netd_stats_map_A id 19
[  128.047003] NetBpfLoad: map /sys/fs/bpf/netd_shared/map_netd_stats_map_B id 20
[  128.081370] NetBpfLoad: map /sys/fs/bpf/netd_shared/map_netd_iface_stats_map id 21
[  128.118158] NetBpfLoad: map /sys/fs/bpf/netd_shared/map_netd_uid_owner_map id 22
[  128.153370] NetBpfLoad: map /sys/fs/bpf/netd_shared/map_netd_uid_permission_map id 23
[  128.196540] NetBpfLoad: map /sys/fs/bpf/netd_shared/map_netd_ingress_discard_map id 24
[  128.233717] NetBpfLoad: map /sys/fs/bpf/netd_shared/map_netd_lock_array_test_map id 25
[  128.271810] NetBpfLoad: map /sys/fs/bpf/netd_shared/map_netd_lock_hash_test_map id 26
[  128.311411] NetBpfLoad: map /sys/fs/bpf/netd_shared/map_netd_iface_index_name_map id 27
[  128.349373] NetBpfLoad: map /sys/fs/bpf/netd_shared/map_netd_packet_trace_enabled_map id 28
[  128.382780] NetBpfLoad: map /sys/fs/bpf/netd_shared/map_netd_packet_trace_ringbuf id 29
[  128.414240] NetBpfLoad: map /sys/fs/bpf/netd_shared/map_netd_data_saver_enabled_map id 30
[  128.444454] NetBpfLoad: map /sys/fs/bpf/netd_shared/map_netd_local_net_access_map id 31
[  128.479069] NetBpfLoad: map /sys/fs/bpf/netd_shared/map_netd_local_net_blocked_uid_map id 32
[  128.561210] NetBpfLoad: prog /sys/fs/bpf/netd_shared/prog_netd_cgroupskb_ingress_stats id 14 len jit:3325 xlat:5720
[  128.610925] NetBpfLoad: prog /sys/fs/bpf/netd_shared/prog_netd_cgroupskb_ingress_stats id 14 len jit:3325 xlat:5720
[  128.670616] NetBpfLoad: prog /sys/fs/bpf/netd_shared/prog_netd_cgroupskb_egress_stats id 15 len jit:2907 xlat:4960
[  128.722332] NetBpfLoad: prog /sys/fs/bpf/netd_shared/prog_netd_cgroupskb_egress_stats id 15 len jit:2907 xlat:4960
[  128.776339] NetBpfLoad: prog /sys/fs/bpf/netd_shared/prog_netd_skfilter_egress_xtbpf id 16 len jit:404 xlat:640
[  128.825796] NetBpfLoad: prog /sys/fs/bpf/netd_shared/prog_netd_skfilter_ingress_xtbpf id 17 len jit:314 xlat:488
[  128.888802] NetBpfLoad: prog /sys/fs/bpf/netd_shared/prog_netd_schedact_ingress_account id 18 len jit:330 xlat:512
[  128.939110] NetBpfLoad: prog /sys/fs/bpf/netd_shared/prog_netd_skfilter_allowlist_xtbpf id 19 len jit:141 xlat:184
[  128.986713] NetBpfLoad: prog /sys/fs/bpf/netd_shared/prog_netd_skfilter_denylist_xtbpf id 20 len jit:99 xlat:144
[  129.039515] NetBpfLoad: prog /sys/fs/bpf/netd_shared/prog_netd_cgroupsock_inet_create id 21 len jit:118 xlat:152
[  129.091864] NetBpfLoad: prog /sys/fs/bpf/netd_shared/prog_netd_cgroupsockrelease_inet_release id 22 len jit:69 xlat:80
[  129.145541] NetBpfLoad: prog /sys/fs/bpf/netd_shared/prog_netd_bind4_inet4_bind id 23 len jit:232 xlat:328
[  129.194018] NetBpfLoad: prog /sys/fs/bpf/netd_shared/prog_netd_bind6_inet6_bind id 24 len jit:232 xlat:328
[  129.245602] NetBpfLoad: prog /sys/fs/bpf/netd_shared/prog_netd_connect4_inet4_connect id 25 len jit:26 xlat:16
[  129.288970] NetBpfLoad: prog /sys/fs/bpf/netd_shared/prog_netd_connect6_inet6_connect id 26 len jit:26 xlat:16
[  129.344240] NetBpfLoad: prog /sys/fs/bpf/netd_shared/prog_netd_recvmsg4_udp4_recvmsg id 27 len jit:26 xlat:16
[  129.409021] NetBpfLoad: prog /sys/fs/bpf/netd_shared/prog_netd_recvmsg6_udp6_recvmsg id 28 len jit:26 xlat:16
[  129.455673] NetBpfLoad: prog /sys/fs/bpf/netd_shared/prog_netd_sendmsg4_udp4_sendmsg id 29 len jit:26 xlat:16
[  129.496396] NetBpfLoad: prog /sys/fs/bpf/netd_shared/prog_netd_sendmsg6_udp6_sendmsg id 30 len jit:26 xlat:16
[  129.539455] NetBpfLoad: prog /sys/fs/bpf/netd_shared/prog_netd_getsockopt_prog id 31 len jit:31 xlat:32
[  129.577371] NetBpfLoad: prog /sys/fs/bpf/netd_shared/prog_netd_setsockopt_prog id 32 len jit:31 xlat:32
[  129.620407] NetBpfLoad: map /sys/fs/bpf/net_shared/map_dscpPolicy_socket_policy_cache_map id 33
[  129.660670] NetBpfLoad: map /sys/fs/bpf/net_shared/map_dscpPolicy_ipv4_dscp_policies_map id 34
[  129.729444] NetBpfLoad: map /sys/fs/bpf/net_shared/map_dscpPolicy_ipv6_dscp_policies_map id 35
[  129.946921] NetBpfLoad: prog /sys/fs/bpf/net_shared/prog_dscpPolicy_schedcls_set_dscp_ether id 33 len jit:2400 xlat:4536
[  130.059751] NetBpfLoad: map /sys/fs/bpf/net_shared/map_clatd_clat_ingress6_map id 36
[  130.136308] NetBpfLoad: map /sys/fs/bpf/net_shared/map_clatd_clat_egress4_map id 37
[  130.207337] NetBpfLoad: prog /sys/fs/bpf/net_shared/prog_clatd_schedcls_ingress6_clat_ether id 34 len jit:1841 xlat:3192
[  130.323714] NetBpfLoad: prog /sys/fs/bpf/net_shared/prog_clatd_schedcls_ingress6_clat_rawip id 35 len jit:1504 xlat:2536
[  130.400887] NetBpfLoad: prog /sys/fs/bpf/net_shared/prog_clatd_schedcls_egress4_clat_rawip id 36 len jit:1258 xlat:2096
[  130.467467] NetBpfLoad: done, transferring control to uprobestatsbpfload.
[  130.551757] UprobeStatsBpfLoad: UprobeStatsBpfLoad loading optional ELF object /apex/com.android.uprobestats/etc/bpf/uprobestats/BitmapAllocation.o with license GPL
[  130.688214] UprobeStatsBpfLoad: UprobeStatsBpfLoad loading optional ELF object /apex/com.android.uprobestats/etc/bpf/uprobestats/MalwareSignal.o with license GPL
[  130.783036] UprobeStatsBpfLoad: UprobeStatsBpfLoad loading optional ELF object /apex/com.android.uprobestats/etc/bpf/uprobestats/GenericInstrumentation.o with license GPL
[  130.901526] UprobeStatsBpfLoad: UprobeStatsBpfLoad loading optional ELF object /apex/com.android.uprobestats/etc/bpf/uprobestats/ProcessManagement.o with license GPL
[  131.015533] UprobeStatsBpfLoad: BPF_PROG_LOAD call for /apex/com.android.uprobestats/etc/bpf/uprobestats/ProcessManagement.o (uprobe_update_device_idle_temp_allowlist) returned fd: -1 (Permission denied)
[  131.105216] UprobeStatsBpfLoad: BPF_PROG_LOAD - BEGIN log_buf contents:
[  131.137778] UprobeStatsBpfLoad: 0: R1=ctx(off=0,imm=0) R10=fp0
[  131.165019] UprobeStatsBpfLoad: 0: (bf) r7 = r1                       ; R1=ctx(off=0,imm=0) R7_w=ctx(off=0,imm=0)
[  131.250998] UprobeStatsBpfLoad: 1: (b7) r8 = 0                        ; R8_w=0
[  131.289854] UprobeStatsBpfLoad: 2: (18) r1 = 0xffff9e88e51b9600       ; R1_w=map_ptr(off=0,ks=0,vs=0,imm=0)
[  131.338699] UprobeStatsBpfLoad: 4: (b7) r2 = 288                      ; R2_w=288
[  131.380105] UprobeStatsBpfLoad: 5: (b7) r3 = 0                        ; R3_w=0
[  131.408617] UprobeStatsBpfLoad: 6: (85) call bpf_ringbuf_reserve#131          ; R0_w=ringbuf_mem_or_null(id=2,ref_obj_id=2,off=0,imm=0) refs=2
[  131.461668] UprobeStatsBpfLoad: 7: (bf) r6 = r0                       ; R0_w=ringbuf_mem_or_null(id=2,ref_obj_id=2,off=0,imm=0) R6_w=ringbuf_mem_or_null(id=2,ref_obj_id=2,off=0,imm=0) refs=2
[  131.528594] UprobeStatsBpfLoad: 8: (b7) r0 = 1                        ; R0_w=1 refs=2
[  131.567747] UprobeStatsBpfLoad: 9: (15) if r6 == 0x0 goto pc+49       ; R6_w=ringbuf_mem(ref_obj_id=2,off=0,imm=0) refs=2
[  131.623354] UprobeStatsBpfLoad: 10: (79) r1 = *(u64 *)(r7 +24)        ; R1_w=scalar() R7_w=ctx(off=0,imm=0) refs=2
[  131.671577] UprobeStatsBpfLoad: 11: (63) *(u32 *)(r6 +0) = r1         ; R1_w=scalar() R6_w=ringbuf_mem(ref_obj_id=2,off=0,imm=0) refs=2
[  131.730197] UprobeStatsBpfLoad: 12: (79) r2 = *(u64 *)(r7 +32)        ; R2_w=scalar() R7_w=ctx(off=0,imm=0) refs=2
[  131.771494] UprobeStatsBpfLoad: 13: (b7) r1 = 1                       ; R1=1 refs=2
[  131.803406] UprobeStatsBpfLoad: 14: (55) if r2 != 0x0 goto pc+1       ; R2=0 refs=2
[  131.830403] UprobeStatsBpfLoad: 15: (b7) r1 = 0                       ; R1_w=0 refs=2
[  131.874869] UprobeStatsBpfLoad: 16: (73) *(u8 *)(r6 +4) = r1          ; R1_w=0 R6=ringbuf_mem(ref_obj_id=2,off=0,imm=0) refs=2
[  131.938060] UprobeStatsBpfLoad: 17: (79) r1 = *(u64 *)(r7 +40)        ; R1_w=scalar() R7=ctx(off=0,imm=0) refs=2
[  131.976226] UprobeStatsBpfLoad: 18: (7b) *(u64 *)(r6 +8) = r1         ; R1_w=scalar() R6=ringbuf_mem(ref_obj_id=2,off=0,imm=0) refs=2
[  132.019355] UprobeStatsBpfLoad: 19: (79) r1 = *(u64 *)(r7 +48)        ; R1_w=scalar() R7=ctx(off=0,imm=0) refs=2
[  132.056444] UprobeStatsBpfLoad: 20: (63) *(u32 *)(r6 +16) = r1        ; R1_w=scalar() R6=ringbuf_mem(ref_obj_id=2,off=0,imm=0) refs=2
[  132.098113] UprobeStatsBpfLoad: 21: (79) r1 = *(u64 *)(r7 +56)        ; R1_w=scalar() R7=ctx(off=0,imm=0) refs=2
[  132.141536] UprobeStatsBpfLoad: 22: (63) *(u32 *)(r6 +20) = r1        ; R1_w=scalar() R6=ringbuf_mem(ref_obj_id=2,off=0,imm=0) refs=2
[  132.194279] UprobeStatsBpfLoad: 23: (7b) *(u64 *)(r10 -16) = r8       ; R8=0 R10=fp0 fp-16_w=00000000 refs=2
[  132.230980] UprobeStatsBpfLoad: 24: (79) r3 = *(u64 *)(r7 +248)
[  132.253632] UprobeStatsBpfLoad: invalid bpf_context access off=248 size=8
[  132.278487] UprobeStatsBpfLoad: processed 24 insns (limit 1000000) max_states_per_insn 0 total_states 1 peak_states 1 mark_read 1
[  132.324175] UprobeStatsBpfLoad: 
[  132.341932] UprobeStatsBpfLoad: BPF_PROG_LOAD - END log_buf contents.
[  132.373252] UprobeStatsBpfLoad: non-optional program failed to load.
[  132.396389] UprobeStatsBpfLoad: Failed to load programs, loadCodeSections ret=-1
[  132.422312] UprobeStatsBpfLoad: Failed to load object: /apex/com.android.uprobestats/etc/bpf/uprobestats/ProcessManagement.o, ret: Operation not permitted
[  132.527008] bpfloader[449]: memfd_create() called without MFD_EXEC or MFD_NOEXEC_SEAL set
[  132.593141] BpfLoader: Platform BpfLoader loading optional ELF object /system/etc/bpf/fuseMedia.o with license GPL
[  132.658671] BpfLoader: No maps section could be found in elf object
[  132.820473] BpfLoader: Platform BpfLoader loading optional ELF object /system/etc/bpf/gpuWork.o with license Apache 2.0
[  132.889931] BpfLoader: Platform BpfLoader loading optional ELF object /system/etc/bpf/gpuMem.o with license Apache 2.0
[  132.958927] BpfLoader: Platform BpfLoader loading critical for BPF Ringbuf test ELF object /system/etc/bpf/bpfRingbufProg.o with license Apache 2.0
[  133.021230] BpfLoader: Platform BpfLoader loading optional ELF object /system/etc/bpf/memevents/bpfMemEvents.o with license GPL
[  133.080328] BpfLoader: Platform BpfLoader loading optional ELF object /system/etc/bpf/memevents/bpfMemEventsTest.o with license GPL
[  133.143037] BpfLoader: Platform BpfLoader loading critical for healthd ELF object /vendor/etc/bpf/filterPowerSupplyEvents.o with license Apache 2.0
[  133.209467] BpfLoader: No maps section could be found in elf object
[  133.380886] NetBpfLoad: success.
[  133.400003] init: Service 'bpfloader' (pid 449) exited with status 0 waiting took 7.220000 seconds
[  133.444459] init: Sending signal 9 to service 'bpfloader' (pid 449) process group...
[  133.486026] libprocessgroup: Removed cgroup /sys/fs/cgroup/system/uid_0/pid_449
[  133.527886] init: processing action (sys.init.perf_lsm_hooks=1 && load-bpf-programs) from (/system/etc/init/hw/init.rc:1256)
[  133.578292] init: processing action (bpf-progs-loaded) from (/system/etc/init/hw/init.rc:1083)
[  133.631856] init: starting service 'netd'...
[  133.660536] init: Created socket '/dev/socket/dnsproxyd', mode 660, user 0, group 3003
[  133.715970] init: Created socket '/dev/socket/mdns', mode 660, user 0, group 1000
[  133.752311] init: Created socket '/dev/socket/fwmarkd', mode 660, user 0, group 3003
[  133.811178] init: ... started service 'netd' has pid 450
[  133.842816] init: Command 'start netd' action=bpf-progs-loaded (/system/etc/init/hw/init.rc:1084) took 211ms and succeeded
[  133.907633] init: processing action (zygote-start) from (/system/etc/init/hw/init.rc:1088)
[  133.946067] init: start_waiting_for_property("odsign.verification.done", "1"): already set
[  133.981697] init: starting service 'update_verifier'...
[  134.041907] init: ... started service 'update_verifier' has pid 451
[  134.066800] init: SVC_EXEC service 'update_verifier' pid 451 (uid 0 gid 2001+1 context default) started; waiting...
[  134.122123] init: Command 'exec_start update_verifier' action=zygote-start (/system/etc/init/hw/init.rc:1091) took 140ms and succeeded
[  134.189620] init: Service 'update_verifier' (pid 451) exited with status 0 waiting took 0.180000 seconds
[  134.230783] init: Sending signal 9 to service 'update_verifier' (pid 451) process group...
[  134.269166] libprocessgroup: Removed cgroup /sys/fs/cgroup/system/uid_0/pid_451
[  134.301280] init: starting service 'statsd'...
[  134.327677] init: Created socket '/dev/socket/statsdw', mode 222, user 1066, group 1066
[  134.401655] init: ... started service 'statsd' has pid 452
[  134.432486] init: Command 'start statsd' action=zygote-start (/system/etc/init/hw/init.rc:1092) took 131ms and succeeded
[  134.477251] init: starting service 'zygote'...
[  134.495452] init: Created socket '/dev/socket/zygote', mode 660, user 0, group 1000
[  134.526541] init: Created socket '/dev/socket/usap_pool_primary', mode 660, user 0, group 1000
[  134.598309] init: ... started service 'zygote' has pid 456
[  134.625611] init: Command 'start zygote' action=zygote-start (/system/etc/init/hw/init.rc:1093) took 148ms and succeeded
[  134.673884] init: Command 'start zygote_secondary' action=zygote-start (/system/etc/init/hw/init.rc:1094) took 0ms and failed: service zygote_secondary not found
[  134.749603] init: processing action (zygote-start) from (/vendor/etc/init/hw/init.ranchu.rc:76)
[  134.805586] init: processing action (firmware_mounts_complete) from (/system/etc/init/hw/init.rc:497)
[  134.859191] init: processing action (early-boot) from (/system/etc/init/installd.rc:7)
[  134.927712] init: processing action (early-boot) from (/system/etc/init/kcmdlinectrl.rc:17)
[  134.966440] init: starting service 'exec 13 (/system/bin/kcmdlinectrl update-props)'...
[  135.063216] selinux: SELinux:  Could not stat /sys/devices/virtual/net/ipsec_test/queues/tx-0: No such file or directory.
[  135.151999] init: ... started service 'exec 13 (/system/bin/kcmdlinectrl update-props)' has pid 462
[  135.222706] init: Command 'exec_background -- /system/bin/kcmdlinectrl update-props' action=early-boot (/system/etc/init/kcmdlinectrl.rc:18) took 256ms and succeeded
[  135.304881] init: Service 'exec 13 (/system/bin/kcmdlinectrl update-props)' (pid 462) exited with status 1 oneshot service took 0.258000 seconds in background
[  135.378960] init: Sending signal 9 to service 'exec 13 (/system/bin/kcmdlinectrl update-props)' (pid 462) process group...
[  135.441274] servicemanager: getDeviceHalManifest: Reloading VINTF information.
[  135.441594] libprocessgroup: Removed cgroup /sys/fs/cgroup/system/uid_0/pid_462
[  135.500477] servicemanager: getDeviceHalManifest: Reading VINTF information.
[  135.501559] servicemanager: Loaded APEX Infos from /apex/apex-info-list.xml
[  135.622573] init: processing action (boot) from (/system/etc/init/hw/init.rc:1104)
[  135.660217] init: Command 'symlink /sys/fs/f2fs/${dev.mnt.dev.data} /dev/sys/fs/by-name/userdata' action=boot (/system/etc/init/hw/init.rc:1127) took 0ms and failed: property 'dev.mnt.dev.data' doesn't exist while expanding '/sys/fs/f2fs/${dev.mnt.dev.data}'
[  135.708574] servicemanager: Loaded APEX Infos from /apex/apex-info-list.xml
[  135.776112] init: Command 'symlink /sys/class/block/${dev.mnt.dev.data} /dev/sys/block/by-name/userdata' action=boot (/system/etc/init/hw/init.rc:1132) took 0ms and failed: property 'dev.mnt.dev.data' doesn't exist while expanding '/sys/class/block/${dev.mnt.dev.data}'
[  135.821768] servicemanager: getDeviceHalManifest: Successfully processed VINTF information
[  136.020170] init: Command 'symlink /sys/class/block/${dev.mnt.rootdisk.data} /dev/sys/block/by-name/rootdisk' action=boot (/system/etc/init/hw/init.rc:1133) took 0ms and failed: property 'dev.mnt.rootdisk.data' doesn't exist while expanding '/sys/class/block/${dev.mnt.rootdisk.data}'
[  136.067254] init: starting service 'hidl_memory'...
[  136.200293] servicemanager: getFrameworkHalManifest: Reloading VINTF information.
[  136.258617] servicemanager: getFrameworkHalManifest: Reading VINTF information.
[  136.298106] init: ... started service 'hidl_memory' has pid 474
[  136.330596] servicemanager: Loaded APEX Infos from /apex/apex-info-list.xml
[  136.371667] init: starting service 'vendor.audio-hal'...
[  136.402236] servicemanager: getFrameworkHalManifest: Successfully processed VINTF information
[  136.455699] servicemanager: Caller(pid=450,uid=0,sid=u:r:netd:s0) Found android.system.net.netd.INetd/default in framework VINTF manifest.
[  136.520264] init: ... started service 'vendor.audio-hal' has pid 475
[  136.573703] init: starting service 'vendor.camera-provider-ranchu'...
[  136.617104] init: ... started service 'vendor.camera-provider-ranchu' has pid 476
[  136.665727] init: starting service 'vendor.camera-provider-2-7-google'...
[  136.799031] init: ... started service 'vendor.camera-provider-2-7-google' has pid 477
[  136.859056] init: starting service 'vendor.graphics.allocator'...
[  136.924181] init: ... started service 'vendor.graphics.allocator' has pid 480
[  136.965615] init: starting service 'vendor.health-default'...
[  137.041337] init: ... started service 'vendor.health-default' has pid 481
[  137.180172] init: starting service 'android-hardware-media-c2-goldfish-hal-1-0'...
[  137.305563] init: ... started service 'android-hardware-media-c2-goldfish-hal-1-0' has pid 482
[  137.379608] init: starting service 'vendor.radio-ranchu'...
[  137.644771] init: ... started service 'vendor.radio-ranchu' has pid 483
[  137.719800] init: starting service 'vendor.sensors-hal-multihal'...
[  137.851384] init: ... started service 'vendor.sensors-hal-multihal' has pid 484
[  138.038459] init: starting service 'vendor.usb_default'...
[  138.233554] init: ... started service 'vendor.usb_default' has pid 485
[  138.242241] healthd: batteryCapacityLevelPath not found
[  138.266914] init: starting service 'vendor.wifi_hal_legacy'...
[  138.353738] healthd: batteryChargeTimeToFullNowPath. not found
[  138.391153] healthd: batteryFullChargeDesignCapacityUahPath. not found
[  138.427303] healthd: batteryStateOfHealthPath not found
[  138.458901] healthd: batteryHealthStatusPath not found
[  138.496067] healthd: batteryManufacturingDatePath not found
[  138.526855] init: ... started service 'vendor.wifi_hal_legacy' has pid 486
[  138.550256] healthd: batteryFirstUsageDatePath not found
[  138.568625] init: starting service 'vendor.bluetooth-default'...
[  138.662090] healthd: chargingStatePath not found
[  138.760065] init: ... started service 'vendor.bluetooth-default' has pid 487
[  138.777519] healthd: chargingPolicyPath not found
[  138.804714] init: starting service 'vendor.hwcomposer-3'...
[  138.911321] servicemanager: Caller(pid=485,uid=1000,sid=u:r:hal_usb_default:s0) Found android.hardware.usb.IUsb/default in device VINTF manifest.
[  138.986274] servicemanager: Caller(pid=481,uid=1000,sid=u:r:hal_health_default:s0) Found android.hardware.health.IHealth/default in device VINTF manifest.
[  139.072199] HealthLoop: Successfully attached the BPF filter to the uevent socket
[  139.090383] servicemanager: Caller(pid=483,uid=1001,sid=u:r:hal_radio_default:s0) Found android.hardware.radio.ims.media.IImsMedia/default in device VINTF manifest.
[  139.198988] init: ... started service 'vendor.hwcomposer-3' has pid 490
[  139.250288] healthd: battery l=100 v=5000 t=25.0 h=2 st=2 c=900000 fc=3000000 cc=10 chg=a
[  139.281017] servicemanager: Caller(pid=483,uid=1001,sid=u:r:hal_radio_default:s0) Found android.hardware.radio.config.IRadioConfig/default in device VINTF manifest.
[  139.361943] init: starting service 'vendor.identity-default'...
[  139.430113] init: ... started service 'vendor.identity-default' has pid 496
[  139.499255] init: starting service 'vendor.light-default'...
[  139.526972] servicemanager: Caller(pid=484,uid=1000,sid=u:r:hal_sensors_default:s0) Found android.hardware.sensors.ISensors/default in device VINTF manifest.
[  139.676109] init: ... started service 'vendor.light-default' has pid 497
[  139.703925] servicemanager: Caller(pid=483,uid=1001,sid=u:r:hal_radio_default:s0) Found android.hardware.radio.data.IRadioData/slot1 in device VINTF manifest.
[  139.782257] init: starting service 'vendor.authsecret_default'...
[  139.784027] servicemanager: Caller(pid=486,uid=1010,sid=u:r:hal_wifi_default:s0) Found android.hardware.wifi.IWifi/default in device VINTF manifest.
[  139.889702] init: ... started service 'vendor.authsecret_default' has pid 502
[  139.899478] servicemanager: Caller(pid=487,uid=1002,sid=u:r:hal_bluetooth_default:s0) Found android.hardware.bluetooth.IBluetoothHci/default in device VINTF manifest.
[  139.987609] init: starting service 'vendor.cas-default'...
[  139.988842] servicemanager: Caller(pid=480,uid=1000,sid=u:r:hal_graphics_allocator_default:s0) Found android.hardware.graphics.allocator.IAllocator/default in device VINTF manifest.
[  140.041423] init: ... started service 'vendor.cas-default' has pid 506
[  140.097008] servicemanager: Caller(pid=483,uid=1001,sid=u:r:hal_radio_default:s0) Found android.hardware.radio.ims.IRadioIms/slot1 in device VINTF manifest.
[  140.175582] init: starting service 'vendor.contexthub-default'...
[  140.185889] servicemanager: Caller(pid=496,uid=9999,sid=u:r:hal_identity_default:s0) Found android.hardware.identity.IIdentityCredentialStore/default in device VINTF manifest.
[  140.215100] init: ... started service 'vendor.contexthub-default' has pid 508
[  140.276197] servicemanager: Caller(pid=476,uid=1000,sid=u:r:hal_camera_default:s0) Found android.hardware.camera.provider.ICameraProvider/internal/1 in device VINTF manifest.
[  140.364273] servicemanager: Caller(pid=483,uid=1001,sid=u:r:hal_radio_default:s0) Found android.hardware.radio.messaging.IRadioMessaging/slot1 in device VINTF manifest.
[  140.441119] init: starting service 'neuralnetworks_hal_service_aidl_sample_all'...
[  140.451078] servicemanager: Caller(pid=490,uid=1000,sid=u:r:hal_graphics_composer_default:s0) Found android.hardware.graphics.composer3.IComposer/default in device VINTF manifest.
[  140.482408] init: ... started service 'neuralnetworks_hal_service_aidl_sample_all' has pid 511
[  140.555927] servicemanager: Caller(pid=502,uid=1064,sid=u:r:hal_authsecret_default:s0) Found android.hardware.authsecret.IAuthSecret/default in device VINTF manifest.
[  140.581986] init: starting service 'neuralnetworks_hal_service_aidl_sample_limited'...
[  140.640325] servicemanager: Caller(pid=483,uid=1001,sid=u:r:hal_radio_default:s0) Found android.hardware.radio.modem.IRadioModem/slot1 in device VINTF manifest.
[  140.674298] init: ... started service 'neuralnetworks_hal_service_aidl_sample_limited' has pid 513
[  140.728619] servicemanager: Caller(pid=506,uid=1013,sid=u:r:hal_cas_default:s0) Found android.hardware.cas.IMediaCasService/default in device VINTF manifest.
[  140.760608] init: starting service 'neuralnetworks_hal_service_shim_sample'...
[  140.819604] servicemanager: Caller(pid=483,uid=1001,sid=u:r:hal_radio_default:s0) Found android.hardware.radio.network.IRadioNetwork/slot1 in device VINTF manifest.
[  140.865238] init: ... started service 'neuralnetworks_hal_service_shim_sample' has pid 514
[  140.903463] servicemanager: Caller(pid=483,uid=1001,sid=u:r:hal_radio_default:s0) Found android.hardware.radio.sim.IRadioSim/slot1 in device VINTF manifest.
[  140.994734] init: starting service 'vendor.power-default'...
[  141.001753] servicemanager: Caller(pid=483,uid=1001,sid=u:r:hal_radio_default:s0) Found android.hardware.radio.voice.IRadioVoice/slot1 in device VINTF manifest.
[  141.092537] servicemanager: Caller(pid=483,uid=1001,sid=u:r:hal_radio_default:s0) Found android.hardware.radio.sap.ISap/slot1 in device VINTF manifest.
[  141.097043] init: ... started service 'vendor.power-default' has pid 515
[  141.176461] init: starting service 'vendor.power.stats-default'...
[  141.212318] init: ... started service 'vendor.power.stats-default' has pid 516
[  141.212822] servicemanager: Caller(pid=475,uid=1041,sid=u:r:hal_audio_default:s0) Found android.hardware.bluetooth.audio.IBluetoothAudioProviderFactory/default in device VINTF manifest.
[  141.265717] init: starting service 'vendor.rebootescrow-default'...
[  141.339594] init: ... started service 'vendor.rebootescrow-default' has pid 517
[  141.380107] init: starting service 'vendor.thermal-example'...
[  141.453555] init: ... started service 'vendor.thermal-example' has pid 518
[  141.481795] servicemanager: Caller(pid=508,uid=1080,sid=u:r:hal_contexthub_default:s0) Found android.hardware.contexthub.IContextHub/default in device VINTF manifest.
[  141.555728] init: starting service 'vendor.threadnetwork_hal'...
[  141.622382] servicemanager: Caller(pid=517,uid=1000,sid=u:r:hal_rebootescrow_default:s0) Found android.hardware.rebootescrow.IRebootEscrow/default in device VINTF manifest.
[  141.712641] init: ... started service 'vendor.threadnetwork_hal' has pid 519
[  141.740408] servicemanager: Caller(pid=516,uid=1000,sid=u:r:hal_power_stats_default:s0) Found android.hardware.power.stats.IPowerStats/default in device VINTF manifest.
[  141.811583] init: starting service 'vendor.vibrator-default'...
[  141.851565] servicemanager: Caller(pid=518,uid=9999,sid=u:r:hal_thermal_default:s0) Found android.hardware.thermal.IThermal/default in device VINTF manifest.
[  141.905776] servicemanager: Caller(pid=497,uid=9999,sid=u:r:hal_light_default:s0) Found android.hardware.light.ILights/default in device VINTF manifest.
[  141.962364] servicemanager: Caller(pid=515,uid=9999,sid=u:r:hal_power_default:s0) Found android.hardware.power.IPower/default in device VINTF manifest.
[  142.039502] servicemanager: Caller(pid=519,uid=1084,sid=u:r:hal_threadnetwork_default:s0) Found android.hardware.threadnetwork.IThreadChip/chip0 in device VINTF manifest.
[  142.116317] init: ... started service 'vendor.vibrator-default' has pid 520
[  142.172238] servicemanager: Caller(pid=513,uid=1000,sid=u:r:hal_neuralnetworks_sample:s0) Found android.hardware.neuralnetworks.IDevice/nnapi-sample_quant in device VINTF manifest.
[  142.240514] init: starting service 'vendor.drm-widevine-hal'...
[  142.252903] servicemanager: Caller(pid=477,uid=1000,sid=u:r:hal_camera_default:s0) Found android.hardware.camera.provider.ICameraProvider/internal/0 in device VINTF manifest.
[  142.338442] servicemanager: Caller(pid=511,uid=1000,sid=u:r:hal_neuralnetworks_sample:s0) Found android.hardware.neuralnetworks.IDevice/nnapi-sample_all in device VINTF manifest.
[  142.406126] init: ... started service 'vendor.drm-widevine-hal' has pid 521
[  142.440218] init: Could not start service 'vendor.drm-widevine-hal-rikers' as part of class 'hal': Cannot find '/apex/com.google.android.widevine/bin/hw/android.hardware.drm-service.widevine-rikers': No such file or directory
[  142.594196] init: Command 'class_start hal' action=boot (/system/etc/init/hw/init.rc:1213) took 6568ms and succeeded
[  142.667940] init: service 'ueventd' requested start, but it is already running (flags: 2084)
[  142.740904] servicemanager: Caller(pid=514,uid=1000,sid=u:r:hal_neuralnetworks_sample:s0) Found android.hardware.neuralnetworks.IDevice/nnapi-sample_sl_shim in device VINTF manifest.
[  142.792538] init: service 'console' requested start, but it is already running (flags: 2196)
[  142.902723] init: service 'apexd' requested start, but it is already running (flags: 134)
[  142.946357] init: starting service 'audioserver'...
[  142.948253] servicemanager: Caller(pid=520,uid=9999,sid=u:r:hal_vibrator_default:s0) Found android.hardware.vibrator.IVibrator/default in device VINTF manifest.
[  143.064467] init: ... started service 'audioserver' has pid 522
[  143.067774] servicemanager: Caller(pid=520,uid=9999,sid=u:r:hal_vibrator_default:s0) Found android.hardware.vibrator.IVibratorManager/default in device VINTF manifest.
[  143.093279] init: starting service 'credstore'...
[  143.202745] init: ... started service 'credstore' has pid 523
[  143.230791] init: starting service 'gpu'...
[  143.302347] init: ... started service 'gpu' has pid 524
[  143.329162] init: service 'lmkd' requested start, but it is already running (flags: 36)
[  143.363721] init: starting service 'misctrl'...
[  143.415867] init: ... started service 'misctrl' has pid 525
[  143.436699] init: service 'servicemanager' requested start, but it is already running (flags: 2084)
[  143.470934] init: starting service 'surfaceflinger'...
[  143.537239] init: ... started service 'surfaceflinger' has pid 526
[  143.561884] init: service 'vold' requested start, but it is already running (flags: 2052)
[  143.597284] init: Command 'class_start core' action=boot (/system/etc/init/hw/init.rc:1215) took 929ms and succeeded
[  143.640923] init: Service 'misctrl' (pid 525) exited with status 1 oneshot service took 0.245000 seconds in background
[  143.693881] init: Sending signal 9 to service 'misctrl' (pid 525) process group...
[  143.734377] libprocessgroup: Removed cgroup /sys/fs/cgroup/system/uid_0/pid_525
[  143.774532] init: processing action (persist.sys.usb.config=* && boot) from (/system/etc/init/hw/init.usb.rc:109)
[  143.828967] init: processing action (boot) from (/vendor/etc/init/hw/init.ranchu.rc:82)
[  143.870694] init: processing action (boot) from (/system/etc/init/dumpstate.rc:1)
[  143.904775] init: processing action (boot) from (/system/etc/init/gsid.rc:25)
[  143.942399] init: starting service 'exec 14 (/system/bin/gsid run-startup-tasks)'...
[  143.991684] init: ... started service 'exec 14 (/system/bin/gsid run-startup-tasks)' has pid 528
[  144.029649] init: Command 'exec_background - root root -- /system/bin/gsid run-startup-tasks' action=boot (/system/etc/init/gsid.rc:26) took 87ms and succeeded
[  144.092349] init: processing action (persist.device_config.aconfig_flags.profcollect_native_boot.enabled= && boot) from (/system/etc/init/profcollectd.rc:19)
[  144.148946] init: starting service 'exec 15 (/system/bin/profcollectctl reset)'...
[  144.222667] init: ... started service 'exec 15 (/system/bin/profcollectctl reset)' has pid 532
[  144.246248] servicemanager: Caller(pid=521,uid=1013,sid=u:r:hal_drm_widevine:s0) Found android.hardware.drm.IDrmFactory/widevine in device VINTF manifest.
[  144.263683] init: Command 'exec_background - root shell -- /system/bin/profcollectctl reset' action=persist.device_config.aconfig_flags.profcollect_native_boot.enabled= && boot (/system/etc/init/profcollectd.rc:20) took 115ms and succeeded
[  144.404231] init: processing action (boot) from (/vendor/etc/init/android.hardware.sensors-service-multihal.rc:1)
[  144.463356] init: processing action (enable_property_trigger) from (<Builtin Action>:0)
[  144.499360] init: processing action (bootreceiver.enable=1 && ro.product.cpu.abilist64=*) from (/system/etc/init/hw/init.rc:635)
[  144.662490] init: Command 'mkdir /sys/kernel/tracing/instances/bootreceiver 0700 system system' action=bootreceiver.enable=1 && ro.product.cpu.abilist64=* (/system/etc/init/hw/init.rc:639) took 112ms and succeeded
[  144.745837] init: Service 'exec 14 (/system/bin/gsid run-startup-tasks)' (pid 528) exited with status 0 oneshot service took 0.763000 seconds in background
[  144.804955] init: Sending signal 9 to service 'exec 14 (/system/bin/gsid run-startup-tasks)' (pid 528) process group...
[  144.845972] libprocessgroup: Removed cgroup /sys/fs/cgroup/system/uid_0/pid_528
[  144.891918] init: processing action (net.tcp_def_init_rwnd=*) from (/system/etc/init/hw/init.rc:1245)
[  144.901189] type=1400 audit(1790136723.067:4): avc:  denied  { write } for  comm="init" name="error_report_end" dev="tracefs" ino=8419 scontext=u:r:init:s0 tcontext=u:object_r:debugfs_bootreceiver_tracing:s0 tclass=dir permissive=0
[  144.993743] init: processing action (security.perf_harden=1) from (/system/etc/init/hw/init.rc:1270)
[  145.067125] init: processing action (ro.debuggable=1) from (/system/etc/init/hw/init.rc:1307)
[  145.112707] init: processing action (sys.usb.config=adb && sys.usb.configfs=0) from (/system/etc/init/hw/init.usb.rc:41)
[  145.167690] init: Command 'write /sys/class/android_usb/android0/enable 0' action=sys.usb.config=adb && sys.usb.configfs=0 (/system/etc/init/hw/init.usb.rc:42) took 6ms and failed: Unable to write to file '/sys/class/android_usb/android0/enable': open() failed: Permission denied
[  145.282646] init: Command 'write /sys/class/android_usb/android0/idVendor 18d1' action=sys.usb.config=adb && sys.usb.configfs=0 (/system/etc/init/hw/init.usb.rc:43) took 0ms and failed: Unable to write to file '/sys/class/android_usb/android0/idVendor': open() failed: Permission denied
[  145.387928] init: Command 'write /sys/class/android_usb/android0/idProduct 4EE7' action=sys.usb.config=adb && sys.usb.configfs=0 (/system/etc/init/hw/init.usb.rc:44) took 0ms and failed: Unable to write to file '/sys/class/android_usb/android0/idProduct': open() failed: Permission denied
[  145.501421] init: Command 'write /sys/class/android_usb/android0/functions ${sys.usb.config}' action=sys.usb.config=adb && sys.usb.configfs=0 (/system/etc/init/hw/init.usb.rc:45) took 0ms and failed: Unable to write to file '/sys/class/android_usb/android0/functions': open() failed: Permission denied
[  145.611232] init: Command 'write /sys/class/android_usb/android0/enable 1' action=sys.usb.config=adb && sys.usb.configfs=0 (/system/etc/init/hw/init.usb.rc:46) took 0ms and failed: Unable to write to file '/sys/class/android_usb/android0/enable': open() failed: Permission denied
[  145.710352] init: starting service 'adbd'...
[  145.728713] init: Created socket '/dev/socket/adbd', mode 660, user 1000, group 1000
[  145.786363] init: ... started service 'adbd' has pid 535
[  145.814260] init: Command 'start adbd' action=sys.usb.config=adb && sys.usb.configfs=0 (/system/etc/init/hw/init.usb.rc:47) took 104ms and succeeded
[  145.875571] init: Service 'exec 15 (/system/bin/profcollectctl reset)' (pid 532) exited with status 0 oneshot service took 1.670000 seconds in background
[  145.938617] init: Sending signal 9 to service 'exec 15 (/system/bin/profcollectctl reset)' (pid 532) process group...
[  145.985298] libprocessgroup: Removed cgroup /sys/fs/cgroup/system/uid_0/pid_532
[  146.023797] init: processing action (vendor.qemu.timezone=*) from (/vendor/etc/init/hw/init.ranchu.rc:112)
[  146.071846] servicemanager: Caller(pid=522,uid=1041,sid=u:r:audioserver:s0) Could not find android.hardware.audio.core.IModule/default in the VINTF manifest. No alternative instances declared in VINTF.
[  146.185878] init: Command 'setprop persist.sys.timezone ${vendor.qemu.timezone}' action=vendor.qemu.timezone=* (/vendor/etc/init/hw/init.ranchu.rc:113) took 114ms and succeeded
[  146.253177] servicemanager: Caller(pid=522,uid=1041,sid=u:r:audioserver:s0) Could not find android.hardware.audio.effect.IFactory/default in the VINTF manifest. No alternative instances declared in VINTF.
[  146.260483] init: processing action (vendor.qemu.vport.bluetooth=*) from (/vendor/etc/init/hw/init.ranchu.rc:176)
[  146.357452] init: processing action (vendor.qemu.vport.uwb=*) from (/vendor/etc/init/hw/init.ranchu.rc:184)
[  146.397402] init: Command 'symlink ${vendor.qemu.vport.uwb} /dev/hvc2' action=vendor.qemu.vport.uwb=* (/vendor/etc/init/hw/init.ranchu.rc:185) took 0ms and failed: symlink() failed: File exists
[  146.467058] init: starting service 'mdnsd'...
[  146.489508] init: Created socket '/dev/socket/mdnsd', mode 660, user 1020, group 3003
[  146.592676] init: ... started service 'mdnsd' has pid 551
[  146.616348] init: Control message: Processed ctl.start for 'mdnsd' from pid: 535 (/apex/com.android.adbd/bin/adbd --root_seclabel=u:r:su:s0 --tim_seclabel=u:r:adbd_tradeinmode:s0)
[  146.708659] init: starting service 'vendor.uwb_hal'...
[  146.736272] servicemanager: Caller(pid=522,uid=1041,sid=u:r:audioserver:s0) Could not find android.hardware.audio.effect.IFactory/default in the VINTF manifest. No alternative instances declared in VINTF.
[  146.822941] init: ... started service 'vendor.uwb_hal' has pid 562
[  146.958992] servicemanager: Caller(pid=522,uid=1041,sid=u:r:audioserver:s0) Could not find android.hardware.audio.core.IModule/default in the VINTF manifest. No alternative instances declared in VINTF.
[  147.046294] init: Command 'start vendor.uwb_hal' action=vendor.qemu.vport.uwb=* (/vendor/etc/init/hw/init.ranchu.rc:186) took 337ms and succeeded
[  147.101131] init: processing action (apexd.status=ready && ro.product.cpu.abilist64=*) from (/system/etc/init/hw/init.boringssl.zygote64.rc:3)
[  147.171123] init: starting service 'boringssl_self_test_apex64'...
[  147.212768] servicemanager: Caller(pid=526,uid=1000,sid=u:r:surfaceflinger:s0) Found android.hardware.graphics.composer3.IComposer/default in device VINTF manifest.
[  147.283409] init: ... started service 'boringssl_self_test_apex64' has pid 565
[  147.316855] servicemanager: Caller(pid=562,uid=1083,sid=u:r:hal_uwb_default:s0) Found android.hardware.uwb.IUwb/default in device VINTF manifest.
[  147.325570] init: SVC_EXEC service 'boringssl_self_test_apex64' pid 565 (uid 9999 gid 0+0 context default) started; waiting...
[  147.413741] servicemanager: Caller(pid=490,uid=1000,sid=u:r:hal_graphics_composer_default:s0) Found android.hardware.graphics.allocator.IAllocator/default in device VINTF manifest.
[  147.474953] init: Command 'exec_start boringssl_self_test_apex64' action=apexd.status=ready && ro.product.cpu.abilist64=* (/system/etc/init/hw/init.boringssl.zygote64.rc:4) took 304ms and succeeded
[  147.552924] servicemanager: Caller(pid=490,uid=1000,sid=u:r:hal_graphics_composer_default:s0) Found android.hardware.graphics.allocator.IAllocator/default in device VINTF manifest.
[  147.627964] servicemanager: Caller(pid=490,uid=1000,sid=u:r:hal_graphics_composer_default:s0) Found mapper/ranchu in device VINTF manifest.
[  147.853870] servicemanager: Caller(pid=526,uid=1000,sid=u:r:surfaceflinger:s0) Found android.hardware.graphics.allocator.IAllocator/default in device VINTF manifest.
[  147.921039] servicemanager: Caller(pid=526,uid=1000,sid=u:r:surfaceflinger:s0) Found android.hardware.graphics.allocator.IAllocator/default in device VINTF manifest.
[  147.989499] servicemanager: Caller(pid=526,uid=1000,sid=u:r:surfaceflinger:s0) Found mapper/ranchu in device VINTF manifest.
[  148.068832] init: starting service 'bootanim'...
[  148.114925] init: ... started service 'bootanim' has pid 582
[  148.139509] init: Control message: Processed ctl.start for 'bootanim' from pid: 526 (/system/bin/surfaceflinger)
[  148.408604] init: Service 'boringssl_self_test_apex64' (pid 565) exited with status 0 waiting took 1.144000 seconds
[  148.474992] init: Sending signal 9 to service 'boringssl_self_test_apex64' (pid 565) process group...
[  148.514590] libprocessgroup: Removed cgroup /sys/fs/cgroup/system/uid_9999/pid_565
[  148.551879] init: processing action (init.svc.audioserver=running) from (/system/etc/init/audioserver.rc:43)
[  148.595422] init: service 'vendor.audio-hal' requested start, but it is already running (flags: 4)
[  148.635592] init: Command 'start vendor.audio-hal-aidl' action=init.svc.audioserver=running (/system/etc/init/audioserver.rc:45) took 0ms and failed: service vendor.audio-hal-aidl not found
[  148.708041] init: Command 'start vendor.audio-effect-hal-aidl' action=init.svc.audioserver=running (/system/etc/init/audioserver.rc:46) took 0ms and failed: service vendor.audio-effect-hal-aidl not found
[  148.801782] init: Command 'start vendor.audio-hal-4-0-msd' action=init.svc.audioserver=running (/system/etc/init/audioserver.rc:47) took 0ms and failed: service vendor.audio-hal-4-0-msd not found
[  148.925749] init: Command 'start audio_proxy_service' action=init.svc.audioserver=running (/system/etc/init/audioserver.rc:48) took 0ms and failed: service audio_proxy_service not found
[  149.046392] init: processing action (ro.persistent_properties.ready=true) from (/system/etc/init/bootstat.rc:57)
[  149.106310] init: processing action (ro.persistent_properties.ready=true) from (/system/etc/init/bootstat.rc:61)
[  149.170453] init: starting service 'exec 16 (/system/bin/bootstat --set_system_boot_reason)'...
[  149.253293] init: ... started service 'exec 16 (/system/bin/bootstat --set_system_boot_reason)' has pid 587
[  149.308076] init: Command 'exec_background - system log -- /system/bin/bootstat --set_system_boot_reason' action=ro.persistent_properties.ready=true (/system/etc/init/bootstat.rc:64) took 138ms and succeeded
[  149.426377] init: processing action (bootreceiver.enable=1 && ro.product.cpu.abilist64=*) from (/system/etc/init/dmesgd.rc:7)
[  149.520643] init: Service 'exec 16 (/system/bin/bootstat --set_system_boot_reason)' (pid 587) exited with status 0 oneshot service took 0.293000 seconds in background
[  149.591948] init: Sending signal 9 to service 'exec 16 (/system/bin/bootstat --set_system_boot_reason)' (pid 587) process group...
[  149.655364] libprocessgroup: Removed cgroup /sys/fs/cgroup/system/uid_1000/pid_587
[  149.690296] init: Command 'rm /data/misc/dmesgd/sent_reports.txt' action=bootreceiver.enable=1 && ro.product.cpu.abilist64=* (/system/etc/init/dmesgd.rc:9) took 0ms and failed: unlink() failed: No such file or directory
[  149.783958] init: processing action (drm.service.enabled=true) from (/system/etc/init/drmserver.rc:8)
[  149.817305] init: starting service 'drm'...
[  149.850754] init: ... started service 'drm' has pid 593
[  149.879898] init: Command 'start drm' action=drm.service.enabled=true (/system/etc/init/drmserver.rc:9) took 62ms and succeeded
[  149.940287] init: processing action (persist.heapprofd.enable= && traced.lazy.heapprofd=) from (/system/etc/init/heapprofd.rc:49)
[  150.006917] init: processing action (ro.debuggable=1) from (/system/etc/init/llkd-debuggable.rc:1)
[  150.052734] init: processing action (ro.debuggable=*) from (/system/etc/init/llkd.rc:2)
[  150.090381] init: processing action (ro.dalvik.vm.isa.arm=x86 && ro.enable.native.bridge.exec=1) from (/system/etc/init/ndk_translation.rc:5)
[  150.164254] init: processing action (ro.dalvik.vm.isa.arm64=x86_64 && ro.enable.native.bridge.exec=1) from (/system/etc/init/ndk_translation.rc:9)
[  150.234247] init: processing action (debug.atrace.user_initiated= && persist.traced.enable=1) from (/system/etc/init/perfetto.rc:63)
[  150.287785] init: starting service 'traced_probes'...
[  150.335772] init: ... started service 'traced_probes' has pid 596
[  150.360602] init: Command 'start traced_probes' action=debug.atrace.user_initiated= && persist.traced.enable=1 (/system/etc/init/perfetto.rc:64) took 73ms and succeeded
[  150.441801] init: processing action (persist.traced.enable=1) from (/system/etc/init/perfetto.rc:75)
[  150.507461] init: starting service 'traced'...
[  150.546671] init: Created socket '/dev/socket/traced_consumer', mode 666, user 0, group 0
[  150.606834] init: Created socket '/dev/socket/traced_producer', mode 666, user 0, group 0
[  150.668690] init: ... started service 'traced' has pid 598
[  150.710343] init: Command 'start traced' action=persist.traced.enable=1 (/system/etc/init/perfetto.rc:94) took 203ms and succeeded
[  150.801495] init: service 'traced_probes' requested start, but it is already running (flags: 132)
[  150.871205] init: Command 'start traced_probes' action=persist.traced.enable=1 (/system/etc/init/perfetto.rc:95) took 69ms and succeeded
[  150.949816] init: processing action (ro.persistent_properties.ready=true) from (/system/etc/init/perfetto.rc:128)
[  151.008859] init: processing action (persist.debug.perfetto.persistent_sysui_tracing_for_bugreport=) from (/system/etc/init/perfetto.rc:187)
[  151.087520] init: processing action (persist.traced_perf.enable= && sys.init.perf_lsm_hooks=1 && traced.lazy.traced_perf=) from (/system/etc/init/traced_perf.rc:44)
[  151.178372] init: processing action (init.svc.ranchu-adb-setup=stopped) from (/system_ext/etc/init/init.system_ext.rc:1)
[  151.258731] init: service 'adbd' requested start, but it is already running (flags: 132)
[  151.317794] init: Command 'start adbd' action=init.svc.ranchu-adb-setup=stopped (/system_ext/etc/init/init.system_ext.rc:2) took 59ms and succeeded
[  151.374889] init: processing action (apex.all.ready=true) from (/apex/com.google.android.widevine/etc/com.google.android.widevine.rc:1)
[  151.427087] init: processing action (nonencrypted) from (/system/etc/init/hw/init.rc:1217)
[  151.465059] init: starting service 'goldfish-logcat'...
[  151.511617] init: ... started service 'goldfish-logcat' has pid 604
[  151.556125] init: starting service 'bt_vhci_forwarder'...
[  151.616965] logd: logdr: UID=1036 GID=0 PID=604 b tail=0 logMask=99 pid=0 start=0ns deadline=0ns
[  151.671114] init: ... started service 'bt_vhci_forwarder' has pid 606
[  151.700142] init: service 'zygote' requested start, but it is already running (flags: 4)
[  151.735151] init: starting service 'cameraserver'...
[  151.813889] init: ... started service 'cameraserver' has pid 608
[  151.846331] init: service 'drm' requested start, but it is already running (flags: 132)
[  151.918968] init: starting service 'idmap2d'...
[  152.053273] init: ... started service 'idmap2d' has pid 611
[  152.094988] init: starting service 'incidentd'...
[  152.232075] init: ... started service 'incidentd' has pid 613
[  152.289510] init: starting service 'installd'...
[  152.387468] init: ... started service 'installd' has pid 618
[  152.448289] init: service 'mdnsd' requested start, but it is already running (flags: 134)
[  152.496632] init: starting service 'mediaextractor'...
[  152.555593] servicemanager: Caller(pid=582,uid=1003,sid=u:r:bootanim:s0) Found android.hardware.graphics.allocator.IAllocator/default in device VINTF manifest.
[  152.638404] init: ... started service 'mediaextractor' has pid 622
[  152.687136] servicemanager: Caller(pid=582,uid=1003,sid=u:r:bootanim:s0) Found android.hardware.graphics.allocator.IAllocator/default in device VINTF manifest.
[  152.698269] init: starting service 'mediametrics'...
[  152.771083] servicemanager: Caller(pid=582,uid=1003,sid=u:r:bootanim:s0) Found mapper/ranchu in device VINTF manifest.
[  152.908860] init: ... started service 'mediametrics' has pid 629
[  152.962545] init: starting service 'media'...
[  153.101311] init: ... started service 'media' has pid 630
[  153.201602] init: service 'netd' requested start, but it is already running (flags: 4)
[  153.300648] servicemanager: Caller(pid=522,uid=1041,sid=u:r:audioserver:s0) Could not find android.hardware.audio.effect.IFactory/default in the VINTF manifest. No alternative instances declared in VINTF.
[  153.382305] init: starting service 'storaged'...
[  153.447698] servicemanager: Caller(pid=522,uid=1041,sid=u:r:audioserver:s0) Could not find android.hardware.audio.core.IModule/default in the VINTF manifest. No alternative instances declared in VINTF.
[  153.561805] init: ... started service 'storaged' has pid 636
[  153.614549] init: starting service 'wificond'...
[  153.655362] init: ... started service 'wificond' has pid 637
[  153.696064] init: starting service 'media.swcodec'...
[  153.854547] servicemanager: Caller(pid=637,uid=1010,sid=u:r:wificond:s0) Could not find android.hardware.net.nlinterceptor.IInterceptor/default in the VINTF manifest. No alternative instances declared in VINTF.
[  153.982789] init: ... started service 'media.swcodec' has pid 638
[  154.091690] init: service 'statsd' requested start, but it is already running (flags: 4)
[  154.227449] init: Command 'class_start main' action=nonencrypted (/system/etc/init/hw/init.rc:1218) took 2762ms and succeeded
[  154.338717] init: starting service 'gatekeeperd'...
[  154.475033] init: ... started service 'gatekeeperd' has pid 646
[  154.475437] servicemanager: Caller(pid=636,uid=0,sid=u:r:storaged:s0) Found android.hardware.health.IHealth/default in device VINTF manifest.
[  154.521142] init: service 'traced' requested start, but it is already running (flags: 132)
[  154.618552] init: service 'traced_probes' requested start, but it is already running (flags: 132)
[  154.664747] servicemanager: Caller(pid=646,uid=1000,sid=u:r:gatekeeperd:s0) Found android.hardware.gatekeeper.IGatekeeper/default in device VINTF manifest.
[  154.724891] init: starting service 'usbd'...
[  154.820917] servicemanager: Caller(pid=522,uid=1041,sid=u:r:audioserver:s0) Found android.system.suspend.ISystemSuspend/default in framework VINTF manifest.
[  154.892131] init: ... started service 'usbd' has pid 647
[  154.966906] init: Command 'class_start late_start' action=nonencrypted (/system/etc/init/hw/init.rc:1219) took 628ms and succeeded
[  155.134636] init: service 'adbd' requested start, but it is already running (flags: 132)
[  155.225298] init: Control message: Processed ctl.start for 'adbd' from pid: 647 (/system/bin/usbd)
[  155.325493] init: processing action (load_persist_props_action) from (/system/etc/init/flags_health_check.rc:1)
[  155.379288] servicemanager: Caller(pid=647,uid=0,sid=u:r:usbd:s0) Could not find android.hardware.usb.gadget.IUsbGadget/default in the VINTF manifest. No alternative instances declared in VINTF.
[  155.459900] init: Encryption policy of /data/server_configurable_flags set to d506e2f62f1a7ee0a7bb67bd88421a9d v2 modes 1/4 flags 0x2
[  155.528482] init: Command 'mkdir /data/server_configurable_flags 0775 system system encryption=Require' action=load_persist_props_action (/system/etc/init/flags_health_check.rc:4) took 69ms and succeeded
[  155.606347] servicemanager: Caller(pid=638,uid=1046,sid=u:r:mediaswcodec:s0) Found android.hardware.media.c2.IComponentStore/software in framework VINTF manifest.
[  155.606407] init: starting service 'exec 17 (/system/bin/flags_health_check BOOT_FAILURE)'...
[  155.721927] servicemanager: Caller(pid=638,uid=1046,sid=u:r:mediaswcodec:s0) Found android.hardware.media.c2.IComponentStore/software in framework VINTF manifest.
[  155.765704] init: ... started service 'exec 17 (/system/bin/flags_health_check BOOT_FAILURE)' has pid 664
[  155.874970] init: SVC_EXEC service 'exec 17 (/system/bin/flags_health_check BOOT_FAILURE)' pid 664 (uid 1000 gid 1000+0 context default) started; waiting...
[  155.934635] servicemanager: Caller(pid=522,uid=1041,sid=u:r:audioserver:s0) Could not find android.hardware.audio.effect.IFactory/default in the VINTF manifest. No alternative instances declared in VINTF.
[  156.009927] init: Command 'exec - system system -- /system/bin/flags_health_check BOOT_FAILURE' action=load_persist_props_action (/system/etc/init/flags_health_check.rc:5) took 402ms and succeeded
[  156.102357] init: Service 'usbd' (pid 647) exited with status 0 oneshot service took 1.355000 seconds in background
[  156.167030] servicemanager: Caller(pid=522,uid=1041,sid=u:r:audioserver:s0) Could not find android.hardware.audio.core.IModule/default in the VINTF manifest. No alternative instances declared in VINTF.
[  156.246578] init: Sending signal 9 to service 'usbd' (pid 647) process group...
[  156.291762] libprocessgroup: Removed cgroup /sys/fs/cgroup/system/uid_0/pid_647
[  156.345450] init: Service 'exec 17 (/system/bin/flags_health_check BOOT_FAILURE)' (pid 664) exited with status 0 waiting took 0.641000 seconds
[  156.402054] init: Sending signal 9 to service 'exec 17 (/system/bin/flags_health_check BOOT_FAILURE)' (pid 664) process group...
[  156.447883] servicemanager: Caller(pid=522,uid=1041,sid=u:r:audioserver:s0) Since 'activity' could not be found trying to start it as a lazy AIDL service. (if it's not configured to be a lazy service, it may be stuck starting or still starting).
[  156.491619] libprocessgroup: Removed cgroup /sys/fs/cgroup/system/uid_1000/pid_664
[  156.564049] init: Control message: Could not find 'aidl/activity' for ctl.interface_start from pid: 216 (/system/bin/servicemanager)
[  156.620855] servicemanager: Caller(pid=522,uid=1041,sid=u:r:audioserver:s0) Tried to start aidl service activity as a lazy service, but was unable to. Usually this happens when a service is not installed, but if the service is intended to be used as a lazy service, then it may be configured incorrectly.
[  156.621816] init: processing action (load_persist_props_action) from (/system/etc/init/logcatd.rc:29)
[  156.787736] init: processing action (llk.enable=0) from (/system/etc/init/llkd.rc:12)
[  156.856089] init: processing action (khungtask.enable=1) from (/system/etc/init/llkd.rc:18)
[  156.910708] init: processing action (llk.enable=0) from (/system/etc/init/llkd.rc:12)
[  156.948160] init: processing action (khungtask.enable=0) from (/system/etc/init/llkd.rc:21)
[  156.991572] init: processing action (init.svc.media=*) from (/system/etc/init/mediaserver.rc:1)
[  157.035485] init: processing action (khungtask.enable=true) from (/system/etc/init/llkd.rc:25)
[  157.078412] init: processing action (khungtask.enable=false) from (/system/etc/init/llkd.rc:31)
[  157.117907] servicemanager: Caller(pid=638,uid=1046,sid=u:r:mediaswcodec:s0) Found android.hardware.graphics.allocator.IAllocator/default in device VINTF manifest.
[  157.191012] servicemanager: Caller(pid=638,uid=1046,sid=u:r:mediaswcodec:s0) Found android.hardware.graphics.allocator.IAllocator/default in device VINTF manifest.
[  157.263175] servicemanager: Caller(pid=638,uid=1046,sid=u:r:mediaswcodec:s0) Found mapper/ranchu in device VINTF manifest.
[  157.591484] servicemanager: Caller(pid=522,uid=1041,sid=u:r:audioserver:s0) Since 'activity' could not be found trying to start it as a lazy AIDL service. (if it's not configured to be a lazy service, it may be stuck starting or still starting).
[  157.711130] init: Control message: Could not find 'aidl/activity' for ctl.interface_start from pid: 216 (/system/bin/servicemanager)
[  157.798206] servicemanager: Caller(pid=522,uid=1041,sid=u:r:audioserver:s0) Tried to start aidl service activity as a lazy service, but was unable to. Usually this happens when a service is not installed, but if the service is intended to be used as a lazy service, then it may be configured incorrectly.
[  158.739531] servicemanager: Caller(pid=522,uid=1041,sid=u:r:audioserver:s0) Since 'activity' could not be found trying to start it as a lazy AIDL service. (if it's not configured to be a lazy service, it may be stuck starting or still starting).
[  158.867357] init: Control message: Could not find 'aidl/activity' for ctl.interface_start from pid: 216 (/system/bin/servicemanager)
[  158.947231] servicemanager: Caller(pid=522,uid=1041,sid=u:r:audioserver:s0) Tried to start aidl service activity as a lazy service, but was unable to. Usually this happens when a service is not installed, but if the service is intended to be used as a lazy service, then it may be configured incorrectly.
[  159.478285] servicemanager: Caller(pid=608,uid=1047,sid=u:r:cameraserver:s0) Found android.frameworks.cameraservice.service.ICameraService/default in framework VINTF manifest.
[  159.556196] servicemanager: Caller(pid=608,uid=1047,sid=u:r:cameraserver:s0) Found android.frameworks.cameraservice.service.ICameraService/default in framework VINTF manifest.
[  159.866890] servicemanager: Caller(pid=522,uid=1041,sid=u:r:audioserver:s0) Since 'activity' could not be found trying to start it as a lazy AIDL service. (if it's not configured to be a lazy service, it may be stuck starting or still starting).
[  159.982266] init: Control message: Could not find 'aidl/activity' for ctl.interface_start from pid: 216 (/system/bin/servicemanager)
[  160.043631] servicemanager: Caller(pid=522,uid=1041,sid=u:r:audioserver:s0) Tried to start aidl service activity as a lazy service, but was unable to. Usually this happens when a service is not installed, but if the service is intended to be used as a lazy service, then it may be configured incorrectly.
[  160.975746] servicemanager: Caller(pid=522,uid=1041,sid=u:r:audioserver:s0) Since 'activity' could not be found trying to start it as a lazy AIDL service. (if it's not configured to be a lazy service, it may be stuck starting or still starting).
[  161.107384] init: Control message: Could not find 'aidl/activity' for ctl.interface_start from pid: 216 (/system/bin/servicemanager)
[  161.197119] servicemanager: Caller(pid=522,uid=1041,sid=u:r:audioserver:s0) Tried to start aidl service activity as a lazy service, but was unable to. Usually this happens when a service is not installed, but if the service is intended to be used as a lazy service, then it may be configured incorrectly.
[  162.129880] servicemanager: Caller(pid=522,uid=1041,sid=u:r:audioserver:s0) Since 'activity' could not be found trying to start it as a lazy AIDL service. (if it's not configured to be a lazy service, it may be stuck starting or still starting).
[  162.266519] init: Control message: Could not find 'aidl/activity' for ctl.interface_start from pid: 216 (/system/bin/servicemanager)
[  162.350642] servicemanager: Caller(pid=522,uid=1041,sid=u:r:audioserver:s0) Tried to start aidl service activity as a lazy service, but was unable to. Usually this happens when a service is not installed, but if the service is intended to be used as a lazy service, then it may be configured incorrectly.
[  163.269743] servicemanager: Caller(pid=522,uid=1041,sid=u:r:audioserver:s0) Since 'activity' could not be found trying to start it as a lazy AIDL service. (if it's not configured to be a lazy service, it may be stuck starting or still starting).
[  163.356055] init: Control message: Could not find 'aidl/activity' for ctl.interface_start from pid: 216 (/system/bin/servicemanager)
[  163.419309] servicemanager: Caller(pid=522,uid=1041,sid=u:r:audioserver:s0) Tried to start aidl service activity as a lazy service, but was unable to. Usually this happens when a service is not installed, but if the service is intended to be used as a lazy service, then it may be configured incorrectly.
[  164.401458] servicemanager: Caller(pid=522,uid=1041,sid=u:r:audioserver:s0) Since 'activity' could not be found trying to start it as a lazy AIDL service. (if it's not configured to be a lazy service, it may be stuck starting or still starting).
[  164.509550] init: Control message: Could not find 'aidl/activity' for ctl.interface_start from pid: 216 (/system/bin/servicemanager)
[  164.591053] servicemanager: Caller(pid=522,uid=1041,sid=u:r:audioserver:s0) Tried to start aidl service activity as a lazy service, but was unable to. Usually this happens when a service is not installed, but if the service is intended to be used as a lazy service, then it may be configured incorrectly.
[  165.142492] servicemanager: Notifying apexservice they do (previously: don't) have clients when service is guaranteed to be in use
[  165.203837] apexd: getActivePackages received by ApexService
[  165.227672] AidlLazyServiceRegistrar: Process has 1 (of 1 available) client(s) in use after notification apexservice has clients: 1
[  165.292396] AidlLazyServiceRegistrar: Shutdown prevented by forcePersist override flag.
[  165.510322] servicemanager: Caller(pid=522,uid=1041,sid=u:r:audioserver:s0) Since 'activity' could not be found trying to start it as a lazy AIDL service. (if it's not configured to be a lazy service, it may be stuck starting or still starting).
[  165.617269] init: Control message: Could not find 'aidl/activity' for ctl.interface_start from pid: 216 (/system/bin/servicemanager)
[  165.678955] servicemanager: Caller(pid=522,uid=1041,sid=u:r:audioserver:s0) Tried to start aidl service activity as a lazy service, but was unable to. Usually this happens when a service is not installed, but if the service is intended to be used as a lazy service, then it may be configured incorrectly.
[  165.814391] servicemanager: Caller(pid=703,uid=1000,sid=u:r:system_server:s0) Found android.hardware.power.stats.IPowerStats/default in device VINTF manifest.
[  165.885054] servicemanager: Caller(pid=703,uid=1000,sid=u:r:system_server:s0) Found android.frameworks.stats.IStats/default in framework VINTF manifest.
[  165.952895] servicemanager: Caller(pid=703,uid=1000,sid=u:r:system_server:s0) Could not find android.hardware.memtrack.IMemtrack/default in the VINTF manifest. No alternative instances declared in VINTF.
[  166.423182] servicemanager: Caller(pid=703,uid=1000,sid=u:r:system_server:s0) Found android.system.suspend.ISystemSuspend/default in framework VINTF manifest.
[  166.507816] servicemanager: Caller(pid=703,uid=1000,sid=u:r:system_server:s0) Found android.hardware.power.IPower/default in device VINTF manifest.
[  166.623458] servicemanager: Caller(pid=522,uid=1041,sid=u:r:audioserver:s0) Since 'activity' could not be found trying to start it as a lazy AIDL service. (if it's not configured to be a lazy service, it may be stuck starting or still starting).
[  166.715217] servicemanager: Caller(pid=703,uid=1000,sid=u:r:system_server:s0) Found android.hardware.light.ILights/default in device VINTF manifest.
[  166.774891] init: Control message: Could not find 'aidl/activity' for ctl.interface_start from pid: 216 (/system/bin/servicemanager)
[  166.824958] servicemanager: Caller(pid=522,uid=1041,sid=u:r:audioserver:s0) Tried to start aidl service activity as a lazy service, but was unable to. Usually this happens when a service is not installed, but if the service is intended to be used as a lazy service, then it may be configured incorrectly.
[  167.171649] apexd: getAllPackages received by ApexService
[  167.718162] servicemanager: Caller(pid=522,uid=1041,sid=u:r:audioserver:s0) Since 'activity' could not be found trying to start it as a lazy AIDL service. (if it's not configured to be a lazy service, it may be stuck starting or still starting).
[  167.818940] init: Control message: Could not find 'aidl/activity' for ctl.interface_start from pid: 216 (/system/bin/servicemanager)
[  167.886910] servicemanager: Caller(pid=522,uid=1041,sid=u:r:audioserver:s0) Tried to start aidl service activity as a lazy service, but was unable to. Usually this happens when a service is not installed, but if the service is intended to be used as a lazy service, then it may be configured incorrectly.
[  168.821499] servicemanager: Caller(pid=522,uid=1041,sid=u:r:audioserver:s0) Since 'activity' could not be found trying to start it as a lazy AIDL service. (if it's not configured to be a lazy service, it may be stuck starting or still starting).
[  168.927554] init: Control message: Could not find 'aidl/activity' for ctl.interface_start from pid: 216 (/system/bin/servicemanager)
[  168.980025] servicemanager: Caller(pid=522,uid=1041,sid=u:r:audioserver:s0) Tried to start aidl service activity as a lazy service, but was unable to. Usually this happens when a service is not installed, but if the service is intended to be used as a lazy service, then it may be configured incorrectly.
[  169.928746] servicemanager: Caller(pid=522,uid=1041,sid=u:r:audioserver:s0) Since 'activity' could not be found trying to start it as a lazy AIDL service. (if it's not configured to be a lazy service, it may be stuck starting or still starting).
[  170.032973] init: Control message: Could not find 'aidl/activity' for ctl.interface_start from pid: 216 (/system/bin/servicemanager)
[  170.110516] servicemanager: Caller(pid=522,uid=1041,sid=u:r:audioserver:s0) Tried to start aidl service activity as a lazy service, but was unable to. Usually this happens when a service is not installed, but if the service is intended to be used as a lazy service, then it may be configured incorrectly.
[  171.035813] servicemanager: Caller(pid=522,uid=1041,sid=u:r:audioserver:s0) Since 'activity' could not be found trying to start it as a lazy AIDL service. (if it's not configured to be a lazy service, it may be stuck starting or still starting).
[  171.137223] init: Control message: Could not find 'aidl/activity' for ctl.interface_start from pid: 216 (/system/bin/servicemanager)
[  171.215639] servicemanager: Caller(pid=522,uid=1041,sid=u:r:audioserver:s0) Tried to start aidl service activity as a lazy service, but was unable to. Usually this happens when a service is not installed, but if the service is intended to be used as a lazy service, then it may be configured incorrectly.
[  172.138614] servicemanager: Caller(pid=522,uid=1041,sid=u:r:audioserver:s0) Since 'activity' could not be found trying to start it as a lazy AIDL service. (if it's not configured to be a lazy service, it may be stuck starting or still starting).
[  172.286985] init: Control message: Could not find 'aidl/activity' for ctl.interface_start from pid: 216 (/system/bin/servicemanager)
[  172.338667] servicemanager: Caller(pid=522,uid=1041,sid=u:r:audioserver:s0) Tried to start aidl service activity as a lazy service, but was unable to. Usually this happens when a service is not installed, but if the service is intended to be used as a lazy service, then it may be configured incorrectly.
[  173.441218] servicemanager: Caller(pid=522,uid=1041,sid=u:r:audioserver:s0) Since 'activity' could not be found trying to start it as a lazy AIDL service. (if it's not configured to be a lazy service, it may be stuck starting or still starting).
[  173.589071] init: Control message: Could not find 'aidl/activity' for ctl.interface_start from pid: 216 (/system/bin/servicemanager)
[  173.720115] servicemanager: Caller(pid=522,uid=1041,sid=u:r:audioserver:s0) Tried to start aidl service activity as a lazy service, but was unable to. Usually this happens when a service is not installed, but if the service is intended to be used as a lazy service, then it may be configured incorrectly.
[  174.679840] servicemanager: Caller(pid=522,uid=1041,sid=u:r:audioserver:s0) Since 'activity' could not be found trying to start it as a lazy AIDL service. (if it's not configured to be a lazy service, it may be stuck starting or still starting).
[  174.807440] init: Control message: Could not find 'aidl/activity' for ctl.interface_start from pid: 216 (/system/bin/servicemanager)
[  174.892100] servicemanager: Caller(pid=522,uid=1041,sid=u:r:audioserver:s0) Tried to start aidl service activity as a lazy service, but was unable to. Usually this happens when a service is not installed, but if the service is intended to be used as a lazy service, then it may be configured incorrectly.
[  175.818634] servicemanager: Caller(pid=522,uid=1041,sid=u:r:audioserver:s0) Since 'activity' could not be found trying to start it as a lazy AIDL service. (if it's not configured to be a lazy service, it may be stuck starting or still starting).
[  175.929469] init: Control message: Could not find 'aidl/activity' for ctl.interface_start from pid: 216 (/system/bin/servicemanager)
[  175.998531] servicemanager: Caller(pid=522,uid=1041,sid=u:r:audioserver:s0) Tried to start aidl service activity as a lazy service, but was unable to. Usually this happens when a service is not installed, but if the service is intended to be used as a lazy service, then it may be configured incorrectly.
[  176.988737] servicemanager: Caller(pid=522,uid=1041,sid=u:r:audioserver:s0) Since 'activity' could not be found trying to start it as a lazy AIDL service. (if it's not configured to be a lazy service, it may be stuck starting or still starting).
[  177.151244] init: Control message: Could not find 'aidl/activity' for ctl.interface_start from pid: 216 (/system/bin/servicemanager)
[  177.244400] servicemanager: Caller(pid=522,uid=1041,sid=u:r:audioserver:s0) Tried to start aidl service activity as a lazy service, but was unable to. Usually this happens when a service is not installed, but if the service is intended to be used as a lazy service, then it may be configured incorrectly.
[  178.154049] servicemanager: Caller(pid=522,uid=1041,sid=u:r:audioserver:s0) Since 'activity' could not be found trying to start it as a lazy AIDL service. (if it's not configured to be a lazy service, it may be stuck starting or still starting).
[  178.269695] init: Control message: Could not find 'aidl/activity' for ctl.interface_start from pid: 216 (/system/bin/servicemanager)
[  178.335068] servicemanager: Caller(pid=522,uid=1041,sid=u:r:audioserver:s0) Tried to start aidl service activity as a lazy service, but was unable to. Usually this happens when a service is not installed, but if the service is intended to be used as a lazy service, then it may be configured incorrectly.
[  178.615437] servicemanager: Notifying apexservice they don't (previously: do) have clients when we now have no record of a client
[  178.716952] AidlLazyServiceRegistrar: Process has 0 (of 1 available) client(s) in use after notification apexservice has clients: 0
[  178.823255] AidlLazyServiceRegistrar: Shutdown prevented by forcePersist override flag.
[  179.311177] servicemanager: Caller(pid=522,uid=1041,sid=u:r:audioserver:s0) Since 'activity' could not be found trying to start it as a lazy AIDL service. (if it's not configured to be a lazy service, it may be stuck starting or still starting).
[  179.473869] init: Control message: Could not find 'aidl/activity' for ctl.interface_start from pid: 216 (/system/bin/servicemanager)
[  179.583124] servicemanager: Caller(pid=522,uid=1041,sid=u:r:audioserver:s0) Tried to start aidl service activity as a lazy service, but was unable to. Usually this happens when a service is not installed, but if the service is intended to be used as a lazy service, then it may be configured incorrectly.
[  180.484978] servicemanager: Caller(pid=522,uid=1041,sid=u:r:audioserver:s0) Since 'activity' could not be found trying to start it as a lazy AIDL service. (if it's not configured to be a lazy service, it may be stuck starting or still starting).
[  180.632564] init: Control message: Could not find 'aidl/activity' for ctl.interface_start from pid: 216 (/system/bin/servicemanager)
[  180.698631] servicemanager: Caller(pid=522,uid=1041,sid=u:r:audioserver:s0) Tried to start aidl service activity as a lazy service, but was unable to. Usually this happens when a service is not installed, but if the service is intended to be used as a lazy service, then it may be configured incorrectly.
[  181.634542] servicemanager: Caller(pid=522,uid=1041,sid=u:r:audioserver:s0) Since 'activity' could not be found trying to start it as a lazy AIDL service. (if it's not configured to be a lazy service, it may be stuck starting or still starting).
[  181.752608] init: Control message: Could not find 'aidl/activity' for ctl.interface_start from pid: 216 (/system/bin/servicemanager)
[  181.813950] servicemanager: Caller(pid=522,uid=1041,sid=u:r:audioserver:s0) Tried to start aidl service activity as a lazy service, but was unable to. Usually this happens when a service is not installed, but if the service is intended to be used as a lazy service, then it may be configured incorrectly.
[  182.753058] servicemanager: Caller(pid=522,uid=1041,sid=u:r:audioserver:s0) Since 'activity' could not be found trying to start it as a lazy AIDL service. (if it's not configured to be a lazy service, it may be stuck starting or still starting).
[  182.866861] init: Control message: Could not find 'aidl/activity' for ctl.interface_start from pid: 216 (/system/bin/servicemanager)
[  182.918798] servicemanager: Caller(pid=522,uid=1041,sid=u:r:audioserver:s0) Tried to start aidl service activity as a lazy service, but was unable to. Usually this happens when a service is not installed, but if the service is intended to be used as a lazy service, then it may be configured incorrectly.
[  183.866618] servicemanager: Caller(pid=522,uid=1041,sid=u:r:audioserver:s0) Since 'activity' could not be found trying to start it as a lazy AIDL service. (if it's not configured to be a lazy service, it may be stuck starting or still starting).
[  183.970313] init: Control message: Could not find 'aidl/activity' for ctl.interface_start from pid: 216 (/system/bin/servicemanager)
[  184.039875] servicemanager: Caller(pid=522,uid=1041,sid=u:r:audioserver:s0) Tried to start aidl service activity as a lazy service, but was unable to. Usually this happens when a service is not installed, but if the service is intended to be used as a lazy service, then it may be configured incorrectly.
[  184.974773] servicemanager: Caller(pid=522,uid=1041,sid=u:r:audioserver:s0) Since 'activity' could not be found trying to start it as a lazy AIDL service. (if it's not configured to be a lazy service, it may be stuck starting or still starting).
[  185.095083] init: Control message: Could not find 'aidl/activity' for ctl.interface_start from pid: 216 (/system/bin/servicemanager)
[  185.149070] servicemanager: Caller(pid=522,uid=1041,sid=u:r:audioserver:s0) Tried to start aidl service activity as a lazy service, but was unable to. Usually this happens when a service is not installed, but if the service is intended to be used as a lazy service, then it may be configured incorrectly.
[  186.102817] servicemanager: Caller(pid=522,uid=1041,sid=u:r:audioserver:s0) Since 'activity' could not be found trying to start it as a lazy AIDL service. (if it's not configured to be a lazy service, it may be stuck starting or still starting).
[  186.227765] init: Control message: Could not find 'aidl/activity' for ctl.interface_start from pid: 216 (/system/bin/servicemanager)
[  186.282706] servicemanager: Caller(pid=522,uid=1041,sid=u:r:audioserver:s0) Tried to start aidl service activity as a lazy service, but was unable to. Usually this happens when a service is not installed, but if the service is intended to be used as a lazy service, then it may be configured incorrectly.
[  187.231604] servicemanager: Caller(pid=522,uid=1041,sid=u:r:audioserver:s0) Since 'activity' could not be found trying to start it as a lazy AIDL service. (if it's not configured to be a lazy service, it may be stuck starting or still starting).
[  187.336680] init: Control message: Could not find 'aidl/activity' for ctl.interface_start from pid: 216 (/system/bin/servicemanager)
[  187.399027] servicemanager: Caller(pid=522,uid=1041,sid=u:r:audioserver:s0) Tried to start aidl service activity as a lazy service, but was unable to. Usually this happens when a service is not installed, but if the service is intended to be used as a lazy service, then it may be configured incorrectly.
[  188.337347] servicemanager: Caller(pid=522,uid=1041,sid=u:r:audioserver:s0) Since 'activity' could not be found trying to start it as a lazy AIDL service. (if it's not configured to be a lazy service, it may be stuck starting or still starting).
[  188.520285] init: Control message: Could not find 'aidl/activity' for ctl.interface_start from pid: 216 (/system/bin/servicemanager)
[  188.606715] servicemanager: Caller(pid=522,uid=1041,sid=u:r:audioserver:s0) Tried to start aidl service activity as a lazy service, but was unable to. Usually this happens when a service is not installed, but if the service is intended to be used as a lazy service, then it may be configured incorrectly.
[  189.517312] servicemanager: Caller(pid=522,uid=1041,sid=u:r:audioserver:s0) Since 'activity' could not be found trying to start it as a lazy AIDL service. (if it's not configured to be a lazy service, it may be stuck starting or still starting).
[  189.617709] init: Control message: Could not find 'aidl/activity' for ctl.interface_start from pid: 216 (/system/bin/servicemanager)
[  189.675942] servicemanager: Caller(pid=522,uid=1041,sid=u:r:audioserver:s0) Tried to start aidl service activity as a lazy service, but was unable to. Usually this happens when a service is not installed, but if the service is intended to be used as a lazy service, then it may be configured incorrectly.
[  190.635957] servicemanager: Caller(pid=522,uid=1041,sid=u:r:audioserver:s0) Since 'activity' could not be found trying to start it as a lazy AIDL service. (if it's not configured to be a lazy service, it may be stuck starting or still starting).
[  190.733354] init: Control message: Could not find 'aidl/activity' for ctl.interface_start from pid: 216 (/system/bin/servicemanager)
[  190.784254] servicemanager: Caller(pid=522,uid=1041,sid=u:r:audioserver:s0) Tried to start aidl service activity as a lazy service, but was unable to. Usually this happens when a service is not installed, but if the service is intended to be used as a lazy service, then it may be configured incorrectly.
[  191.743661] servicemanager: Caller(pid=522,uid=1041,sid=u:r:audioserver:s0) Since 'activity' could not be found trying to start it as a lazy AIDL service. (if it's not configured to be a lazy service, it may be stuck starting or still starting).
[  191.844111] init: Control message: Could not find 'aidl/activity' for ctl.interface_start from pid: 216 (/system/bin/servicemanager)
[  191.899359] servicemanager: Caller(pid=522,uid=1041,sid=u:r:audioserver:s0) Tried to start aidl service activity as a lazy service, but was unable to. Usually this happens when a service is not installed, but if the service is intended to be used as a lazy service, then it may be configured incorrectly.
[  192.861439] servicemanager: Caller(pid=522,uid=1041,sid=u:r:audioserver:s0) Since 'activity' could not be found trying to start it as a lazy AIDL service. (if it's not configured to be a lazy service, it may be stuck starting or still starting).
[  192.967243] init: Control message: Could not find 'aidl/activity' for ctl.interface_start from pid: 216 (/system/bin/servicemanager)
[  193.045408] servicemanager: Caller(pid=522,uid=1041,sid=u:r:audioserver:s0) Tried to start aidl service activity as a lazy service, but was unable to. Usually this happens when a service is not installed, but if the service is intended to be used as a lazy service, then it may be configured incorrectly.
[  193.991172] servicemanager: Caller(pid=522,uid=1041,sid=u:r:audioserver:s0) Since 'activity' could not be found trying to start it as a lazy AIDL service. (if it's not configured to be a lazy service, it may be stuck starting or still starting).
[  194.094490] init: Control message: Could not find 'aidl/activity' for ctl.interface_start from pid: 216 (/system/bin/servicemanager)
[  194.147664] servicemanager: Caller(pid=522,uid=1041,sid=u:r:audioserver:s0) Tried to start aidl service activity as a lazy service, but was unable to. Usually this happens when a service is not installed, but if the service is intended to be used as a lazy service, then it may be configured incorrectly.
[  195.098457] servicemanager: Caller(pid=522,uid=1041,sid=u:r:audioserver:s0) Since 'activity' could not be found trying to start it as a lazy AIDL service. (if it's not configured to be a lazy service, it may be stuck starting or still starting).
[  195.196072] init: Control message: Could not find 'aidl/activity' for ctl.interface_start from pid: 216 (/system/bin/servicemanager)
[  195.248993] servicemanager: Caller(pid=522,uid=1041,sid=u:r:audioserver:s0) Tried to start aidl service activity as a lazy service, but was unable to. Usually this happens when a service is not installed, but if the service is intended to be used as a lazy service, then it may be configured incorrectly.
[  196.198170] servicemanager: Caller(pid=522,uid=1041,sid=u:r:audioserver:s0) Since 'activity' could not be found trying to start it as a lazy AIDL service. (if it's not configured to be a lazy service, it may be stuck starting or still starting).
[  196.290818] init: Control message: Could not find 'aidl/activity' for ctl.interface_start from pid: 216 (/system/bin/servicemanager)
[  196.343163] servicemanager: Caller(pid=522,uid=1041,sid=u:r:audioserver:s0) Tried to start aidl service activity as a lazy service, but was unable to. Usually this happens when a service is not installed, but if the service is intended to be used as a lazy service, then it may be configured incorrectly.
[  197.290483] servicemanager: Caller(pid=522,uid=1041,sid=u:r:audioserver:s0) Since 'activity' could not be found trying to start it as a lazy AIDL service. (if it's not configured to be a lazy service, it may be stuck starting or still starting).
[  197.399398] init: Control message: Could not find 'aidl/activity' for ctl.interface_start from pid: 216 (/system/bin/servicemanager)
[  197.452272] servicemanager: Caller(pid=522,uid=1041,sid=u:r:audioserver:s0) Tried to start aidl service activity as a lazy service, but was unable to. Usually this happens when a service is not installed, but if the service is intended to be used as a lazy service, then it may be configured incorrectly.
[  198.395654] servicemanager: Caller(pid=522,uid=1041,sid=u:r:audioserver:s0) Since 'activity' could not be found trying to start it as a lazy AIDL service. (if it's not configured to be a lazy service, it may be stuck starting or still starting).
[  198.502435] init: Control message: Could not find 'aidl/activity' for ctl.interface_start from pid: 216 (/system/bin/servicemanager)
[  198.560171] servicemanager: Caller(pid=522,uid=1041,sid=u:r:audioserver:s0) Tried to start aidl service activity as a lazy service, but was unable to. Usually this happens when a service is not installed, but if the service is intended to be used as a lazy service, then it may be configured incorrectly.
[  199.076119] healthd: battery l=100 v=5000 t=25.0 h=2 st=2 c=900000 fc=3000000 cc=10 chg=a
[  199.505456] servicemanager: Caller(pid=522,uid=1041,sid=u:r:audioserver:s0) Since 'activity' could not be found trying to start it as a lazy AIDL service. (if it's not configured to be a lazy service, it may be stuck starting or still starting).
[  199.601057] init: Control message: Could not find 'aidl/activity' for ctl.interface_start from pid: 216 (/system/bin/servicemanager)
[  199.655312] servicemanager: Caller(pid=522,uid=1041,sid=u:r:audioserver:s0) Tried to start aidl service activity as a lazy service, but was unable to. Usually this happens when a service is not installed, but if the service is intended to be used as a lazy service, then it may be configured incorrectly.
[  200.618549] servicemanager: Caller(pid=522,uid=1041,sid=u:r:audioserver:s0) Since 'activity' could not be found trying to start it as a lazy AIDL service. (if it's not configured to be a lazy service, it may be stuck starting or still starting).
[  200.732504] init: Control message: Could not find 'aidl/activity' for ctl.interface_start from pid: 216 (/system/bin/servicemanager)
[  200.798437] servicemanager: Caller(pid=522,uid=1041,sid=u:r:audioserver:s0) Tried to start aidl service activity as a lazy service, but was unable to. Usually this happens when a service is not installed, but if the service is intended to be used as a lazy service, then it may be configured incorrectly.
[  201.737994] servicemanager: Caller(pid=522,uid=1041,sid=u:r:audioserver:s0) Since 'activity' could not be found trying to start it as a lazy AIDL service. (if it's not configured to be a lazy service, it may be stuck starting or still starting).
[  201.851038] init: Control message: Could not find 'aidl/activity' for ctl.interface_start from pid: 216 (/system/bin/servicemanager)
[  201.909202] servicemanager: Caller(pid=522,uid=1041,sid=u:r:audioserver:s0) Tried to start aidl service activity as a lazy service, but was unable to. Usually this happens when a service is not installed, but if the service is intended to be used as a lazy service, then it may be configured incorrectly.
[  202.842515] servicemanager: Caller(pid=522,uid=1041,sid=u:r:audioserver:s0) Since 'activity' could not be found trying to start it as a lazy AIDL service. (if it's not configured to be a lazy service, it may be stuck starting or still starting).
[  203.058517] init: Control message: Could not find 'aidl/activity' for ctl.interface_start from pid: 216 (/system/bin/servicemanager)
[  203.158069] servicemanager: Caller(pid=522,uid=1041,sid=u:r:audioserver:s0) Tried to start aidl service activity as a lazy service, but was unable to. Usually this happens when a service is not installed, but if the service is intended to be used as a lazy service, then it may be configured incorrectly.
[  204.060008] servicemanager: Caller(pid=522,uid=1041,sid=u:r:audioserver:s0) Since 'activity' could not be found trying to start it as a lazy AIDL service. (if it's not configured to be a lazy service, it may be stuck starting or still starting).
[  204.172158] init: Control message: Could not find 'aidl/activity' for ctl.interface_start from pid: 216 (/system/bin/servicemanager)
[  204.246526] servicemanager: Caller(pid=522,uid=1041,sid=u:r:audioserver:s0) Tried to start aidl service activity as a lazy service, but was unable to. Usually this happens when a service is not installed, but if the service is intended to be used as a lazy service, then it may be configured incorrectly.
[  205.173306] servicemanager: Caller(pid=522,uid=1041,sid=u:r:audioserver:s0) Since 'activity' could not be found trying to start it as a lazy AIDL service. (if it's not configured to be a lazy service, it may be stuck starting or still starting).
[  205.318627] init: Control message: Could not find 'aidl/activity' for ctl.interface_start from pid: 216 (/system/bin/servicemanager)
[  205.409448] servicemanager: Caller(pid=522,uid=1041,sid=u:r:audioserver:s0) Tried to start aidl service activity as a lazy service, but was unable to. Usually this happens when a service is not installed, but if the service is intended to be used as a lazy service, then it may be configured incorrectly.
[  206.319620] servicemanager: Caller(pid=522,uid=1041,sid=u:r:audioserver:s0) Since 'activity' could not be found trying to start it as a lazy AIDL service. (if it's not configured to be a lazy service, it may be stuck starting or still starting).
[  206.426186] init: Control message: Could not find 'aidl/activity' for ctl.interface_start from pid: 216 (/system/bin/servicemanager)
[  206.487658] servicemanager: Caller(pid=522,uid=1041,sid=u:r:audioserver:s0) Tried to start aidl service activity as a lazy service, but was unable to. Usually this happens when a service is not installed, but if the service is intended to be used as a lazy service, then it may be configured incorrectly.
[  207.438192] servicemanager: Caller(pid=522,uid=1041,sid=u:r:audioserver:s0) Since 'activity' could not be found trying to start it as a lazy AIDL service. (if it's not configured to be a lazy service, it may be stuck starting or still starting).
[  207.534597] init: Control message: Could not find 'aidl/activity' for ctl.interface_start from pid: 216 (/system/bin/servicemanager)
[  207.592023] servicemanager: Caller(pid=522,uid=1041,sid=u:r:audioserver:s0) Tried to start aidl service activity as a lazy service, but was unable to. Usually this happens when a service is not installed, but if the service is intended to be used as a lazy service, then it may be configured incorrectly.
[  208.535325] servicemanager: Caller(pid=522,uid=1041,sid=u:r:audioserver:s0) Since 'activity' could not be found trying to start it as a lazy AIDL service. (if it's not configured to be a lazy service, it may be stuck starting or still starting).
[  208.636934] init: Control message: Could not find 'aidl/activity' for ctl.interface_start from pid: 216 (/system/bin/servicemanager)
[  208.697070] servicemanager: Caller(pid=522,uid=1041,sid=u:r:audioserver:s0) Tried to start aidl service activity as a lazy service, but was unable to. Usually this happens when a service is not installed, but if the service is intended to be used as a lazy service, then it may be configured incorrectly.
[  209.654754] servicemanager: Caller(pid=522,uid=1041,sid=u:r:audioserver:s0) Since 'activity' could not be found trying to start it as a lazy AIDL service. (if it's not configured to be a lazy service, it may be stuck starting or still starting).
[  209.749607] init: Control message: Could not find 'aidl/activity' for ctl.interface_start from pid: 216 (/system/bin/servicemanager)
[  209.825981] servicemanager: Caller(pid=522,uid=1041,sid=u:r:audioserver:s0) Tried to start aidl service activity as a lazy service, but was unable to. Usually this happens when a service is not installed, but if the service is intended to be used as a lazy service, then it may be configured incorrectly.
[  210.766699] servicemanager: Caller(pid=522,uid=1041,sid=u:r:audioserver:s0) Since 'activity' could not be found trying to start it as a lazy AIDL service. (if it's not configured to be a lazy service, it may be stuck starting or still starting).
[  210.873838] init: Control message: Could not find 'aidl/activity' for ctl.interface_start from pid: 216 (/system/bin/servicemanager)
[  210.931890] servicemanager: Caller(pid=522,uid=1041,sid=u:r:audioserver:s0) Tried to start aidl service activity as a lazy service, but was unable to. Usually this happens when a service is not installed, but if the service is intended to be used as a lazy service, then it may be configured incorrectly.
[  211.875772] servicemanager: Caller(pid=522,uid=1041,sid=u:r:audioserver:s0) Since 'activity' could not be found trying to start it as a lazy AIDL service. (if it's not configured to be a lazy service, it may be stuck starting or still starting).
[  211.986970] init: Control message: Could not find 'aidl/activity' for ctl.interface_start from pid: 216 (/system/bin/servicemanager)
[  212.052643] servicemanager: Caller(pid=522,uid=1041,sid=u:r:audioserver:s0) Tried to start aidl service activity as a lazy service, but was unable to. Usually this happens when a service is not installed, but if the service is intended to be used as a lazy service, then it may be configured incorrectly.
[  212.987622] servicemanager: Caller(pid=522,uid=1041,sid=u:r:audioserver:s0) Since 'activity' could not be found trying to start it as a lazy AIDL service. (if it's not configured to be a lazy service, it may be stuck starting or still starting).
[  213.106163] init: Control message: Could not find 'aidl/activity' for ctl.interface_start from pid: 216 (/system/bin/servicemanager)
[  213.158259] servicemanager: Caller(pid=522,uid=1041,sid=u:r:audioserver:s0) Tried to start aidl service activity as a lazy service, but was unable to. Usually this happens when a service is not installed, but if the service is intended to be used as a lazy service, then it may be configured incorrectly.
[  214.107568] servicemanager: Caller(pid=522,uid=1041,sid=u:r:audioserver:s0) Since 'activity' could not be found trying to start it as a lazy AIDL service. (if it's not configured to be a lazy service, it may be stuck starting or still starting).
[  214.219820] init: Control message: Could not find 'aidl/activity' for ctl.interface_start from pid: 216 (/system/bin/servicemanager)
[  214.269565] servicemanager: Caller(pid=522,uid=1041,sid=u:r:audioserver:s0) Tried to start aidl service activity as a lazy service, but was unable to. Usually this happens when a service is not installed, but if the service is intended to be used as a lazy service, then it may be configured incorrectly.
[  214.620422] BpBinder: onLastStrongRef automatically unlinking death recipients: 
[  214.669596] servicemanager: Caller(pid=522,uid=1041,sid=u:r:audioserver:s0) Since 'sensor_privacy' could not be found trying to start it as a lazy AIDL service. (if it's not configured to be a lazy service, it may be stuck starting or still starting).
[  214.799788] init: Control message: Could not find 'aidl/sensor_privacy' for ctl.interface_start from pid: 216 (/system/bin/servicemanager)
[  214.884898] servicemanager: Caller(pid=522,uid=1041,sid=u:r:audioserver:s0) Tried to start aidl service sensor_privacy as a lazy service, but was unable to. Usually this happens when a service is not installed, but if the service is intended to be used as a lazy service, then it may be configured incorrectly.
[  215.795977] servicemanager: Caller(pid=522,uid=1041,sid=u:r:audioserver:s0) Since 'sensor_privacy' could not be found trying to start it as a lazy AIDL service. (if it's not configured to be a lazy service, it may be stuck starting or still starting).
[  215.902529] init: Control message: Could not find 'aidl/sensor_privacy' for ctl.interface_start from pid: 216 (/system/bin/servicemanager)
[  215.964073] servicemanager: Caller(pid=522,uid=1041,sid=u:r:audioserver:s0) Tried to start aidl service sensor_privacy as a lazy service, but was unable to. Usually this happens when a service is not installed, but if the service is intended to be used as a lazy service, then it may be configured incorrectly.
[  216.454370] BpBinder: onLastStrongRef automatically unlinking death recipients: 
[  216.495559] servicemanager: Caller(pid=703,uid=1000,sid=u:r:system_server:s0) Found android.hardware.sensors.ISensors/default in device VINTF manifest.
[  216.551838] servicemanager: Caller(pid=703,uid=1000,sid=u:r:system_server:s0) Found android.hardware.health.IHealth/default in device VINTF manifest.
[  216.618656] healthd: battery l=100 v=5000 t=25.0 h=2 st=2 c=900000 fc=3000000 cc=10 chg=a
[  217.332741] servicemanager: Caller(pid=703,uid=1000,sid=u:r:system_server:s0) Found android.hardware.power.IPower/default in device VINTF manifest.
[  217.407363] servicemanager: Caller(pid=703,uid=1000,sid=u:r:system_server:s0) Found android.hardware.vibrator.IVibratorManager/default in device VINTF manifest.
[  217.506799] servicemanager: Caller(pid=703,uid=1000,sid=u:r:system_server:s0) Found android.frameworks.vibrator.IVibratorControlService/default in framework VINTF manifest.
[  217.597729] servicemanager: Caller(pid=703,uid=1000,sid=u:r:system_server:s0) Found android.frameworks.vibrator.IVibratorControlService/default in framework VINTF manifest.
[  217.989603] servicemanager: Caller(pid=703,uid=1000,sid=u:r:system_server:s0) Found android.frameworks.devicestate.IDeviceStateService/default in framework VINTF manifest.
[  218.064626] servicemanager: Caller(pid=703,uid=1000,sid=u:r:system_server:s0) Found android.frameworks.devicestate.IDeviceStateService/default in framework VINTF manifest.
[  218.306095] servicemanager: Caller(pid=703,uid=1000,sid=u:r:system_server:s0) Found android.frameworks.sensorservice.ISensorManager/default in framework VINTF manifest.
[  218.643494] init: processing action (sys.sysctl.extra_free_kbytes=*) from (/system/etc/init/hw/init.rc:1236)
[  218.715697] init: starting service 'exec 18 (/system/bin/extra_free_kbytes.sh 2400)'...
[  218.808703] init: ... started service 'exec 18 (/system/bin/extra_free_kbytes.sh 2400)' has pid 976
[  218.890864] servicemanager: Caller(pid=703,uid=1000,sid=u:r:system_server:s0) Since 'artd' could not be found trying to start it as a lazy AIDL service. (if it's not configured to be a lazy service, it may be stuck starting or still starting).
[  218.920342] init: Command 'exec_background -- /system/bin/extra_free_kbytes.sh ${sys.sysctl.extra_free_kbytes}' action=sys.sysctl.extra_free_kbytes=* (/system/etc/init/hw/init.rc:1237) took 212ms and succeeded
[  219.122477] init: starting service 'artd'...
[  219.181731] init: ... started service 'artd' has pid 987
[  219.233796] init: Control message: Processed ctl.interface_start for 'aidl/artd' from pid: 216 (/system/bin/servicemanager)
[  219.621323] servicemanager: Notifying artd they do (previously: don't) have clients when service is guaranteed to be in use
[  219.676043] init: Service 'exec 18 (/system/bin/extra_free_kbytes.sh 2400)' (pid 976) exited with status 0 oneshot service took 0.896000 seconds in background
[  219.694004] BpBinder: onLastStrongRef automatically unlinking death recipients: 
[  219.744559] init: Sending signal 9 to service 'exec 18 (/system/bin/extra_free_kbytes.sh 2400)' (pid 976) process group...
[  219.856498] libprocessgroup: Removed cgroup /sys/fs/cgroup/system/uid_0/pid_976
[  226.451726] init: Sending signal 9 to service 'idmap2d' (pid 611) process group...
[  226.589588] libprocessgroup: Removed cgroup /sys/fs/cgroup/system/uid_1000/pid_611
[  226.718865] init: Control message: Processed ctl.stop for 'idmap2d' from pid: 703 (system_server)
[  226.799025] init: Service 'idmap2d' (pid 611) received signal 9
[  227.051343] init: Sending signal 9 to service 'idmap2d' (pid 611) process group...
[  227.135413] libprocessgroup: Failed to write 1 to /sys/fs/cgroup/system/uid_1000/pid_611/cgroup.kill: No such file or directory
[  227.378707] libprocessgroup: Failed to open /sys/fs/cgroup/system/uid_1000/pid_611/cgroup.procs: No such file or directory
[  228.686350] init: starting service 'idmap2d'...
[  228.794160] init: ... started service 'idmap2d' has pid 1073
[  228.882755] init: Control message: Processed ctl.start for 'idmap2d' from pid: 703 (system_server)
[  235.877610] logd: logdr: UID=2000 GID=2000 PID=1128 b tail=0 logMask=11 pid=0 start=1790136813000000000ns deadline=0ns
[  239.057584] init: Sending signal 9 to service 'idmap2d' (pid 1073) process group...
[  239.192943] libprocessgroup: Removed cgroup /sys/fs/cgroup/system/uid_1000/pid_1073
[  239.242809] init: Control message: Processed ctl.stop for 'idmap2d' from pid: 703 (system_server)
[  239.388267] init: Service 'idmap2d' (pid 1073) received signal 9
[  239.506533] init: Sending signal 9 to service 'idmap2d' (pid 1073) process group...
[  239.593164] libprocessgroup: Failed to write 1 to /sys/fs/cgroup/system/uid_1000/pid_1073/cgroup.kill: No such file or directory
[  239.753598] type=1400 audit(1790136817.935:5): avc:  denied  { getopt } for  comm="binder:703_1" scontext=u:r:system_server:s0 tcontext=u:r:shell:s0 tclass=unix_stream_socket permissive=0
[  239.780336] libprocessgroup: Failed to open /sys/fs/cgroup/system/uid_1000/pid_1073/cgroup.procs: No such file or directory
[  239.866943] type=1400 audit(1790136818.047:6): avc:  denied  { getopt } for  comm="binder:703_1" scontext=u:r:system_server:s0 tcontext=u:r:shell:s0 tclass=unix_stream_socket permissive=0
[  239.953338] type=1400 audit(1790136818.075:7): avc:  denied  { getopt } for  comm="binder:703_1" scontext=u:r:system_server:s0 tcontext=u:r:shell:s0 tclass=unix_stream_socket permissive=0
[  240.128156] type=1400 audit(1790136818.311:8): avc:  denied  { getopt } for  comm="binder:703_1" scontext=u:r:system_server:s0 tcontext=u:r:shell:s0 tclass=unix_stream_socket permissive=0
[  240.293498] type=1400 audit(1790136818.383:9): avc:  denied  { getopt } for  comm="binder:703_1" scontext=u:r:system_server:s0 tcontext=u:r:shell:s0 tclass=unix_stream_socket permissive=0
[  240.416362] type=1400 audit(1790136818.383:10): avc:  denied  { getopt } for  comm="binder:703_1" scontext=u:r:system_server:s0 tcontext=u:r:shell:s0 tclass=unix_stream_socket permissive=0
[  242.984079] servicemanager: Caller(pid=235,uid=0,sid=u:r:vold:s0) Found android.system.suspend.ISystemSuspend/default in framework VINTF manifest.
[  243.169361] servicemanager: Caller(pid=703,uid=1000,sid=u:r:system_server:s0) Could not find android.hardware.oemlock.IOemLock/default in the VINTF manifest. No alternative instances declared in VINTF.
[  244.350636] servicemanager: Caller(pid=703,uid=1000,sid=u:r:system_server:s0) Found android.hardware.wifi.IWifi/default in device VINTF manifest.
[  244.463693] servicemanager: Caller(pid=703,uid=1000,sid=u:r:system_server:s0) Found android.hardware.wifi.supplicant.ISupplicant/default in device VINTF manifest.
[  244.586511] servicemanager: Caller(pid=703,uid=1000,sid=u:r:system_server:s0) Found android.hardware.wifi.supplicant.ISupplicant/default in device VINTF manifest.
[  245.647943] servicemanager: Caller(pid=703,uid=1000,sid=u:r:system_server:s0) Found android.frameworks.location.altitude.IAltitudeService/default in framework VINTF manifest.
[  246.131872] servicemanager: Caller(pid=703,uid=1000,sid=u:r:system_server:s0) Could not find android.hardware.soundtrigger3.ISoundTriggerHw/default in the VINTF manifest. No alternative instances declared in VINTF.
[  246.261004] servicemanager: Caller(pid=703,uid=1000,sid=u:r:system_server:s0) Found android.hardware.thermal.IThermal/default in device VINTF manifest.
[  246.318709] servicemanager: Caller(pid=703,uid=1000,sid=u:r:system_server:s0) Could not find android.hardware.usb.gadget.IUsbGadget/default in the VINTF manifest. No alternative instances declared in VINTF.
[  246.445891] servicemanager: Caller(pid=703,uid=1000,sid=u:r:system_server:s0) Found android.hardware.usb.IUsb/default in device VINTF manifest.
[  246.649932] servicemanager: Caller(pid=703,uid=1000,sid=u:r:system_server:s0) Found android.hardware.contexthub.IContextHub/default in device VINTF manifest.
[  247.035218] servicemanager: Caller(pid=703,uid=1000,sid=u:r:system_server:s0) Found android.hardware.biometrics.fingerprint.IFingerprint/default in device VINTF manifest.
[  247.122354] servicemanager: Caller(pid=703,uid=1000,sid=u:r:system_server:s0) Since 'android.hardware.biometrics.fingerprint.IFingerprint/default' could not be found trying to start it as a lazy AIDL service. (if it's not configured to be a lazy service, it may be stuck starting or still starting).
[  247.259020] init: starting service 'vendor.biometrics.fingerprint-service.ranchu'...
[  247.352642] init: ... started service 'vendor.biometrics.fingerprint-service.ranchu' has pid 1332
[  247.393465] init: Control message: Processed ctl.interface_start for 'aidl/android.hardware.biometrics.fingerprint.IFingerprint/default' from pid: 216 (/system/bin/servicemanager)
[  247.488641] servicemanager: Caller(pid=1332,uid=1000,sid=u:r:hal_fingerprint_default:s0) Found android.hardware.biometrics.fingerprint.IFingerprint/default in device VINTF manifest.
[  247.579900] servicemanager: Notifying android.hardware.biometrics.fingerprint.IFingerprint/default they do (previously: don't) have clients when service is guaranteed to be in use
[  247.682449] BpBinder: onLastStrongRef automatically unlinking death recipients: 
[  247.802472] servicemanager: Caller(pid=703,uid=1000,sid=u:r:system_server:s0) Found android.hardware.biometrics.fingerprint.IFingerprint/default in device VINTF manifest.
[  248.272104] servicemanager: Caller(pid=703,uid=1000,sid=u:r:system_server:s0) Found android.hardware.authsecret.IAuthSecret/default in device VINTF manifest.
[  248.967274] servicemanager: Caller(pid=703,uid=1000,sid=u:r:system_server:s0) Found android.hardware.wifi.IWifi/default in device VINTF manifest.
[  249.141996] servicemanager: Caller(pid=703,uid=1000,sid=u:r:system_server:s0) Since 'ot_daemon' could not be found trying to start it as a lazy AIDL service. (if it's not configured to be a lazy service, it may be stuck starting or still starting).
[  249.271145] init: starting service 'ot-daemon'...
[  249.316575] init: Created socket '/dev/socket/ot-daemon/thread-wpan.sock', mode 660, user 1084, group 1084
[  249.411375] init: ... started service 'ot-daemon' has pid 1358
[  249.459302] init: Control message: Processed ctl.interface_start for 'aidl/ot_daemon' from pid: 216 (/system/bin/servicemanager)
[  249.530633] servicemanager: Caller(pid=703,uid=1000,sid=u:r:system_server:s0) Found android.hardware.health.IHealth/default in device VINTF manifest.
[  249.871082] BpBinder: onLastStrongRef automatically unlinking death recipients: 
[  249.910501] servicemanager: Notifying ot_daemon they do (previously: don't) have clients when service is guaranteed to be in use
[  250.431064] servicemanager: Notifying apexservice they do (previously: don't) have clients when service is guaranteed to be in use
[  250.495717] AidlLazyServiceRegistrar: Process has 1 (of 1 available) client(s) in use after notification apexservice has clients: 1
[  250.510484] apexd: getSessions() received by ApexService
[  250.557233] AidlLazyServiceRegistrar: Shutdown prevented by forcePersist override flag.
[  250.806253] init: starting service 'idmap2d'...
[  250.848437] init: ... started service 'idmap2d' has pid 1371
[  250.917845] init: Control message: Processed ctl.start for 'idmap2d' from pid: 703 (system_server)
[  251.606331] servicemanager: Caller(pid=703,uid=1000,sid=u:r:system_server:s0) Found android.hardware.thermal.IThermal/default in device VINTF manifest.
[  251.733226] servicemanager: Caller(pid=703,uid=1000,sid=u:r:system_server:s0) Could not find android.hardware.input.processor.IInputProcessor/default in the VINTF manifest. No alternative instances declared in VINTF.
[  252.694302] servicemanager: VINTF HALs require names in the format type/instance (e.g. some.package.foo.IFoo/default) but got: media_quality
[  253.160024] servicemanager: VINTF HALs require names in the format type/instance (e.g. some.package.foo.IFoo/default) but got: media_quality
[  253.528869] servicemanager: Caller(pid=703,uid=1000,sid=u:r:system_server:s0) Found android.hardware.gnss.IGnss/default in device VINTF manifest.
[  253.603535] servicemanager: VINTF HALs require names in the format type/instance (e.g. some.package.foo.IFoo/default) but got: media_quality
[  253.674810] servicemanager: Caller(pid=703,uid=1000,sid=u:r:system_server:s0) Since 'android.hardware.gnss.IGnss/default' could not be found trying to start it as a lazy AIDL service. (if it's not configured to be a lazy service, it may be stuck starting or still starting).
[  253.788839] servicemanager: Notifying apexservice they don't (previously: do) have clients when we now have no record of a client
[  253.844674] init: starting service 'vendor.gnss.ranchu'...
[  253.878573] AidlLazyServiceRegistrar: Process has 0 (of 1 available) client(s) in use after notification apexservice has clients: 0
[  253.942546] AidlLazyServiceRegistrar: Shutdown prevented by forcePersist override flag.
[  253.989135] init: ... started service 'vendor.gnss.ranchu' has pid 1459
[  254.072006] servicemanager: Caller(pid=1459,uid=1021,sid=u:r:hal_gnss_default:s0) Found android.hardware.gnss.IGnss/default in device VINTF manifest.
[  254.086904] init: Control message: Processed ctl.interface_start for 'aidl/android.hardware.gnss.IGnss/default' from pid: 216 (/system/bin/servicemanager)
[  254.187762] servicemanager: Notifying android.hardware.gnss.IGnss/default they do (previously: don't) have clients when service is guaranteed to be in use
[  254.188154] BpBinder: onLastStrongRef automatically unlinking death recipients: 
[  254.424705] servicemanager: VINTF HALs require names in the format type/instance (e.g. some.package.foo.IFoo/default) but got: media_quality
[  254.666463] servicemanager: VINTF HALs require names in the format type/instance (e.g. some.package.foo.IFoo/default) but got: media_quality
[  255.099474] servicemanager: VINTF HALs require names in the format type/instance (e.g. some.package.foo.IFoo/default) but got: media_quality
[  256.323923] servicemanager: Caller(pid=1386,uid=10185,sid=u:r:platform_app:s0:c512,c768) Found android.hardware.graphics.allocator.IAllocator/default in device VINTF manifest.
[  256.419300] servicemanager: Caller(pid=1386,uid=10185,sid=u:r:platform_app:s0:c512,c768) Found android.hardware.graphics.allocator.IAllocator/default in device VINTF manifest.
[  256.503977] servicemanager: Caller(pid=1386,uid=10185,sid=u:r:platform_app:s0:c512,c768) Found mapper/ranchu in device VINTF manifest.
[  257.267673] servicemanager: Caller(pid=703,uid=1000,sid=u:r:system_server:s0) Could not find android.hardware.weaver.IWeaver/default in the VINTF manifest. No alternative instances declared in VINTF.
[  257.701899] servicemanager: Caller(pid=703,uid=1000,sid=u:r:system_server:s0) Found android.hardware.wifi.IWifi/default in device VINTF manifest.
[  257.807365] servicemanager: Caller(pid=1565,uid=1068,sid=u:r:secure_element:s0:c44,c260,c512,c768) Could not find android.hardware.secure_element.ISecureElement/eSE1 in the VINTF manifest. No alternative instances declared in VINTF.
[  258.075510] servicemanager: Caller(pid=1565,uid=1068,sid=u:r:secure_element:s0:c44,c260,c512,c768) Could not find android.hardware.secure_element.ISecureElement/SIM1 in the VINTF manifest. No alternative instances declared in VINTF.
[  258.183557] servicemanager: Caller(pid=703,uid=1000,sid=u:r:system_server:s0) Found android.hardware.wifi.IWifi/default in device VINTF manifest.
[  258.453439] servicemanager: Caller(pid=703,uid=1000,sid=u:r:system_server:s0) Found android.hardware.wifi.IWifi/default in device VINTF manifest.
[  258.808188] servicemanager: Caller(pid=703,uid=1000,sid=u:r:system_server:s0) Found android.hardware.wifi.IWifi/default in device VINTF manifest.
[  258.881361] servicemanager: Caller(pid=703,uid=1000,sid=u:r:system_server:s0) Found android.hardware.wifi.supplicant.ISupplicant/default in device VINTF manifest.
[  258.962842] servicemanager: Caller(pid=703,uid=1000,sid=u:r:system_server:s0) Found android.hardware.wifi.supplicant.ISupplicant/default in device VINTF manifest.
[  259.036325] servicemanager: Caller(pid=703,uid=1000,sid=u:r:system_server:s0) Since 'android.hardware.wifi.supplicant.ISupplicant/default' could not be found trying to start it as a lazy AIDL service. (if it's not configured to be a lazy service, it may be stuck starting or still starting).
[  259.138253] healthd: battery l=100 v=5000 t=25.0 h=2 st=2 c=900000 fc=3000000 cc=10 chg=a
[  259.175159] init: starting service 'wpa_supplicant'...
[  259.219146] init: Created socket '/dev/socket/wpa_wlan0', mode 660, user 1010, group 1010
[  259.306279] init: ... started service 'wpa_supplicant' has pid 1659
[  259.337662] init: Control message: Processed ctl.interface_start for 'aidl/android.hardware.wifi.supplicant.ISupplicant/default' from pid: 216 (/system/bin/servicemanager)
[  259.491137] capability: warning: `wpa_supplicant' uses 32-bit capabilities (legacy support in use)
[  259.554156] servicemanager: Caller(pid=1659,uid=1010,sid=u:r:hal_wifi_supplicant_default:s0) Found android.hardware.wifi.supplicant.ISupplicant/default in device VINTF manifest.
[  259.640118] BpBinder: onLastStrongRef automatically unlinking death recipients: 
[  259.748625] servicemanager: Caller(pid=703,uid=1000,sid=u:r:system_server:s0) Could not find android.hardware.input.processor.IInputProcessor/default in the VINTF manifest. No alternative instances declared in VINTF.
[  259.995912] servicemanager: Caller(pid=703,uid=1000,sid=u:r:system_server:s0) Found android.hardware.wifi.IWifi/default in device VINTF manifest.
[  260.788532] servicemanager: Caller(pid=1554,uid=1002,sid=u:r:bluetooth:s0) Could not find android.hardware.bluetooth.socket.IBluetoothSocket/default in the VINTF manifest. No alternative instances declared in VINTF.
[  260.901218] servicemanager: Caller(pid=1554,uid=1002,sid=u:r:bluetooth:s0) Found android.hardware.bluetooth.IBluetoothHci/default in device VINTF manifest.
[  261.053981] init: Sending signal 9 to service 'idmap2d' (pid 1371) process group...
[  261.100255] libprocessgroup: Removed cgroup /sys/fs/cgroup/system/uid_1000/pid_1371
[  261.140441] init: Control message: Processed ctl.stop for 'idmap2d' from pid: 703 (system_server)
[  261.197819] init: Service 'idmap2d' (pid 1371) received signal 9
[  261.258806] init: Sending signal 9 to service 'idmap2d' (pid 1371) process group...
[  261.300125] libprocessgroup: Failed to write 1 to /sys/fs/cgroup/system/uid_1000/pid_1371/cgroup.kill: No such file or directory
[  261.368570] libprocessgroup: Failed to open /sys/fs/cgroup/system/uid_1000/pid_1371/cgroup.procs: No such file or directory
[  261.565983] servicemanager: Caller(pid=1580,uid=1001,sid=u:r:radio:s0) Found android.hardware.radio.data.IRadioData/slot1 in device VINTF manifest.
[  261.650657] servicemanager: Caller(pid=1580,uid=1001,sid=u:r:radio:s0) Found android.hardware.radio.data.IRadioData/slot1 in device VINTF manifest.
[  261.733297] servicemanager: Caller(pid=1580,uid=1001,sid=u:r:radio:s0) Found android.hardware.radio.messaging.IRadioMessaging/slot1 in device VINTF manifest.
[  261.815649] servicemanager: Caller(pid=1580,uid=1001,sid=u:r:radio:s0) Found android.hardware.radio.modem.IRadioModem/slot1 in device VINTF manifest.
[  261.881103] servicemanager: Caller(pid=1580,uid=1001,sid=u:r:radio:s0) Found android.hardware.radio.network.IRadioNetwork/slot1 in device VINTF manifest.
[  261.966489] servicemanager: Caller(pid=1580,uid=1001,sid=u:r:radio:s0) Found android.hardware.radio.sim.IRadioSim/slot1 in device VINTF manifest.
[  262.032795] servicemanager: Caller(pid=1580,uid=1001,sid=u:r:radio:s0) Found android.hardware.radio.voice.IRadioVoice/slot1 in device VINTF manifest.
[  262.101817] servicemanager: Caller(pid=1580,uid=1001,sid=u:r:radio:s0) Found android.hardware.radio.ims.IRadioIms/slot1 in device VINTF manifest.
[  262.252532] servicemanager: Caller(pid=1580,uid=1001,sid=u:r:radio:s0) Found android.hardware.radio.modem.IRadioModem/slot1 in device VINTF manifest.
[  262.441080] servicemanager: Caller(pid=1580,uid=1001,sid=u:r:radio:s0) Found android.hardware.radio.ims.IRadioIms/slot1 in device VINTF manifest.
[  262.549382] servicemanager: Caller(pid=1580,uid=1001,sid=u:r:radio:s0) Found android.hardware.radio.messaging.IRadioMessaging/slot1 in device VINTF manifest.
[  262.658082] servicemanager: Caller(pid=1580,uid=1001,sid=u:r:radio:s0) Found android.hardware.radio.data.IRadioData/slot1 in device VINTF manifest.
[  262.816938] servicemanager: Caller(pid=1580,uid=1001,sid=u:r:radio:s0) Found android.hardware.radio.voice.IRadioVoice/slot1 in device VINTF manifest.
[  262.965994] servicemanager: Caller(pid=1717,uid=10184,sid=u:r:priv_app:s0:c512,c768) Found android.hardware.graphics.allocator.IAllocator/default in device VINTF manifest.
[  263.067077] servicemanager: Caller(pid=1580,uid=1001,sid=u:r:radio:s0) Found android.hardware.radio.data.IRadioData/slot1 in device VINTF manifest.
[  263.160968] servicemanager: Caller(pid=1554,uid=1002,sid=u:r:bluetooth:s0) Could not find android.hardware.bluetooth.ranging.IBluetoothChannelSounding/default in the VINTF manifest. No alternative instances declared in VINTF.
[  263.274037] servicemanager: Caller(pid=1580,uid=1001,sid=u:r:radio:s0) Found android.hardware.radio.data.IRadioData/slot1 in device VINTF manifest.
[  263.358991] servicemanager: Caller(pid=1554,uid=1002,sid=u:r:bluetooth:s0) Could not find android.hardware.bluetooth.ranging.IBluetoothChannelSounding/default in the VINTF manifest. No alternative instances declared in VINTF.
[  263.483875] servicemanager: Caller(pid=1717,uid=10184,sid=u:r:priv_app:s0:c512,c768) Found android.hardware.graphics.allocator.IAllocator/default in device VINTF manifest.
[  263.566948] servicemanager: Caller(pid=1717,uid=10184,sid=u:r:priv_app:s0:c512,c768) Found mapper/ranchu in device VINTF manifest.
[  263.640444] servicemanager: Caller(pid=1580,uid=1001,sid=u:r:radio:s0) Found android.hardware.radio.messaging.IRadioMessaging/slot1 in device VINTF manifest.
[  263.734694] init: starting service 'idmap2d'...
[  263.756880] servicemanager: Notifying artd they don't (previously: do) have clients when we now have no record of a client
[  263.860955] servicemanager: Caller(pid=1580,uid=1001,sid=u:r:radio:s0) Found android.hardware.radio.messaging.IRadioMessaging/slot1 in device VINTF manifest.
[  263.950246] servicemanager: Caller(pid=987,uid=1082,sid=u:r:artd:s0) Unregistering artd
[  263.990282] BpBinder: onLastStrongRef automatically unlinking death recipients: 
[  264.035307] init: ... started service 'idmap2d' has pid 1767
[  264.071607] init: Control message: Processed ctl.start for 'idmap2d' from pid: 703 (system_server)
[  264.124960] servicemanager: Caller(pid=1580,uid=1001,sid=u:r:radio:s0) Found android.hardware.radio.modem.IRadioModem/slot1 in device VINTF manifest.
[  264.194498] init: Service 'artd' (pid 987) exited with status 0 oneshot service took 45.048000 seconds in background
[  264.269252] servicemanager: Caller(pid=1580,uid=1001,sid=u:r:radio:s0) Found android.hardware.radio.network.IRadioNetwork/slot1 in device VINTF manifest.
[  264.304467] init: Sending signal 9 to service 'artd' (pid 987) process group...
[  264.388376] libprocessgroup: Removed cgroup /sys/fs/cgroup/system/uid_1082/pid_987
[  264.447774] servicemanager: Caller(pid=1580,uid=1001,sid=u:r:radio:s0) Found android.hardware.radio.network.IRadioNetwork/slot1 in device VINTF manifest.
[  264.615131] servicemanager: Caller(pid=1580,uid=1001,sid=u:r:radio:s0) Found android.hardware.radio.sim.IRadioSim/slot1 in device VINTF manifest.
[  264.732217] servicemanager: Caller(pid=1580,uid=1001,sid=u:r:radio:s0) Found android.hardware.radio.sim.IRadioSim/slot1 in device VINTF manifest.
[  264.858234] servicemanager: Caller(pid=1580,uid=1001,sid=u:r:radio:s0) Found android.hardware.radio.voice.IRadioVoice/slot1 in device VINTF manifest.
[  265.002619] servicemanager: Caller(pid=1580,uid=1001,sid=u:r:radio:s0) Found android.hardware.radio.voice.IRadioVoice/slot1 in device VINTF manifest.
[  265.190257] servicemanager: Caller(pid=1580,uid=1001,sid=u:r:radio:s0) Found android.hardware.radio.ims.IRadioIms/slot1 in device VINTF manifest.
[  265.284898] servicemanager: Caller(pid=1580,uid=1001,sid=u:r:radio:s0) Found android.hardware.radio.ims.IRadioIms/slot1 in device VINTF manifest.
[  265.369184] servicemanager: Caller(pid=1580,uid=1001,sid=u:r:radio:s0) Found android.hardware.radio.ims.IRadioIms/slot1 in device VINTF manifest.
[  265.534515] servicemanager: Caller(pid=1580,uid=1001,sid=u:r:radio:s0) Found android.hardware.radio.config.IRadioConfig/default in device VINTF manifest.
[  265.679608] servicemanager: Caller(pid=1554,uid=1002,sid=u:r:bluetooth:s0) Found android.hardware.bluetooth.audio.IBluetoothAudioProviderFactory/default in device VINTF manifest.
[  265.766828] servicemanager: Caller(pid=1554,uid=1002,sid=u:r:bluetooth:s0) Found android.hardware.bluetooth.audio.IBluetoothAudioProviderFactory/default in device VINTF manifest.
[  266.083550] servicemanager: Caller(pid=1554,uid=1002,sid=u:r:bluetooth:s0) Found android.hardware.bluetooth.audio.IBluetoothAudioProviderFactory/default in device VINTF manifest.
[  266.187474] servicemanager: Caller(pid=1554,uid=1002,sid=u:r:bluetooth:s0) Found android.hardware.bluetooth.audio.IBluetoothAudioProviderFactory/default in device VINTF manifest.
[  269.040956] servicemanager: Caller(pid=1386,uid=10185,sid=u:r:platform_app:s0:c512,c768) Found android.frameworks.stats.IStats/default in framework VINTF manifest.
[  269.111924] servicemanager: Caller(pid=1386,uid=10185,sid=u:r:platform_app:s0:c512,c768) Found android.frameworks.stats.IStats/default in framework VINTF manifest.
[  269.402220] servicemanager: VINTF HALs require names in the format type/instance (e.g. some.package.foo.IFoo/default) but got: media_quality
[  269.840208] servicemanager: VINTF HALs require names in the format type/instance (e.g. some.package.foo.IFoo/default) but got: media_quality
[  270.092818] servicemanager: VINTF HALs require names in the format type/instance (e.g. some.package.foo.IFoo/default) but got: media_quality
[  270.264850] servicemanager: Caller(pid=526,uid=1000,sid=u:r:surfaceflinger:s0) Found android.hardware.power.IPower/default in device VINTF manifest.
[  270.725029] binder: undelivered transaction 64770, process died.
[  270.756033] init: Service 'bootanim' (pid 582) exited with status 0 oneshot service took 122.657997 seconds in background
[  270.809265] init: Sending signal 9 to service 'bootanim' (pid 582) process group...
[  270.869674] libprocessgroup: Removed cgroup /sys/fs/cgroup/system/uid_1003/pid_582
[  271.820259] servicemanager: Caller(pid=703,uid=1000,sid=u:r:system_server:s0) Found android.hardware.wifi.IWifi/default in device VINTF manifest.
[  271.899771] servicemanager: Notifying apexservice they do (previously: don't) have clients when service is guaranteed to be in use
[  271.963789] AidlLazyServiceRegistrar: Process has 1 (of 1 available) client(s) in use after notification apexservice has clients: 1
[  271.968970] apexd: markBootCompleted() received by ApexService
[  272.063384] AidlLazyServiceRegistrar: Shutdown prevented by forcePersist override flag.
[  272.321268] init: processing action (sys.boot_completed=1) from (/system/etc/init/hw/init.rc:1227)
[  272.410917] init: starting service 'exec 19 (/bin/rm -rf /data/per_boot)'...
[  272.467546] init: ... started service 'exec 19 (/bin/rm -rf /data/per_boot)' has pid 1927
[  272.518216] init: SVC_EXEC service 'exec 19 (/bin/rm -rf /data/per_boot)' pid 1927 (uid 1000 gid 1000+0 context default) started; waiting...
[  272.597026] init: Command 'exec - system system -- /bin/rm -rf /data/per_boot' action=sys.boot_completed=1 (/system/etc/init/hw/init.rc:1230) took 186ms and succeeded
[  272.706793] init: Service 'exec 19 (/bin/rm -rf /data/per_boot)' (pid 1927) exited with status 0 waiting took 0.254000 seconds
[  272.781132] init: Sending signal 9 to service 'exec 19 (/bin/rm -rf /data/per_boot)' (pid 1927) process group...
[  272.888456] libprocessgroup: Removed cgroup /sys/fs/cgroup/system/uid_1000/pid_1927
[  272.977935] init: Encryption policy of /data/per_boot set to 03002bcab698ecbf791d5c74ba1aeef8 v2 modes 1/4 flags 0x2
[  273.057509] binder: undelivered transaction 66534, process died.
[  273.102034] init: Command 'mkdir /data/per_boot 0700 system system encryption=Require key=per_boot_ref' action=sys.boot_completed=1 (/system/etc/init/hw/init.rc:1231) took 143ms and succeeded
[  273.252093] init: processing action (sys.boot_completed=1) from (/vendor/etc/init/hw/init.ranchu.rc:200)
[  273.372212] init: processing action (sys.boot_completed=1 && sys.bootstat.first_boot_completed=0) from (/system/etc/init/bootstat.rc:67)
[  273.481499] init: starting service 'exec 20 (/system/bin/bootstat --record_boot_complete --record_boot_reason --record_time_since_factory_reset -l)'...
[  273.615800] init: ... started service 'exec 20 (/system/bin/bootstat --record_boot_complete --record_boot_reason --record_time_since_factory_reset -l)' has pid 1963
[  273.725355] init: Command 'exec_background - system log -- /system/bin/bootstat --record_boot_complete --record_boot_reason --record_time_since_factory_reset -l' action=sys.boot_completed=1 && sys.bootstat.first_boot_completed=0 (/system/etc/init/bootstat.rc:72) took 250ms and succeeded
[  273.880031] init: processing action (sys.boot_completed=1) from (/system/etc/init/dmesgd.rc:4)
[  273.968183] init: Service 'exec 20 (/system/bin/bootstat --record_boot_complete --record_boot_reason --record_time_since_factory_reset -l)' (pid 1963) exited with status 0 oneshot service took 0.367000 seconds in background
[  274.105629] init: Sending signal 9 to service 'exec 20 (/system/bin/bootstat --record_boot_complete --record_boot_reason --record_time_since_factory_reset -l)' (pid 1963) process group...
[  274.250711] libprocessgroup: Removed cgroup /sys/fs/cgroup/system/uid_1000/pid_1963
[  274.324884] init: Untracked pid 1952 received signal 1
[  274.381947] init: Untracked pid 1952 did not have an associated service entry and will not be reaped
[  274.488160] init: Sending signal 9 to service 'idmap2d' (pid 1767) process group...
[  274.561653] libprocessgroup: Removed cgroup /sys/fs/cgroup/system/uid_1000/pid_1767
[  274.640726] init: Control message: Processed ctl.stop for 'idmap2d' from pid: 703 (system_server)
[  274.685721] apexd: destroyCeSnapshotsNotSpecified() received by ApexService user_id : 0 retain_rollback_ids : []
[  274.738849] init: processing action (sys.boot_completed=1) from (/system/etc/init/flags_health_check.rc:7)
[  274.811069] init: Service 'idmap2d' (pid 1767) received signal 9
[  274.848746] init: Sending signal 9 to service 'idmap2d' (pid 1767) process group...
[  274.882274] libprocessgroup: Failed to write 1 to /sys/fs/cgroup/system/uid_1000/pid_1767/cgroup.kill: No such file or directory
[  274.946286] libprocessgroup: Failed to open /sys/fs/cgroup/system/uid_1000/pid_1767/cgroup.procs: No such file or directory
[  275.035485] init: processing action (persist.dbg.keep_debugfs_mounted= && ro.product.debugfs_restrictions.enabled=true && sys.boot_completed=1) from (/system/etc/init/init-debug.rc:15)
[  275.146683] init: processing action (sys.boot_completed=1) from (/system/etc/init/init-mmd-prop.rc:1)
[  275.203545] init: processing action (sys.boot_completed=1) from (/system/etc/init/lmkd.rc:13)
[  275.260056] init: starting service 'exec 21 (/system/bin/lmkd --boot_completed)'...
[  275.318041] init: ... started service 'exec 21 (/system/bin/lmkd --boot_completed)' has pid 2003
[  275.390100] init: Command 'exec_background /system/bin/lmkd --boot_completed' action=sys.boot_completed=1 (/system/etc/init/lmkd.rc:14) took 130ms and succeeded
[  275.464551] init: Service 'exec 21 (/system/bin/lmkd --boot_completed)' (pid 2003) exited with status 0 oneshot service took 0.152000 seconds in background
[  275.535274] init: Sending signal 9 to service 'exec 21 (/system/bin/lmkd --boot_completed)' (pid 2003) process group...
[  276.257867] libprocessgroup: Removed cgroup /sys/fs/cgroup/system/uid_0/pid_2003
[  276.312093] init: starting service 'idmap2d'...
[  276.354533] init: ... started service 'idmap2d' has pid 2027
[  276.385926] init: Control message: Processed ctl.start for 'idmap2d' from pid: 703 (system_server)
[  276.470906] init: processing action (sys.boot_completed=1) from (/system/etc/init/logd.rc:34)
[  276.585120] apexd: Deleting unused dm device com.android.apex.cts.shim
[  276.593515] init: starting service 'logd-auditctl'...
[  276.691945] apexd: Deleting unused dm device com.android.compos
[  276.872756] init: ... started service 'logd-auditctl' has pid 2046
[  276.911327] init: Command 'start logd-auditctl' action=sys.boot_completed=1 (/system/etc/init/logd.rc:35) took 318ms and succeeded
[  276.932322] apexd: Deleting unused dm device com.android.devicelock
[  276.965847] init: processing action (sys.boot_completed=1 && sys.wifitracing.started=0) from (/system/etc/init/wifi.rc:28)
[  277.084032] apexd: Deleting unused dm device com.android.hardware.authsecret
[  277.115866] init: Service 'logd-auditctl' (pid 2046) exited with status 0 oneshot service took 0.396000 seconds in background
[  277.188835] init: Sending signal 9 to service 'logd-auditctl' (pid 2046) process group...
[  277.263846] apexd: Deleting unused dm device com.android.hardware.cas
[  277.384997] apexd: Deleting unused dm device com.android.hardware.contexthub
[  277.393248] libprocessgroup: Removed cgroup /sys/fs/cgroup/system/uid_1036/pid_2046
[  277.487620] selinux: SELinux: Could not get canonical path for /sys/kernel/debug/tracing/instances/wifi restorecon: No such file or directory.
[  277.557801] apexd: Deleting unused dm device com.android.hardware.dumpstate
[  277.571924] init: Command 'restorecon_recursive /sys/kernel/debug/tracing/instances/wifi' action=sys.boot_completed=1 && sys.wifitracing.started=0 (/system/etc/init/wifi.rc:31) took 84ms and succeeded
[  277.911004] apexd: Deleting unused dm device com.android.hardware.gatekeeper
[  278.063181] init: Command 'mkdir /sys/kernel/tracing/instances/wifi 711' action=sys.boot_completed=1 && sys.wifitracing.started=0 (/system/etc/init/wifi.rc:36) took 154ms and succeeded
[  278.394085] apexd: Deleting unused dm device com.android.hardware.neuralnetworks
[  278.515579] init: Command 'write /sys/kernel/tracing/instances/wifi/buffer_size_kb 1' action=sys.boot_completed=1 && sys.wifitracing.started=0 (/system/etc/init/wifi.rc:39) took 60ms and succeeded
[  278.619462] apexd: Deleting unused dm device com.android.hardware.power
[  278.675974] init: Command 'write /sys/kernel/debug/tracing/instances/wifi/events/cfg80211/rdev_set_rekey_data/enable 1' action=sys.boot_completed=1 && sys.wifitracing.started=0 (/system/etc/init/wifi.rc:53) took 67ms and succeeded
[  278.821139] apexd: Deleting unused dm device com.android.hardware.rebootescrow
[  278.937590] apexd: Deleting unused dm device com.android.hardware.thermal
[  279.038225] init: Command 'write /sys/kernel/tracing/instances/wifi/events/net/filter name==${wifi.interface:-wlan0}' action=sys.boot_completed=1 && sys.wifitracing.started=0 (/system/etc/init/wifi.rc:75) took 62ms and succeeded
[  279.153088] apexd: Deleting unused dm device com.android.hardware.threadnetwork
[  279.337169] init: Command 'write /sys/kernel/tracing/instances/wifi/events/net/net_dev_queue/enable 1' action=sys.boot_completed=1 && sys.wifitracing.started=0 (/system/etc/init/wifi.rc:76) took 93ms and succeeded
[  279.502813] apexd: Deleting unused dm device com.android.hardware.uwb
[  279.520789] init: processing action (dev.bootcomplete=1 && vendor.qemu.dev.bootcomplete=0) from (/vendor/etc/init/hw/init.ranchu.rc:115)
[  279.638926] init: starting service 'qemu-props-bootcomplete'...
[  279.688848] apexd: Deleting unused dm device com.android.hardware.vibrator
[  279.791119] init: ... started service 'qemu-props-bootcomplete' has pid 2084
[  279.791340] apexd: Deleting unused dm device com.android.i18n
[  279INFO         | Activated packet streamer for uwb emulation
INFO         | Activated packet streamer for bluetooth emulation
INFO         | Monitoring duration of emulator setup.
INFO         | Successfully initialized netsim WiFi
INFO         | Setting display: 0 configuration to: 320x640, dpi: 160x160 
INFO         | setDisplayActiveConfig: id:0, 320x640
INFO         | emulatorSetupEnvironment: Environment scene is not required
USER_INFO    | Emulator is performing a full startup. This may take upto two minutes, or more.
INFO         | GPU Vendor=[Google (Google Inc.)]
INFO         | GPU Renderer=[Android Emulator OpenGL ES Translator (Google SwiftShader)]
INFO         | GPU Version=[OpenGL ES 3.0 (OpenGL ES 3.0 SwiftShader 4.0.0.1)]
INFO         | Boot completed in 295683 ms
.871255] init: Command 'start qemu-props-bootcomplete' action=dev.bootcomplete=1 && vendor.qemu.dev.bootcomplete=0 (/vendor/etc/init/hw/init.ranchu.rc:117) took 236ms and succeeded
[  279.972247] apexd: Deleting unused dm device com.android.runtime
[  280.054703] init: Service 'qemu-props-bootcomplete' (pid 2084) exited with status 0 oneshot service took 0.302000 seconds in background
[  280.174755] apexd: Deleting unused dm device com.android.tzdata
[  280.182375] init: Sending signal 9 to service 'qemu-props-bootcomplete' (pid 2084) process group...
[  280.291166] apexd: Deleting unused dm device com.android.virt
[  280.328594] libprocessgroup: Removed cgroup /sys/fs/cgroup/system/uid_0/pid_2084
[  280.394660] apexd: Deleting unused dm device com.google.android.widevine
[  280.451364] init: starting service 'ranchu-setup'...
[  280.570891] init: ... started service 'ranchu-setup' has pid 2105
[  280.657925] init: Command 'start ranchu-setup' action=dev.bootcomplete=1 && vendor.qemu.dev.bootcomplete=0 (/vendor/etc/init/hw/init.ranchu.rc:118) took 206ms and succeeded
[  280.752845] init: starting service 'ranchu-adb-setup'...
[  280.937844] init: ... started service 'ranchu-adb-setup' has pid 2109
[  281.032124] /system_ext/bin/init.ranchu.adb.setup.sh: '/data/misc/adb/adb_keys' already exists, skipping
[  281.081831] init: Command 'start ranchu-adb-setup' action=dev.bootcomplete=1 && vendor.qemu.dev.bootcomplete=0 (/vendor/etc/init/hw/init.ranchu.rc:119) took 332ms and succeeded
[  281.158264] init: Service 'ranchu-setup' (pid 2105) exited with status 0 oneshot service took 0.629000 seconds in background
[  281.215674] init: Sending signal 9 to service 'ranchu-setup' (pid 2105) process group...
[  281.252762] libprocessgroup: Removed cgroup /sys/fs/cgroup/system/uid_0/pid_2105
[  281.291852] init: Service 'ranchu-adb-setup' (pid 2109) exited with status 0 oneshot service took 0.468000 seconds in background
[  281.359233] init: Sending signal 9 to service 'ranchu-adb-setup' (pid 2109) process group...
[  281.428803] libprocessgroup: Removed cgroup /sys/fs/cgroup/system/uid_1000/pid_2109
[  281.472675] init: processing action (sys.user.0.ce_available=true) from (/system/etc/init/wifi.rc:21)
[  281.528468] init: processing action (persist.sys.zram_enabled=1 && sys-boot-completed-set) from (/vendor/etc/init/hw/init.ranchu.rc:203)
[  281.622799] zram0: detected capacity change from 0 to 3798448
[  281.700168] mkswap: Swapspace size: 1899220k, UUID=f66ba5ea-7184-4f1e-9126-9d2a93614803
[  281.798968] Adding 1899220k swap on /dev/block/zram0.  Priority:-2 extents:1 across:1899220k SS
[  281.881172] init: Command 'swapon_all /vendor/etc/fstab.${ro.hardware}' action=persist.sys.zram_enabled=1 && sys-boot-completed-set (/vendor/etc/init/hw/init.ranchu.rc:204) took 280ms and succeeded
[  282.015832] init: processing action (bootreceiver.enable=1 && dmesgd.start=1 && ro.product.cpu.abilist64=*) from (/system/etc/init/dmesgd.rc:12)
[  282.124453] init: starting service 'dmesgd'...
[  282.524865] init: ... started service 'dmesgd' has pid 2133
[  282.625157] init: Command 'start dmesgd' action=bootreceiver.enable=1 && dmesgd.start=1 && ro.product.cpu.abilist64=* (/system/etc/init/dmesgd.rc:13) took 501ms and succeeded
[  282.736545] init: processing action (sys.boot_completed=1 && sys.wifitracing.started=1 && wifi.interface=*) from (/system/etc/init/wifi.rc:98)
[  282.915641] init: Command 'write /sys/kernel/tracing/instances/wifi/events/net/filter name==${wifi.interface}' action=sys.boot_completed=1 && sys.wifitracing.started=1 && wifi.interface=* (/system/etc/init/wifi.rc:101) took 63ms and succeeded
[  283.034874] init: Service 'dmesgd' (pid 2133) exited with status 0 oneshot service took 0.842000 seconds in background
[  283.149614] init: Sending signal 9 to service 'dmesgd' (pid 2133) process group...
[  283.272108] libprocessgroup: Removed cgroup /sys/fs/cgroup/system/uid_1086/pid_2133
[  283.338039] init: processing action (init.svc.ranchu-adb-setup=stopped) from (/system_ext/etc/init/init.system_ext.rc:1)
[  283.455824] init: service 'adbd' requested start, but it is already running (flags: 132)
[  283.543179] init: Command 'start adbd' action=init.svc.ranchu-adb-setup=stopped (/system_ext/etc/init/init.system_ext.rc:2) took 87ms and succeeded
[  287.532803] wlan0: authenticate with 00:13:10:85:fe:01
[  287.580627] wlan0: send auth to 00:13:10:85:fe:01 (try 1/3)
[  287.664334] wlan0: authenticated
[  287.721644] mac80211_hwsim hwsim0 wlan0: disabling HT/VHT/HE as WMM/QoS is not supported by the AP
[  287.805774] wlan0: associate with 00:13:10:85:fe:01 (try 1/3)
[  287.902018] wlan0: RX AssocResp from 00:13:10:85:fe:01 (capab=0x401 status=0 aid=1)
[  288.030794] wlan0: associated
[  288.614003] servicemanager: Notifying apexservice they don't (previously: do) have clients when we now have no record of a client
[  288.722985] AidlLazyServiceRegistrar: Process has 0 (of 1 available) client(s) in use after notification apexservice has clients: 0
[  288.839686] AidlLazyServiceRegistrar: Trying to shut down the service. No clients in use for any service in process.
[  288.940090] servicemanager: Caller(pid=282,uid=0,sid=u:r:apexd:s0) Unregistering apexservice
[  288.992716] BpBinder: onLastStrongRef automatically unlinking death recipients: 
[  289.050902] AidlLazyServiceRegistrar: Unregistered all clients and exiting
[  289.141051] init: Service 'apexd' (pid 282) exited with status 0 oneshot service took 232.960999 seconds in background
[  289.302168] init: Sending signal 9 to service 'apexd' (pid 282) process group...
[  289.355982] libprocessgroup: Removed cgroup /sys/fs/cgroup/system/uid_0/pid_282
[  293.169905] servicemanager: Caller(pid=703,uid=1000,sid=u:r:system_server:s0) Found android.hardware.graphics.allocator.IAllocator/default in device VINTF manifest.
[  293.286347] servicemanager: Caller(pid=703,uid=1000,sid=u:r:system_server:s0) Found android.hardware.graphics.allocator.IAllocator/default in device VINTF manifest.
[  293.415822] servicemanager: Caller(pid=703,uid=1000,sid=u:r:system_server:s0) Found mapper/ranchu in device VINTF manifest.
[  294.289743] init: Sending signal 9 to service 'idmap2d' (pid 2027) process group...
[  294.348424] libprocessgroup: Removed cgroup /sys/fs/cgroup/system/uid_1000/pid_2027
[  294.409404] init: Control message: Processed ctl.stop for 'idmap2d' from pid: 703 (system_server)
[  294.506341] init: Service 'idmap2d' (pid 2027) received signal 9
[  294.568819] init: Sending signal 9 to service 'idmap2d' (pid 2027) process group...
[  294.638326] libprocessgroup: Failed to write 1 to /sys/fs/cgroup/system/uid_1000/pid_2027/cgroup.kill: No such file or directory
[  294.746855] libprocessgroup: Failed to open /sys/fs/cgroup/system/uid_1000/pid_2027/cgroup.procs: No such file or directory
[  295.640623] servicemanager: VINTF HALs require names in the format type/instance (e.g. some.package.foo.IFoo/default) but got: media_quality
[  297.688326] logd: logdr: UID=2000 GID=2000 PID=2391 b tail=0 logMask=11 pid=0 start=1790136875000000000ns deadline=0ns
[  298.596410] init: starting service 'idmap2d'...
[  298.909719] init: ... started service 'idmap2d' has pid 2418
[  299.008897] init: Control message: Processed ctl.start for 'idmap2d' from pid: 703 (system_server)
[  300.956225] type=1400 audit(1790136879.139:11): avc:  denied  { getopt } for  comm="binder:703_14" scontext=u:r:system_server:s0 tcontext=u:r:shell:s0 tclass=unix_stream_socket permissive=0
[  301.143837] type=1400 audit(1790136879.327:12): avc:  denied  { getopt } for  comm="binder:703_14" scontext=u:r:system_server:s0 tcontext=u:r:shell:s0 tclass=unix_stream_socket permissive=0
[  301.258723] type=1400 audit(1790136879.331:13): avc:  denied  { getopt } for  comm="binder:703_14" scontext=u:r:system_server:s0 tcontext=u:r:shell:s0 tclass=unix_stream_socket permissive=0
[  301.462361] binder: undelivered TRANSACTION_COMPLETE
[  301.510140] binder: undelivered transaction 84019, process died.
[  302.454188] binder: undelivered transaction 83751, process died.
[  302.531356] servicemanager: Caller(pid=1900,uid=10154,sid=u:r:untrusted_app:s0:c154,c256,c512,c768) Found android.hardware.graphics.allocator.IAllocator/default in device VINTF manifest.
[  302.616404] servicemanager: Caller(pid=1900,uid=10154,sid=u:r:untrusted_app:s0:c154,c256,c512,c768) Found android.hardware.graphics.allocator.IAllocator/default in device VINTF manifest.
[  302.717388] servicemanager: Caller(pid=1900,uid=10154,sid=u:r:untrusted_app:s0:c154,c256,c512,c768) Found mapper/ranchu in device VINTF manifest.
[  303.144327] type=1400 audit(1790136881.323:14): avc:  denied  { getopt } for  comm="binder:703_10" scontext=u:r:system_server:s0 tcontext=u:r:shell:s0 tclass=unix_stream_socket permissive=0
[  303.797444] binder: release 1580:2011 transaction 68276 in, still active
[  303.854388] binder: send failed reply for transaction 68276 to 1554:1808
[  303.939584] binder: release 1580:2024 transaction 85689 in, still active
[  303.976438] binder_alloc: 1580: binder_alloc_buf, no vma
[  303.989903] binder: send failed reply for transaction 85689 to 1386:1545
[  304.041106] binder: undelivered TRANSACTION_COMPLETE
[  304.076499] binder: undelivered transaction 85705, process died.
[  304.129211] binder: undelivered transaction 85865, process died.
[  306.468520] servicemanager: VINTF HALs require names in the format type/instance (e.g. some.package.foo.IFoo/default) but got: media_quality
[  307.864608] servicemanager: Caller(pid=703,uid=1000,sid=u:r:system_server:s0) Since 'artd' could not be found trying to start it as a lazy AIDL service. (if it's not configured to be a lazy service, it may be stuck starting or still starting).
[  308.196334] init: starting service 'artd'...
[  308.368057] init: ... started service 'artd' has pid 2734
[  308.431468] init: Control message: Processed ctl.interface_start for 'aidl/artd' from pid: 216 (/system/bin/servicemanager)
[  308.632149] BpBinder: onLastStrongRef automatically unlinking death recipients: 
[  308.715873] servicemanager: Notifying artd they do (previously: don't) have clients when service is guaranteed to be in use
[  310.116381] servicemanager: Caller(pid=2596,uid=1001,sid=u:r:radio:s0) Found android.hardware.radio.data.IRadioData/slot1 in device VINTF manifest.
[  310.185034] type=1400 audit(1790136888.367:15): avc:  denied  { getopt } for  comm="binder:703_10" scontext=u:r:system_server:s0 tcontext=u:r:shell:s0 tclass=unix_stream_socket permissive=0
[  310.290420] type=1400 audit(1790136888.367:16): avc:  denied  { getopt } for  comm="binder:703_10" scontext=u:r:system_server:s0 tcontext=u:r:shell:s0 tclass=unix_stream_socket permissive=0
[  310.379031] type=1400 audit(1790136888.367:17): avc:  denied  { getopt } for  comm="binder:703_10" scontext=u:r:system_server:s0 tcontext=u:r:shell:s0 tclass=unix_stream_socket permissive=0
[  310.393129] audit: audit_lost=1 audit_rate_limit=5 audit_backlog_limit=64
[  310.469542] type=1400 audit(1790136888.547:18): avc:  denied  { getopt } for  comm="binder:703_4" scontext=u:r:system_server:s0 tcontext=u:r:shell:s0 tclass=unix_stream_socket permissive=0
[  310.587028] type=1400 audit(1790136888.547:19): avc:  denied  { getopt } for  comm="binder:703_4" scontext=u:r:system_server:s0 tcontext=u:r:shell:s0 tclass=unix_stream_socket permissive=0
[  310.699675] servicemanager: Caller(pid=2596,uid=1001,sid=u:r:radio:s0) Found android.hardware.radio.data.IRadioData/slot1 in device VINTF manifest.
[  310.768006] audit: rate limit exceeded
[  310.785261] servicemanager: Caller(pid=2596,uid=1001,sid=u:r:radio:s0) Found android.hardware.radio.messaging.IRadioMessaging/slot1 in device VINTF manifest.
[  310.883290] servicemanager: Caller(pid=2596,uid=1001,sid=u:r:radio:s0) Found android.hardware.radio.modem.IRadioModem/slot1 in device VINTF manifest.
[  310.973970] servicemanager: Caller(pid=2596,uid=1001,sid=u:r:radio:s0) Found android.hardware.radio.network.IRadioNetwork/slot1 in device VINTF manifest.
[  311.088401] servicemanager: Caller(pid=2596,uid=1001,sid=u:r:radio:s0) Found android.hardware.radio.sim.IRadioSim/slot1 in device VINTF manifest.
[  311.220144] servicemanager: Caller(pid=2596,uid=1001,sid=u:r:radio:s0) Found android.hardware.radio.voice.IRadioVoice/slot1 in device VINTF manifest.
[  311.312463] servicemanager: Caller(pid=2596,uid=1001,sid=u:r:radio:s0) Found android.hardware.radio.ims.IRadioIms/slot1 in device VINTF manifest.
[  311.347000] init: Sending signal 9 to service 'idmap2d' (pid 2418) process group...
[  311.415524] servicemanager: Caller(pid=2596,uid=1001,sid=u:r:radio:s0) Found android.hardware.radio.modem.IRadioModem/slot1 in device VINTF manifest.
[  311.485552] libprocessgroup: Removed cgroup /sys/fs/cgroup/system/uid_1000/pid_2418
[  311.533663] init: Control message: Processed ctl.stop for 'idmap2d' from pid: 703 (system_server)
[  311.590529] init: Service 'idmap2d' (pid 2418) received signal 9
[  311.642078] init: Sending signal 9 to service 'idmap2d' (pid 2418) process group...
[  311.701785] binder_debug: 20 callbacks suppressed
[  311.701790] binder: 1753:483 cannot find target node
[  311.712363] libprocessgroup: Failed to write 1 to /sys/fs/cgroup/system/uid_1000/pid_2418/cgroup.kill: No such file or directory
[  311.726629] binder: 483:1753 transaction async to 0:0 failed 92530/29189/-22, size 116-0 line 3348
[  311.779592] libprocessgroup: Failed to open /sys/fs/cgroup/system/uid_1000/pid_2418/cgroup.procs: No such file or directory
[  311.824775] servicemanager: Caller(pid=2596,uid=1001,sid=u:r:radio:s0) Found android.hardware.radio.ims.IRadioIms/slot1 in device VINTF manifest.
[  312.013733] servicemanager: Caller(pid=2596,uid=1001,sid=u:r:radio:s0) Found android.hardware.radio.messaging.IRadioMessaging/slot1 in device VINTF manifest.
[  312.099900] servicemanager: Caller(pid=2596,uid=1001,sid=u:r:radio:s0) Found android.hardware.radio.data.IRadioData/slot1 in device VINTF manifest.
[  312.211881] servicemanager: Caller(pid=2596,uid=1001,sid=u:r:radio:s0) Found android.hardware.radio.voice.IRadioVoice/slot1 in device VINTF manifest.
[  312.306054] servicemanager: Caller(pid=2596,uid=1001,sid=u:r:radio:s0) Found android.hardware.radio.data.IRadioData/slot1 in device VINTF manifest.
[  312.403783] servicemanager: Caller(pid=2596,uid=1001,sid=u:r:radio:s0) Found android.hardware.radio.data.IRadioData/slot1 in device VINTF manifest.
[  312.500856] servicemanager: Caller(pid=2596,uid=1001,sid=u:r:radio:s0) Found android.hardware.radio.messaging.IRadioMessaging/slot1 in device VINTF manifest.
[  312.582892] binder: undelivered TRANSACTION_COMPLETE
[  312.615857] binder: undelivered transaction 90772, process died.
[  312.648385] servicemanager: Caller(pid=2596,uid=1001,sid=u:r:radio:s0) Found android.hardware.radio.messaging.IRadioMessaging/slot1 in device VINTF manifest.
[  312.743846] servicemanager: Caller(pid=2596,uid=1001,sid=u:r:radio:s0) Found android.hardware.radio.modem.IRadioModem/slot1 in device VINTF manifest.
[  312.822656] servicemanager: Caller(pid=2596,uid=1001,sid=u:r:radio:s0) Found android.hardware.radio.network.IRadioNetwork/slot1 in device VINTF manifest.
[  312.885620] servicemanager: Caller(pid=2596,uid=1001,sid=u:r:radio:s0) Found android.hardware.radio.network.IRadioNetwork/slot1 in device VINTF manifest.
[  312.964706] servicemanager: Caller(pid=2596,uid=1001,sid=u:r:radio:s0) Found android.hardware.radio.sim.IRadioSim/slot1 in device VINTF manifest.
[  313.029133] servicemanager: Caller(pid=2596,uid=1001,sid=u:r:radio:s0) Found android.hardware.radio.sim.IRadioSim/slot1 in device VINTF manifest.
[  313.093964] servicemanager: Caller(pid=2596,uid=1001,sid=u:r:radio:s0) Found android.hardware.radio.voice.IRadioVoice/slot1 in device VINTF manifest.
[  313.154869] servicemanager: Caller(pid=2596,uid=1001,sid=u:r:radio:s0) Found android.hardware.radio.voice.IRadioVoice/slot1 in device VINTF manifest.
[  313.231011] servicemanager: Caller(pid=2596,uid=1001,sid=u:r:radio:s0) Found android.hardware.radio.ims.IRadioIms/slot1 in device VINTF manifest.
[  313.320221] servicemanager: Caller(pid=2596,uid=1001,sid=u:r:radio:s0) Found android.hardware.radio.ims.IRadioIms/slot1 in device VINTF manifest.
[  313.389957] servicemanager: Caller(pid=2596,uid=1001,sid=u:r:radio:s0) Found android.hardware.radio.ims.IRadioIms/slot1 in device VINTF manifest.
[  313.472795] servicemanager: Caller(pid=2596,uid=1001,sid=u:r:radio:s0) Found android.hardware.radio.config.IRadioConfig/default in device VINTF manifest.
[  313.737139] type=1400 audit(1790136891.919:22): avc:  denied  { getopt } for  comm="binder:703_1D" scontext=u:r:system_server:s0 tcontext=u:r:shell:s0 tclass=unix_stream_socket permissive=0
[  313.836074] type=1400 audit(1790136891.919:23): avc:  denied  { getopt } for  comm="binder:703_1D" scontext=u:r:system_server:s0 tcontext=u:r:shell:s0 tclass=unix_stream_socket permissive=0
[  313.927641] type=1400 audit(1790136891.919:24): avc:  denied  { getopt } for  comm="binder:703_1D" scontext=u:r:system_server:s0 tcontext=u:r:shell:s0 tclass=unix_stream_socket permissive=0
[  314.599180] binder: 703:703 cannot find target node
[  314.793807] binder: 703:703 transaction async to 0:0 failed 94915/29189/-22, size 388-0 line 3348
[  319.075184] healthd: battery l=100 v=5000 t=25.0 h=2 st=2 c=900000 fc=3000000 cc=10 chg=a
[  325.304930] binder: undelivered TRANSACTION_COMPLETE
[  325.358779] binder: undelivered transaction 106325, process died.
[  325.411715] binder: release 2345:2718 transaction 88583 in, still active
[  325.449179] binder: send failed reply for transaction 88583 to 1900:2600
[  325.492159] binder: undelivered TRANSACTION_COMPLETE
[  325.531262] binder: undelivered transaction 106055, process died.
[  325.564255] binder: undelivered transaction 106952, process died.
[  325.595256] binder: undelivered transaction 106968, process died.
[  325.643027] binder: undelivered transaction 106971, process died.
[  325.689973] binder: undelivered transaction 106972, process died.
[  331.227342] logd: logdr: UID=2000 GID=2000 PID=3260 n tail=0 logMask=99 pid=0 start=0ns deadline=0ns
[  335.195230] init: starting service 'idmap2d'...
[  335.235182] init: ... started service 'idmap2d' has pid 3329
[  335.271434] init: Control message: Processed ctl.start for 'idmap2d' from pid: 703 (system_server)
[  346.503744] init: Sending signal 9 to service 'idmap2d' (pid 3329) process group...
[  346.606163] libprocessgroup: Removed cgroup /sys/fs/cgroup/system/uid_1000/pid_3329
[  346.718711] init: Control message: Processed ctl.stop for 'idmap2d' from pid: 703 (system_server)
[  346.849189] init: Service 'idmap2d' (pid 3329) received signal 9
[  346.886195] init: Sending signal 9 to service 'idmap2d' (pid 3329) process group...
[  346.931812] libprocessgroup: Failed to write 1 to /sys/fs/cgroup/system/uid_1000/pid_3329/cgroup.kill: No such file or directory
[  346.999816] libprocessgroup: Failed to open /sys/fs/cgroup/system/uid_1000/pid_3329/cgroup.procs: No such file or directory
[  348.612663] servicemanager: Notifying artd they don't (previously: do) have clients when we now have no record of a client
[  348.672195] servicemanager: Caller(pid=2734,uid=1082,sid=u:r:artd:s0) Unregistering artd
[  348.725592] BpBinder: onLastStrongRef automatically unlinking death recipients: 
[  348.780074] init: Service 'artd' (pid 2734) exited with status 0 oneshot service took 40.493999 seconds in background
[  348.832392] init: Sending signal 9 to service 'artd' (pid 2734) process group...
[  348.871866] libprocessgroup: Removed cgroup /sys/fs/cgroup/system/uid_1082/pid_2734
[  361.339346] servicemanager: Caller(pid=2926,uid=10216,sid=u:r:untrusted_app:s0:c216,c256,c512,c768) Found android.hardware.graphics.allocator.IAllocator/default in device VINTF manifest.
[  361.472517] servicemanager: Caller(pid=2926,uid=10216,sid=u:r:untrusted_app:s0:c216,c256,c512,c768) Found android.hardware.graphics.allocator.IAllocator/default in device VINTF manifest.
[  361.579243] servicemanager: Caller(pid=2926,uid=10216,sid=u:r:untrusted_app:s0:c216,c256,c512,c768) Found mapper/ranchu in device VINTF manifest.
[  365.432162] binder: 703:777 ioctl 400c620e 70165e7d9d6c returned -11
[  365.839761] binder: 703:777 ioctl 400c620e 70165e7d9d6c returned -11
[  366.540051] binder_alloc: 2975: binder_alloc_buf, no vma
[  366.584541] binder_debug: 25 callbacks suppressed
[  366.584545] binder: cannot allocate buffer: vma cleared, target dead or dying
[  366.613119] binder: 703:2766 transaction reply to 2975:3585 failed 143926/29189/-3, size 4-0 line 3548
[  367.012670] binder: send failed reply for transaction 143178 to 2975:3585
[  367.082403] binder: undelivered TRANSACTION_COMPLETE
[  367.129488] binder: undelivered TRANSACTION_ERROR: 29189
[  369.171667] binder_alloc: 3112: binder_alloc_buf, no vma
[  369.190612] binder_alloc: 3112: binder_alloc_buf, no vma
[  369.385215] binder: cannot allocate buffer: vma cleared, target dead or dying
[  369.385225] binder: 703:737 transaction async to 3112:0 failed 145448/29189/-3, size 388-8 line 3548
[  369.529411] binder: cannot allocate buffer: vma cleared, target dead or dying
[  369.529421] binder: 3596:3685 transaction call to 3112:0 failed 145456/29189/-3, size 1208-8 line 3548
[  369.638304] binder_alloc: 3112: binder_alloc_buf, no vma
[  369.662842] binder: cannot allocate buffer: vma cleared, target dead or dying
[  373.521360] binder_debug: 43 callbacks suppressed
[  373.521364] binder: 2780:2643 cannot find target node
[  374.304244] servicemanager: Caller(pid=3743,uid=10217,sid=u:r:untrusted_app:s0:c217,c256,c512,c768) Found android.hardware.graphics.allocator.IAllocator/default in device VINTF manifest.
[  374.454197] servicemanager: Caller(pid=3743,uid=10217,sid=u:r:untrusted_app:s0:c217,c256,c512,c768) Found android.hardware.graphics.allocator.IAllocator/default in device VINTF manifest.
[  374.617139] servicemanager: Caller(pid=3743,uid=10217,sid=u:r:untrusted_app:s0:c217,c256,c512,c768) Found mapper/ranchu in device VINTF manifest.
[  375.237097] binder: 2643:2780 transaction async to 0:0 failed 148444/29189/-22, size 1796-16 line 3348
[  379.081632] healthd: battery l=100 v=5000 t=25.0 h=2 st=2 c=900000 fc=3000000 cc=10 chg=a
[  396.234109] binder: 703:777 ioctl 400c620e 70165e7d9d6c returned -11
[  405.671010] servicemanager: Caller(pid=703,uid=1000,sid=u:r:system_server:s0) Found android.hardware.wifi.IWifi/default in device VINTF manifest.
[  409.263413] servicemanager: Caller(pid=4094,uid=10190,sid=u:r:rkpdapp:s0:c190,c256,c512,c768) Found android.hardware.security.keymint.IRemotelyProvisionedComponent/default in device VINTF manifest.
[  409.417051] servicemanager: Caller(pid=4094,uid=10190,sid=u:r:rkpdapp:s0:c190,c256,c512,c768) Since 'android.hardware.drm.IDrmFactory/clearkey' could not be found trying to start it as a lazy AIDL service. (if it's not configured to be a lazy service, it may be stuck starting or still starting).
[  409.543145] init: starting service 'vendor.drm-clearkey-service'...
[  409.602025] init: ... started service 'vendor.drm-clearkey-service' has pid 4124
[  409.640542] init: Control message: Processed ctl.interface_start for 'aidl/android.hardware.drm.IDrmFactory/clearkey' from pid: 216 (/system/bin/servicemanager)
[  409.816213] servicemanager: Caller(pid=4124,uid=1013,sid=u:r:hal_drm_clearkey_aidl:s0) Found android.hardware.drm.IDrmFactory/clearkey in device VINTF manifest.
[  409.901303] BpBinder: onLastStrongRef automatically unlinking death recipients: 
[  409.967859] servicemanager: Notifying android.hardware.drm.IDrmFactory/clearkey they do (previously: don't) have clients when service is guaranteed to be in use
[  412.656766] binder: release 3724:3946 transaction 185885 in, still active
[  412.702796] binder: send failed reply for transaction 185885 to 2061:2272
[  412.740151] binder: undelivered TRANSACTION_COMPLETE
[  412.786981] binder: undelivered transaction 185900, process died.
[  412.840082] binder: undelivered transaction 185882, process died.
[  412.895567] binder: undelivered transaction 186258, process died.
[  413.615257] servicemanager: Notifying android.hardware.drm.IDrmFactory/clearkey they don't (previously: do) have clients when we now have no record of a client
[  413.739163] servicemanager: Caller(pid=4124,uid=1013,sid=u:r:hal_drm_clearkey_aidl:s0) Unregistering android.hardware.drm.IDrmFactory/clearkey
[  413.838386] BpBinder: onLastStrongRef automatically unlinking death recipients: 
[  413.908710] init: Service 'vendor.drm-clearkey-service' (pid 4124) exited with status 0 oneshot service took 4.317000 seconds in background
[  413.984082] init: Sending signal 9 to service 'vendor.drm-clearkey-service' (pid 4124) process group...
[  414.182275] libprocessgroup: Removed cgroup /sys/fs/cgroup/system/uid_1013/pid_4124
[  414.479009] binder: 2272:2061 cannot find target node
[  415.494524] binder: 2061:2272 transaction async to 0:0 failed 188382/29189/-22, size 992-8 line 3348
[  418.995723] binder: 2289:2014 cannot find target node
[  419.062649] binder: 703:777 ioctl 400c620e 70165e7d9d6c returned -11
[  419.179565] binder: 703:777 ioctl 400c620e 70165e7d9d6c returned -11
[  419.207356] binder: 2014:2289 transaction async to 0:0 failed 194608/29189/-22, size 840-8 line 3348
[  420.153400] binder: release 4110:4182 transaction 194242 out, still active
[  420.201013] binder: undelivered TRANSACTION_COMPLETE
[  420.298476] binder: 4245:4198 reply target not found
[  420.329839] binder: 4198:4245 transaction reply to 0:0 failed 195872/29189/0, size 496-0 line 3277
[  420.785365] binder: send failed reply for transaction 194242, target dead
[  428.104561] SELinux: avc:  denied  { find } for pid=1633 uid=1000 name=vendor.google.wireless_charger.IWirelessCharger/default scontext=u:r:system_app:s0 tcontext=u:object_r:default_android_service:s0 tclass=service_manager permissive=0
[  435.490337] init: starting service 'idmap2d'...
[  435.542324] init: ... started service 'idmap2d' has pid 4395
[  435.599024] init: Control message: Processed ctl.start for 'idmap2d' from pid: 703 (system_server)
[  435.876988] binder: 703:946 ioctl 400c620e 70165a6b2ffc returned -11
[  439.077141] healthd: battery l=100 v=5000 t=25.0 h=2 st=2 c=900000 fc=3000000 cc=10 chg=a
[  440.609555] binder: 703:946 ioctl 400c620e 70165a6b2ffc returned -11
[  444.393609] binder: 703:946 ioctl 400c620e 70165a6b2ffc returned -11
[  444.826286] binder: release 4306:4348 transaction 201943 out, still active
[  444.944620] binder: undelivered TRANSACTION_COMPLETE
[  446.482665] init: Sending signal 9 to service 'idmap2d' (pid 4395) process group...
[  446.581462] libprocessgroup: Removed cgroup /sys/fs/cgroup/system/uid_1000/pid_4395
[  446.673423] init: Control message: Processed ctl.stop for 'idmap2d' from pid: 703 (system_server)
[  446.770448] init: Service 'idmap2d' (pid 4395) received signal 9
[  446.869024] init: Sending signal 9 to service 'idmap2d' (pid 4395) process group...
[  446.945650] libprocessgroup: Failed to write 1 to /sys/fs/cgroup/system/uid_1000/pid_4395/cgroup.kill: No such file or directory
[  447.043358] libprocessgroup: Failed to open /sys/fs/cgroup/system/uid_1000/pid_4395/cgroup.procs: No such file or directory
[  447.657530] init: starting service 'idmap2d'...
[  447.717354] init: ... started service 'idmap2d' has pid 4542
[  447.774213] init: Control message: Processed ctl.start for 'idmap2d' from pid: 703 (system_server)
[  458.253689] init: Sending signal 9 to service 'idmap2d' (pid 4542) process group...
[  458.322508] libprocessgroup: Removed cgroup /sys/fs/cgroup/system/uid_1000/pid_4542
[  458.393510] init: Control message: Processed ctl.stop for 'idmap2d' from pid: 703 (system_server)
[  458.484511] init: Service 'idmap2d' (pid 4542) received signal 9
[  458.548288] init: Sending signal 9 to service 'idmap2d' (pid 4542) process group...
[  458.618380] libprocessgroup: Failed to write 1 to /sys/fs/cgroup/system/uid_1000/pid_4542/cgroup.kill: No such file or directory
[  458.710021] libprocessgroup: Failed to open /sys/fs/cgroup/system/uid_1000/pid_4542/cgroup.procs: No such file or directory
[  458.786132] servicemanager: Caller(pid=248,uid=1017,sid=u:r:keystore:s0) Found android.hardware.security.keymint.IRemotelyProvisionedComponent/default in device VINTF manifest.
[  459.219968] servicemanager: Caller(pid=4094,uid=10190,sid=u:r:rkpdapp:s0:c190,c256,c512,c768) Found android.hardware.security.keymint.IRemotelyProvisionedComponent/default in device VINTF manifest.
[  460.072981] servicemanager: Caller(pid=248,uid=1017,sid=u:r:keystore:s0) Found android.hardware.security.keymint.IRemotelyProvisionedComponent/default in device VINTF manifest.
[  461.630131] binder: 703:946 ioctl 400c620e 70165a6b2ffc returned -11
[  462.664264] init: Untracked pid 4720 received signal 9
[  462.701240] init: Untracked pid 4720 did not have an associated service entry and will not be reaped
[  463.821682] binder: release 4198:4210 transaction 201943 in, still active
[  463.862648] init: Untracked pid 4705 received signal 9
[  463.886435] binder: send failed reply for transaction 201943, target dead
[  463.920807] init: Untracked pid 4705 did not have an associated service entry and will not be reaped
[  463.937339] binder: release 4198:4211 transaction 233596 in, still active
[  463.985309] binder_alloc: 4198: binder_alloc_buf, no vma
[  464.006220] binder: send failed reply for transaction 233596 to 4588:4664
[  464.022138] binder: cannot allocate buffer: vma cleared, target dead or dying
[  464.055610] binder: 703:2142 transaction async to 4198:0 failed 236619/29189/-3, size 256-8 line 3548
[  464.075943] binder: release 4198:4237 transaction 228248 in, still active
[  464.230391] binder: send failed reply for transaction 228248 to 4553:4650
[  464.247155] binder_alloc: 4198: binder_alloc_buf, no vma
[  464.261690] binder: release 4198:4246 transaction 227207 in, still active
[  464.323884] binder: send failed reply for transaction 227207 to 3100:3150
[  464.367568] binder_alloc: 4198: binder_alloc_buf, no vma
[  465.484160] binder: 703:946 ioctl 400c620e 70165a6b2ffc returned -11
[  466.665916] binder: 703:946 ioctl 400c620e 70165a6b2ffc returned -11
[  467.447421] binder: 703:1512 ioctl 400c620e 701652996f6c returned -11
[  467.486398] binder: 703:1512 ioctl 400c620e 701652996f6c returned -11
[  469.667006] servicemanager: Caller(pid=703,uid=1000,sid=u:r:system_server:s0) Since 'artd' could not be found trying to start it as a lazy AIDL service. (if it's not configured to be a lazy service, it may be stuck starting or still starting).
[  469.769577] init: starting service 'artd'...
[  470.062623] init: ... started service 'artd' has pid 4915
[  470.094532] init: Control message: Processed ctl.interface_start for 'aidl/artd' from pid: 216 (/system/bin/servicemanager)
[  470.227583] binder_debug: 25 callbacks suppressed
[  470.227588] binder: 2272:2061 cannot find target node
[  470.249087] binder: 4671:4588 cannot find target node
[  470.302106] binder: 4588:4671 transaction async to 0:0 failed 242805/29189/-22, size 780-8 line 3348
[  470.353387] servicemanager: Notifying artd they do (previously: don't) have clients when service is guaranteed to be in use
[  470.410310] binder: 2061:2272 transaction async to 0:0 failed 242783/29189/-22, size 648-8 line 3348
[  470.426212] binder: 4671:4588 cannot find target node
[  470.462084] BpBinder: onLastStrongRef automatically unlinking death recipients: 
[  470.488328] binder: 4588:4671 transaction call to 0:0 failed 242913/29189/-22, size 184-8 line 3348
[  470.739855] binder_alloc: 4803: binder_alloc_buf size 1056768 failed, no address space
[  470.772144] binder_alloc: allocated: 960 (num: 2 largest: 784), free: 1039424 (num: 2 largest: 1039416)
[  470.877008] binder_alloc: 4411: binder_alloc_buf size 1056768 failed, no address space
[  470.901529] binder_alloc: 3596: binder_alloc_buf size 1056768 failed, no address space
[  470.911238] binder_alloc: allocated: 0 (num: 0 largest: 0), free: 1040384 (num: 1 largest: 1040384)
[  470.942994] binder_alloc: allocated: 336 (num: 1 largest: 336), free: 1040048 (num: 1 largest: 1040048)
[  471.063746] binder: cannot allocate buffer: no space left
[  471.063755] binder: 4756:4920 transaction reply to 3596:3685 failed 243318/29201/-28, size 1056768-0 line 3548
[  471.142845] binder: send failed reply for transaction 243234 to 3596:3685
[  471.169800] binder: cannot allocate buffer: no space left
[  471.217983] binder_alloc: 4803: binder_alloc_buf size 1056768 failed, no address space
[  471.275282] binder_alloc: allocated: 968 (num: 3 largest: 784), free: 1039416 (num: 1 largest: 1039416)
[  471.480679] binder_alloc: 4588: binder_alloc_buf size 1056768 failed, no address space
[  471.518002] binder_alloc: allocated: 0 (num: 0 largest: 0), free: 1040384 (num: 1 largest: 1040384)
[  471.680282] binder_alloc: 2014: binder_alloc_buf size 1056768 failed, no address space
[  471.714043] binder_alloc: allocated: 0 (num: 0 largest: 0), free: 1040384 (num: 1 largest: 1040384)
[  471.751404] binder_alloc: 1945: binder_alloc_buf size 1056768 failed, no address space
[  471.778806] binder_alloc: allocated: 2736 (num: 1 largest: 2736), free: 1037648 (num: 2 largest: 1037632)
[  472.119026] binder_alloc: 4588: binder_alloc_buf size 1056768 failed, no address space
[  472.149307] binder_alloc: allocated: 0 (num: 0 largest: 0), free: 1040384 (num: 1 largest: 1040384)
[  472.233201] binder_alloc: 2014: binder_alloc_buf size 1056768 failed, no address space
[  472.267050] binder_alloc: allocated: 0 (num: 0 largest: 0), free: 1040384 (num: 1 largest: 1040384)
[  472.435557] binder_alloc: 1900: binder_alloc_buf size 1056768 failed, no address space
[  472.467600] binder_alloc: allocated: 0 (num: 0 largest: 0), free: 1040384 (num: 1 largest: 1040384)
[  474.188926] type=1400 audit(1790137052.371:25): avc:  denied  { read } for  comm="binder:3596_2" name="u:object_r:system_adbd_prop:s0" dev="tmpfs" ino=338 scontext=u:r:gmscore_app:s0:c512,c768 tcontext=u:object_r:system_adbd_prop:s0 tclass=file permissive=0 app=com.google.android.gms
[  474.328895] logd: start watching /data/system/packages.list ...
[  474.369758] logd: ReadPackageList, total packages: 223
[  474.411671] type=1400 audit(1790137052.543:26): avc:  denied  { read } for  comm="binder:3596_2" name="u:object_r:adbd_prop:s0" dev="tmpfs" ino=63 scontext=u:r:gmscore_app:s0:c512,c768 tcontext=u:object_r:adbd_prop:s0 tclass=file permissive=0 app=com.google.android.gms
[  475.250244] binder_debug: 96 callbacks suppressed
[  475.250249] binder: send failed reply for transaction 246475 to 4803:4909
[  475.536805] binder: cannot allocate buffer: no space left
[  475.536813] binder: 4756:5003 transaction reply to 2855:2960 failed 246598/29201/-28, size 1056768-0 line 3548
[  475.612714] binder: send failed reply for transaction 246464 to 2855:2960
[  475.636533] binder: cannot allocate buffer: no space left
[  475.725598] binder: cannot allocate buffer: no space left
[  476.527259] binder_alloc_new_buf_locked: 25 callbacks suppressed
[  476.527264] binder_alloc: 3596: binder_alloc_buf size 1056768 failed, no address space
[  476.569438] binder: 4756:4920 transaction reply to 4588:4671 failed 246607/29201/-28, size 1056768-0 line 3548
[  476.584297] debug_no_space_locked: 25 callbacks suppressed
[  476.584302] binder_alloc: allocated: 680 (num: 2 largest: 344), free: 1039704 (num: 1 largest: 1039704)
[  476.766990] binder: 4756:4785 transaction reply to 2643:2780 failed 246622/29201/-28, size 1056768-0 line 3548
[  476.878026] binder_alloc: 2014: binder_alloc_buf size 1056768 failed, no address space
[  476.915949] binder: send failed reply for transaction 246491 to 4588:4671
[  476.921401] binder_alloc: allocated: 8 (num: 1 largest: 8), free: 1040376 (num: 1 largest: 1040376)
[  477.023174] binder: cannot allocate buffer: no space left
[  477.107683] binder_alloc: 4803: binder_alloc_buf size 1056768 failed, no address space
[  477.162107] binder_alloc: allocated: 960 (num: 2 largest: 784), free: 1039424 (num: 2 largest: 1039416)
[  477.278638] binder_alloc: 4411: binder_alloc_buf size 1056768 failed, no address space
[  477.315979] binder_alloc: allocated: 0 (num: 0 largest: 0), free: 1040384 (num: 1 largest: 1040384)
[  477.623767] binder_alloc: 2061: binder_alloc_buf size 1056768 failed, no address space
[  477.625240] binder_alloc: 4803: binder_alloc_buf size 1056768 failed, no address space
[  477.658681] binder_alloc: allocated: 0 (num: 0 largest: 0), free: 1040384 (num: 1 largest: 1040384)
[  477.749888] binder_alloc: allocated: 960 (num: 2 largest: 784), free: 1039424 (num: 2 largest: 1039416)
[  478.156228] binder_alloc: 1945: binder_alloc_buf size 1056768 failed, no address space
[  478.167583] binder_alloc: 4588: binder_alloc_buf size 1056768 failed, no address space
[  478.190578] binder_alloc: allocated: 0 (num: 0 largest: 0), free: 1040384 (num: 1 largest: 1040384)
[  478.274352] binder_alloc: allocated: 0 (num: 0 largest: 0), free: 1040384 (num: 1 largest: 1040384)
[  478.705068] binder_alloc: 1900: binder_alloc_buf size 1056768 failed, no address space
[  478.736280] binder_alloc: allocated: 0 (num: 0 largest: 0), free: 1040384 (num: 1 largest: 1040384)
[  478.893899] binder_alloc: 2061: binder_alloc_buf size 1056768 failed, no address space
[  478.929313] binder_alloc: allocated: 0 (num: 0 largest: 0), free: 1040384 (num: 1 largest: 1040384)
[  480.287299] binder_debug: 84 callbacks suppressed
[  480.287304] binder: cannot allocate buffer: no space left
[  480.376242] binder: cannot allocate buffer: no space left
[  480.405908] binder: 4756:4772 transaction reply to 2061:2272 failed 251429/29201/-28, size 1056768-0 line 3548
[  480.902086] binder: cannot allocate buffer: no space left
[  480.902092] binder: 4756:5048 transaction reply to 4260:4287 failed 252106/29201/-28, size 1056768-0 line 3548
[  480.946109] binder: 4756:4931 transaction reply to 4803:4909 failed 251395/29201/-28, size 1056768-0 line 3548
[  481.022368] binder: send failed reply for transaction 251216 to 2061:2272
[  481.034909] binder: cannot allocate buffer: no space left
[  481.050215] binder: 4756:4933 transaction reply to 4976:5040 failed 252165/29201/-28, size 1056768-0 line 3548
[  481.127257] logd: start watching /data/system/packages.list ...
[  481.158380] logd: ReadPackageList, total packages: 223
[  481.181619] binder: cannot allocate buffer: no space left
[  481.720698] binder_alloc_new_buf_locked: 29 callbacks suppressed
[  481.720737] binder_alloc: 4803: binder_alloc_buf size 1056768 failed, no address space
[  481.793987] debug_no_space_locked: 29 callbacks suppressed
[  481.793989] binder_alloc: allocated: 960 (num: 2 largest: 784), free: 1039424 (num: 2 largest: 1039416)
[  481.978973] binder_alloc: 5004: binder_alloc_buf size 1056768 failed, no address space
[  482.000908] binder_alloc: 4976: binder_alloc_buf size 1056768 failed, no address space
[  482.014013] binder_alloc: allocated: 0 (num: 0 largest: 0), free: 1040384 (num: 1 largest: 1040384)
[  482.041441] binder_alloc: allocated: 0 (num: 0 largest: 0), free: 1040384 (num: 1 largest: 1040384)
[  482.135889] binder_alloc: 4553: binder_alloc_buf size 1056768 failed, no address space
[  482.139721] binder_alloc: 3596: binder_alloc_buf size 1056768 failed, no address space
[  482.167222] binder_alloc: allocated: 0 (num: 0 largest: 0), free: 1040384 (num: 1 largest: 1040384)
[  482.198297] binder_alloc: allocated: 0 (num: 0 largest: 0), free: 1040384 (num: 1 largest: 1040384)
[  482.354917] binder_alloc: 4803: binder_alloc_buf size 1056768 failed, no address space
[  482.384814] binder_alloc: allocated: 960 (num: 2 largest: 784), free: 1039424 (num: 2 largest: 1039416)
[  482.436559] binder_alloc: 4976: binder_alloc_buf size 1056768 failed, no address space
[  482.470255] binder_alloc: allocated: 0 (num: 0 largest: 0), free: 1040384 (num: 1 largest: 1040384)
[  482.687936] binder_alloc: 2643: binder_alloc_buf size 1056768 failed, no address space
[  482.717744] binder_alloc: allocated: 400 (num: 3 largest: 384), free: 1039984 (num: 1 largest: 1039984)
[  482.728635] binder_alloc: 1945: binder_alloc_buf size 1056768 failed, no address space
[  482.774721] binder_alloc: allocated: 16 (num: 1 largest: 16), free: 1040368 (num: 1 largest: 1040368)
[  482.915469] binder_alloc: 4411: binder_alloc_buf size 1056768 failed, no address space
[  482.949215] binder_alloc: allocated: 0 (num: 0 largest: 0), free: 1040384 (num: 1 largest: 1040384)
[  485.292241] binder_debug: 158 callbacks suppressed
[  485.292247] binder: cannot allocate buffer: no space left
[  485.336852] binder: 4756:4785 transaction reply to 4553:4632 failed 259204/29201/-28, size 1056768-0 line 3548
[  485.542002] binder: cannot allocate buffer: no space left
[  485.542009] binder: 4756:4924 transaction reply to 4588:4671 failed 259357/29201/-28, size 1056768-0 line 3548
[  485.647745] binder: cannot allocate buffer: no space left
[  485.647752] binder: 4756:4772 transaction reply to 2643:2780 failed 259373/29201/-28, size 1056768-0 line 3548
[  485.748647] binder: cannot allocate buffer: no space left
[  485.748654] binder: 4756:4933 transaction reply to 4976:5040 failed 259399/29201/-28, size 1056768-0 line 3548
[  485.850701] binder: send failed reply for transaction 259328 to 4588:4671
[  485.901050] binder: send failed reply for transaction 259180 to 4553:4632
[  486.755272] binder_alloc_new_buf_locked: 45 callbacks suppressed
[  486.755277] binder_alloc: 4588: binder_alloc_buf size 1056768 failed, no address space
[  486.815466] debug_no_space_locked: 45 callbacks suppressed
[  486.815469] binder_alloc: allocated: 0 (num: 0 largest: 0), free: 1040384 (num: 1 largest: 1040384)
[  486.897774] binder_alloc: 4553: binder_alloc_buf size 1056768 failed, no address space
[  486.933891] binder_alloc: allocated: 0 (num: 0 largest: 0), free: 1040384 (num: 1 largest: 1040384)
[  486.987057] binder_alloc: 2643: binder_alloc_buf size 1056768 failed, no address space
[  487.021237] binder_alloc: allocated: 80 (num: 2 largest: 72), free: 1040304 (num: 1 largest: 1040304)
[  487.069591] binder_alloc: 4803: binder_alloc_buf size 1056768 failed, no address space
[  487.106882] binder_alloc: allocated: 960 (num: 2 largest: 784), free: 1039424 (num: 2 largest: 1039416)
[  487.135628] binder_alloc: 4260: binder_alloc_buf size 1056768 failed, no address space
[  487.177296] binder_alloc: 2061: binder_alloc_buf size 1056768 failed, no address space
[  487.190871] binder_alloc: allocated: 0 (num: 0 largest: 0), free: 1040384 (num: 1 largest: 1040384)
[  487.222786] binder_alloc: allocated: 0 (num: 0 largest: 0), free: 1040384 (num: 1 largest: 1040384)
[  487.324423] binder_alloc: 3596: binder_alloc_buf size 1056768 failed, no address space
[  487.346577] binder_alloc: 4553: binder_alloc_buf size 1056768 failed, no address space
[  487.361960] binder_alloc: allocated: 368 (num: 2 largest: 360), free: 1040016 (num: 1 largest: 1040016)
[  487.478004] binder_alloc: allocated: 0 (num: 0 largest: 0), free: 1040384 (num: 1 largest: 1040384)
[  487.786800] binder_alloc: 4976: binder_alloc_buf size 1056768 failed, no address space
[  487.828250] binder_alloc: allocated: 0 (num: 0 largest: 0), free: 1040384 (num: 1 largest: 1040384)
[  487.941854] binder_alloc: 4553: binder_alloc_buf size 1056768 failed, no address space
[  487.980197] binder_alloc: allocated: 0 (num: 0 largest: 0), free: 1040384 (num: 1 largest: 1040384)
[  489.067312] servicemanager: Isolated app with UID 99000 requested 'network_management', but the service is not allowed for isolated apps.
[  489.362838] servicemanager: Isolated app with UID 99000 requested 'connectivity', but the service is not allowed for isolated apps.
[  489.629320] servicemanager: Isolated app with UID 99000 requested 'content_capture', but the service is not allowed for isolated apps.
[  490.409738] binder_debug: 92 callbacks suppressed
[  490.409744] binder: cannot allocate buffer: no space left
[  490.477806] binder: cannot allocate buffer: no space left
[  490.516165] binder: cannot allocate buffer: no space left
[  490.626861] binder: cannot allocate buffer: no space left
[  490.895411] binder: cannot allocate buffer: no space left
[  491.014882] binder: 4756:4772 transaction reply to 5004:5095 failed 263000/29201/-28, size 1056768-0 line 3548
[  491.106793] binder: undelivered transaction 87667, process died.
[  491.164433] binder: cannot allocate buffer: no space left
[  491.164439] binder: 4756:4931 transaction reply to 4260:4287 failed 263144/29201/-28, size 1056768-0 line 3548
[  491.249129] binder: undelivered transaction 90960, process died.
[  491.780994] binder_alloc_new_buf_locked: 22 callbacks suppressed
[  491.781024] binder_alloc: 2855: binder_alloc_buf size 1056768 failed, no address space
[  491.840386] binder_alloc: 2061: binder_alloc_buf size 1056768 failed, no address space
[  491.845627] debug_no_space_locked: 22 callbacks suppressed
[  491.845661] binder_alloc: allocated: 0 (num: 0 largest: 0), free: 1040384 (num: 1 largest: 1040384)
[  491.875559] binder_alloc: allocated: 0 (num: 0 largest: 0), free: 1040384 (num: 1 largest: 1040384)
[  492.228077] binder_alloc: 4588: binder_alloc_buf size 1056768 failed, no address space
[  492.268941] binder_alloc: allocated: 0 (num: 0 largest: 0), free: 1040384 (num: 1 largest: 1040384)
[  492.348827] binder_alloc: 1945: binder_alloc_buf size 1056768 failed, no address space
[  492.390237] binder_alloc: allocated: 2592 (num: 1 largest: 2592), free: 1037792 (num: 1 largest: 1037792)
[  492.442270] servicemanager: Isolated app with UID 99000 requested 'uimode', but the service is not allowed for isolated apps.
[  492.570142] binder_alloc: 5004: binder_alloc_buf size 1056768 failed, no address space
[  492.609857] binder_alloc: allocated: 0 (num: 0 largest: 0), free: 1040384 (num: 1 largest: 1040384)
[  492.692337] binder_alloc: 4976: binder_alloc_buf size 1056768 failed, no address space
[  492.731533] binder_alloc: 4803: binder_alloc_buf size 1056768 failed, no address space
[  492.735170] binder_alloc: allocated: 200 (num: 1 largest: 200), free: 1040184 (num: 1 largest: 1040184)
[  492.772600] binder_alloc: allocated: 960 (num: 2 largest: 784), free: 1039424 (num: 2 largest: 1039416)
[  492.873122] binder_alloc: 2643: binder_alloc_buf size 1056768 failed, no address space
[  492.885887] binder_alloc: 3596: binder_alloc_buf size 1056768 failed, no address space
[  492.909963] binder_alloc: allocated: 368 (num: 1 largest: 368), free: 1040016 (num: 1 largest: 1040016)
[  492.941613] binder_alloc: allocated: 3424 (num: 2 largest: 3064), free: 1036960 (num: 2 largest: 1036872)
[  493.041884] binder_alloc: 4553: binder_alloc_buf size 1056768 failed, no address space
[  493.083733] binder_alloc: allocated: 0 (num: 0 largest: 0), free: 1040384 (num: 1 largest: 1040384)
[  493.657947] servicemanager: Caller(pid=248,uid=1017,sid=u:r:keystore:s0) Found android.hardware.security.keymint.IRemotelyProvisionedComponent/default in device VINTF manifest.
[  494.298488] servicemanager: Caller(pid=4094,uid=10190,sid=u:r:rkpdapp:s0:c190,c256,c512,c768) Found android.hardware.security.keymint.IRemotelyProvisionedComponent/default in device VINTF manifest.
[  494.528844] servicemanager: Caller(pid=248,uid=1017,sid=u:r:keystore:s0) Found android.hardware.security.keymint.IRemotelyProvisionedComponent/default in device VINTF manifest.
[  495.498614] binder_debug: 274 callbacks suppressed
[  495.498618] binder: cannot allocate buffer: no space left
[  495.552275] binder: cannot allocate buffer: no space left
[  495.566235] binder: cannot allocate buffer: no space left
[  495.882480] type=1400 audit(1790137074.067:27): avc:  denied  { read } for  comm="binder:3596_7" name="u:object_r:system_adbd_prop:s0" dev="tmpfs" ino=338 scontext=u:r:gmscore_app:s0:c512,c768 tcontext=u:object_r:system_adbd_prop:s0 tclass=file permissive=0 app=com.google.android.gms
[  496.067117] type=1400 audit(1790137074.067:28): avc:  denied  { read } for  comm="binder:3596_7" name="u:object_r:adbd_prop:s0" dev="tmpfs" ino=63 scontext=u:r:gmscore_app:s0:c512,c768 tcontext=u:object_r:adbd_prop:s0 tclass=file permissive=0 app=com.google.android.gms
[  496.264878] binder: 4756:4772 transaction reply to 2643:2780 failed 265705/29201/-28, size 1056768-0 line 3548
[  496.360362] binder: 4756:4912 transaction reply to 4411:4585 failed 265728/29201/-28, size 1056768-0 line 3548
[  496.656624] binder: cannot allocate buffer: no space left
[  496.656631] binder: 4756:4785 transaction reply to 4553:4632 failed 266251/29201/-28, size 1056768-0 line 3548
[  496.777241] binder: 4756:4933 transaction reply to 2061:2272 failed 265729/29201/-28, size 1056768-0 line 3548
[  496.829540] binder_alloc_new_buf_locked: 37 callbacks suppressed
[  496.829545] binder_alloc: 4588: binder_alloc_buf size 1056768 failed, no address space
[  496.878050] binder_alloc: 4654: binder_alloc_buf size 1056768 failed, no address space
[  496.898394] debug_no_space_locked: 37 callbacks suppressed
[  496.898399] binder_alloc: allocated: 0 (num: 0 largest: 0), free: 1040384 (num: 1 largest: 1040384)
[  496.932015] binder_alloc: allocated: 0 (num: 0 largest: 0), free: 1040384 (num: 1 largest: 1040384)
[  497.016711] binder: send failed reply for transaction 265567 to 2643:2780
[  497.049788] binder: send failed reply for transaction 265642 to 4411:4585
[  497.125054] binder_alloc: 2643: binder_alloc_buf size 1056768 failed, no address space
[  497.149728] binder_alloc: 2061: binder_alloc_buf size 1056768 failed, no address space
[  497.168488] binder_alloc: allocated: 0 (num: 0 largest: 0), free: 1040384 (num: 1 largest: 1040384)
[  497.198945] binder_alloc: allocated: 0 (num: 0 largest: 0), free: 1040384 (num: 1 largest: 1040384)
[  497.392666] binder_alloc: 2014: binder_alloc_buf size 1056768 failed, no address space
[  497.437860] binder_alloc: allocated: 0 (num: 0 largest: 0), free: 1040384 (num: 1 largest: 1040384)
[  497.799832] binder_alloc: 1945: binder_alloc_buf size 1056768 failed, no address space
[  497.836824] binder_alloc: allocated: 1544 (num: 2 largest: 1536), free: 1038840 (num: 2 largest: 1038752)
[  497.890454] binder_alloc: 2643: binder_alloc_buf size 1056768 failed, no address space
[  497.909330] binder_alloc: 4588: binder_alloc_buf size 1056768 failed, no address space
[  497.924653] binder_alloc: allocated: 0 (num: 0 largest: 0), free: 1040384 (num: 1 largest: 1040384)
[  497.971785] binder_alloc: 2855: binder_alloc_buf size 1056768 failed, no address space
[  498.004144] binder_alloc: allocated: 0 (num: 0 largest: 0), free: 1040384 (num: 1 largest: 1040384)
[  498.033534] binder_alloc: allocated: 0 (num: 0 largest: 0), free: 1040384 (num: 1 largest: 1040384)
[  498.134824] binder_alloc: 4260: binder_alloc_buf size 1056768 failed, no address space
[  498.172589] binder_alloc: allocated: 0 (num: 0 largest: 0), free: 1040384 (num: 1 largest: 1040384)
[  499.090938] healthd: battery l=100 v=5000 t=25.0 h=2 st=2 c=900000 fc=3000000 cc=10 chg=a
[  500.829134] binder_debug: 209 callbacks suppressed
[  500.829138] binder: cannot allocate buffer: no space left
[  500.859896] binder: 4756:4920 transaction reply to 5004:5095 failed 270748/29201/-28, size 1056768-0 line 3548
[  501.025534] binder: cannot allocate buffer: no space left
[  501.025539] binder: 4756:4772 transaction reply to 4553:4632 failed 270853/29201/-28, size 1056768-0 line 3548
[  501.105331] binder: send failed reply for transaction 270651 to 4553:4632
[  501.389989] binder: send failed reply for transaction 270548 to 5004:5095
[  501.471031] binder: cannot allocate buffer: no space left
[  501.471039] binder: 4756:4920 transaction reply to 4553:4632 failed 271498/29201/-28, size 1056768-0 line 3548
[  501.537660] binder: cannot allocate buffer: no space left
[  501.547003] binder: 4756:4772 transaction reply to 4654:4709 failed 271535/29201/-28, size 1056768-0 line 3548
[  501.925615] binder_alloc_new_buf_locked: 63 callbacks suppressed
[  501.925619] binder_alloc: 4654: binder_alloc_buf size 1056768 failed, no address space
[  502.012027] debug_no_space_locked: 63 callbacks suppressed
[  502.012030] binder_alloc: allocated: 0 (num: 0 largest: 0), free: 1040384 (num: 1 largest: 1040384)
[  502.232682] binder_alloc: 2061: binder_alloc_buf size 1056768 failed, no address space
[  502.273042] binder_alloc: allocated: 0 (num: 0 largest: 0), free: 1040384 (num: 1 largest: 1040384)
[  502.470646] binder_alloc: 4411: binder_alloc_buf size 1056768 failed, no address space
[  502.508953] binder_alloc: allocated: 0 (num: 0 largest: 0), free: 1040384 (num: 1 largest: 1040384)
[  502.682760] binder_alloc: 4654: binder_alloc_buf size 1056768 failed, no address space
[  502.717527] binder_alloc: allocated: 0 (num: 0 largest: 0), free: 1040384 (num: 1 largest: 1040384)
[  502.987951] binder_alloc: 4588: binder_alloc_buf size 1056768 failed, no address space
[  503.027518] binder_alloc: allocated: 0 (num: 0 largest: 0), free: 1040384 (num: 1 largest: 1040384)
[  503.082930] servicemanager: Caller(pid=703,uid=1000,sid=u:r:system_server:s0) Since 'android.system.virtualizationmaintenance' could not be found trying to start it as a lazy AIDL service. (if it's not configured to be a lazy service, it may be stuck starting or still starting).
[  503.200123] binder_alloc: 1945: binder_alloc_buf size 1056768 failed, no address space
[  503.229680] binder_alloc: allocated: 1048 (num: 1 largest: 1048), free: 1039336 (num: 1 largest: 1039336)
[  503.277535] init: starting service 'virtualizationservice'...
[  503.324738] binder_alloc: 4260: binder_alloc_buf size 1056768 failed, no address space
[  503.356541] binder_alloc: allocated: 0 (num: 0 largest: 0), free: 1040384 (num: 1 largest: 1040384)
[  503.356894] binder_alloc: 4803: binder_alloc_buf size 1056768 failed, no address space
[  503.397103] binder_alloc: 2643: binder_alloc_buf size 1056768 failed, no address space
[  503.430416] binder_alloc: allocated: 960 (num: 2 largest: 784), free: 1039424 (num: 2 largest: 1039416)
[  503.463585] binder_alloc: allocated: 0 (num: 0 largest: 0), free: 1040384 (num: 1 largest: 1040384)
[  503.502060] binder_alloc: 2014: binder_alloc_buf size 1056768 failed, no address space
[  503.591396] binder_alloc: allocated: 0 (num: 0 largest: 0), free: 1040384 (num: 1 largest: 1040384)
[  503.615449] servicemanager: Notifying artd they don't (previously: do) have clients when we now have no record of a client
[  503.691646] init: ... started service 'virtualizationservice' has pid 5323
[  503.736944] servicemanager: Caller(pid=4915,uid=1082,sid=u:r:artd:s0) Unregistering artd
[  503.751137] init: Control message: Processed ctl.interface_start for 'aidl/android.system.virtualizationmaintenance' from pid: 216 (/system/bin/servicemanager)
[  503.774056] BpBinder: onLastStrongRef automatically unlinking death recipients: 
[  503.893516] init: Service 'artd' (pid 4915) exited with status 0 oneshot service took 34.084000 seconds in background
[  504.015890] servicemanager: Caller(pid=5323,uid=1000,sid=u:r:virtualizationservice:s0) Could not find android.hardware.security.secretkeeper.ISecretkeeper/default in the VINTF manifest. No alternative instances declared in VINTF.
[  504.040546] init: Sending signal 9 to service 'artd' (pid 4915) process group...
[  504.117778] servicemanager: Caller(pid=5323,uid=1000,sid=u:r:virtualizationservice:s0) Could not find android.hardware.security.keymint.IRemotelyProvisionedComponent/avf in the VINTF manifest. VINTF declared instances: default.
[  504.143187] libprocessgroup: Removed cgroup /sys/fs/cgroup/system/uid_1082/pid_4915
[  504.310096] servicemanager: Notifying android.system.virtualizationmaintenance they do (previously: don't) have clients when service is guaranteed to be in use
[  504.412959] BpBinder: onLastStrongRef automatically unlinking death recipients: 
[  506.110914] binder_debug: 221 callbacks suppressed
[  506.110919] binder: cannot allocate buffer: no space left
[  506.154087] binder: 4756:4772 transaction reply to 4553:4632 failed 276777/29201/-28, size 1056768-0 line 3548
[  506.223245] binder: cannot allocate buffer: no space left
[  506.223862] binder: 4756:4931 transaction reply to 4654:4709 failed 276851/29201/-28, size 1056768-0 line 3548
[  506.535686] binder: send failed reply for transaction 276773 to 4553:4632
[  506.608622] binder: cannot allocate buffer: no space left
[  506.608629] binder: 4756:4912 transaction reply to 5004:5095 failed 277100/29201/-28, size 1056768-0 line 3548
[  506.741773] binder: send failed reply for transaction 276803 to 4654:4709
[  506.822522] binder: send failed reply for transaction 277097 to 5004:5095
[  506.983579] binder_alloc_new_buf_locked: 66 callbacks suppressed
[  506.983582] binder_alloc: 4553: binder_alloc_buf size 1056768 failed, no address space
[  507.042103] debug_no_space_locked: 66 callbacks suppressed
[  507.042105] binder_alloc: allocated: 0 (num: 0 largest: 0), free: 1040384 (num: 1 largest: 1040384)
[  507.260831] binder: cannot allocate buffer: no space left
[  507.297586] binder_alloc: 4553: binder_alloc_buf size 1056768 failed, no address space
[  507.356736] binder_alloc: allocated: 8 (num: 1 largest: 8), free: 1040376 (num: 1 largest: 1040376)
[  507.579770] binder_alloc: 1945: binder_alloc_buf size 1056768 failed, no address space
[  507.620202] binder_alloc: allocated: 8 (num: 1 largest: 8), free: 1040376 (num: 1 largest: 1040376)
[  507.732214] binder_alloc: 4654: binder_alloc_buf size 1056768 failed, no address space
[  507.769617] binder_alloc: allocated: 0 (num: 0 largest: 0), free: 1040384 (num: 1 largest: 1040384)
[  507.945313] binder_alloc: 4411: binder_alloc_buf size 1056768 failed, no address space
[  507.979635] binder_alloc: allocated: 0 (num: 0 largest: 0), free: 1040384 (num: 1 largest: 1040384)
[  508.119396] binder_alloc: 4654: binder_alloc_buf size 1056768 failed, no address space
[  508.158036] binder_alloc: allocated: 0 (num: 0 largest: 0), free: 1040384 (num: 1 largest: 1040384)
[  508.267657] binder_alloc: 2061: binder_alloc_buf size 1056768 failed, no address space
[  508.301574] binder_alloc: allocated: 0 (num: 0 largest: 0), free: 1040384 (num: 1 largest: 1040384)
[  508.364137] binder_alloc: 2061: binder_alloc_buf size 1056768 failed, no address space
[  508.396729] binder_alloc: allocated: 0 (num: 0 largest: 0), free: 1040384 (num: 1 largest: 1040384)
[  508.482843] binder_alloc: 4588: binder_alloc_buf size 1056768 failed, no address space
[  508.524073] binder_alloc: allocated: 0 (num: 0 largest: 0), free: 1040384 (num: 1 largest: 1040384)
[  508.630882] binder_alloc: 4260: binder_alloc_buf size 1056768 failed, no address space
[  508.671800] binder_alloc: allocated: 0 (num: 0 largest: 0), free: 1040384 (num: 1 largest: 1040384)
[  511.677222] binder_debug: 245 callbacks suppressed
[  511.677227] binder: cannot allocate buffer: no space left
[  511.801144] binder: 4756:4912 transaction reply to 4553:4632 failed 287168/29201/-28, size 1056768-0 line 3548
[  511.931813] binder: cannot allocate buffer: no space left
[  511.931820] binder: 4756:4924 transaction reply to 4654:4709 failed 287313/29201/-28, size 1056768-0 line 3548
[  512.042868] binder: send failed reply for transaction 287162 to 4553:4632
[  512.061507] binder_alloc_new_buf_locked: 74 callbacks suppressed
[  512.061512] binder_alloc: 5004: binder_alloc_buf size 1056768 failed, no address space
[  512.135541] debug_no_space_locked: 74 callbacks suppressed
[  512.135543] binder_alloc: allocated: 0 (num: 0 largest: 0), free: 1040384 (num: 1 largest: 1040384)
[  512.214321] binder: send failed reply for transaction 287280 to 4654:4709
[  512.294982] binder: cannot allocate buffer: no space left
[  512.294993] binder: 4756:4931 transaction reply to 5004:5095 failed 287449/29201/-28, size 1056768-0 line 3548
[  512.369030] binder_alloc: 4553: binder_alloc_buf size 1056768 failed, no address space
[  512.398926] binder: send failed reply for transaction 287439 to 5004:5095
[  512.439314] binder_alloc: allocated: 0 (num: 0 largest: 0), free: 1040384 (num: 1 largest: 1040384)
[  512.596519] binder: cannot allocate buffer: no space left
[  513.614428] servicemanager: Notifying android.system.virtualizationmaintenance they don't (previously: do) have clients when we now have no record of a client
[  513.726194] servicemanager: Caller(pid=5323,uid=1000,sid=u:r:virtualizationservice:s0) Unregistering android.system.virtualizationmaintenance
[  513.797214] BpBinder: onLastStrongRef automatically unlinking death recipients: 
[  513.843577] servicemanager: Caller(pid=5323,uid=1000,sid=u:r:virtualizationservice:s0) Unregistering android.system.virtualizationservice
[  513.913225] BpBinder: onLastStrongRef automatically unlinking death recipients: 
[  513.961394] init: Service 'virtualizationservice' (pid 5323) exited with status 0 oneshot service took 10.647000 seconds in background
[  514.017195] init: Sending signal 9 to service 'virtualizationservice' (pid 5323) process group...
[  514.063087] libprocessgroup: Removed cgroup /sys/fs/cgroup/system/uid_1000/pid_5323
[  517.628158] binder: 703:946 ioctl 400c620e 70165a6b2ffc returned -11
[  522.567326] servicemanager: Caller(pid=703,uid=1000,sid=u:r:system_server:s0) Found android.hardware.wifi.IWifi/default in device VINTF manifest.
[  525.089567] logd: logdr: UID=2000 GID=2000 PID=5530 b tail=0 logMask=11 pid=0 start=1790137103000000000ns deadline=0ns
[  525.637566] servicemanager: Caller(pid=248,uid=1017,sid=u:r:keystore:s0) Found android.hardware.security.keymint.IRemotelyProvisionedComponent/default in device VINTF manifest.
[  525.847328] servicemanager: Caller(pid=4094,uid=10190,sid=u:r:rkpdapp:s0:c190,c256,c512,c768) Found android.hardware.security.keymint.IRemotelyProvisionedComponent/default in device VINTF manifest.
[  526.019568] servicemanager: Caller(pid=248,uid=1017,sid=u:r:keystore:s0) Found android.hardware.security.keymint.IRemotelyProvisionedComponent/default in device VINTF manifest.
[  526.874198] type=1400 audit(1790137105.055:29): avc:  denied  { getopt } for  comm="binder:703_16" scontext=u:r:system_server:s0 tcontext=u:r:shell:s0 tclass=unix_stream_socket permissive=0
[  526.967320] type=1400 audit(1790137105.131:30): avc:  denied  { getopt } for  comm="binder:703_16" scontext=u:r:system_server:s0 tcontext=u:r:shell:s0 tclass=unix_stream_socket permissive=0
[  527.071197] type=1400 audit(1790137105.131:31): avc:  denied  { getopt } for  comm="binder:703_16" scontext=u:r:system_server:s0 tcontext=u:r:shell:s0 tclass=unix_stream_socket permissive=0
[  527.446587] type=1400 audit(1790137105.627:32): avc:  denied  { getopt } for  comm="binder:703_16" scontext=u:r:system_server:s0 tcontext=u:r:shell:s0 tclass=unix_stream_socket permissive=0
[  527.715926] servicemanager: Caller(pid=703,uid=1000,sid=u:r:system_server:s0) Since 'artd' could not be found trying to start it as a lazy AIDL service. (if it's not configured to be a lazy service, it may be stuck starting or still starting).
[  527.807679] init: starting service 'artd'...
[  527.856525] init: ... started service 'artd' has pid 5597
[  527.916224] init: Control message: Processed ctl.interface_start for 'aidl/artd' from pid: 216 (/system/bin/servicemanager)
[  528.082012] servicemanager: Notifying artd they do (previously: don't) have clients when service is guaranteed to be in use
[  528.156830] BpBinder: onLastStrongRef automatically unlinking death recipients: 
[  528.346688] logd: start watching /data/system/packages.list ...
[  528.388879] logd: ReadPackageList, total packages: 224
[  528.499266] type=1400 audit(1790137106.683:33): avc:  denied  { getopt } for  comm="binder:703_16" scontext=u:r:system_server:s0 tcontext=u:r:shell:s0 tclass=unix_stream_socket permissive=0
[  528.593908] type=1400 audit(1790137106.763:34): avc:  denied  { getopt } for  comm="binder:703_16" scontext=u:r:system_server:s0 tcontext=u:r:shell:s0 tclass=unix_stream_socket permissive=0
[  528.700677] type=1400 audit(1790137106.767:35): avc:  denied  { getopt } for  comm="binder:703_16" scontext=u:r:system_server:s0 tcontext=u:r:shell:s0 tclass=unix_stream_socket permissive=0
[  528.803818] type=1400 audit(1790137106.879:36): avc:  denied  { getopt } for  comm="binder:703_3" scontext=u:r:system_server:s0 tcontext=u:r:shell:s0 tclass=unix_stream_socket permissive=0
[  528.909878] type=1400 audit(1790137106.879:37): avc:  denied  { getopt } for  comm="binder:703_3" scontext=u:r:system_server:s0 tcontext=u:r:shell:s0 tclass=unix_stream_socket permissive=0
[  528.994487] type=1400 audit(1790137106.879:38): avc:  denied  { getopt } for  comm="binder:703_3" scontext=u:r:system_server:s0 tcontext=u:r:shell:s0 tclass=unix_stream_socket permissive=0
[  529.075279] type=1400 audit(1790137107.223:39): avc:  denied  { getopt } for  comm="binder:703_3" scontext=u:r:system_server:s0 tcontext=u:r:shell:s0 tclass=unix_stream_socket permissive=0
[  529.672843] servicemanager: Caller(pid=248,uid=1017,sid=u:r:keystore:s0) Found android.hardware.security.keymint.IRemotelyProvisionedComponent/default in device VINTF manifest.
[  529.936735] servicemanager: Caller(pid=4094,uid=10190,sid=u:r:rkpdapp:s0:c190,c256,c512,c768) Found android.hardware.security.keymint.IRemotelyProvisionedComponent/default in device VINTF manifest.
[  530.132688] logd: start watching /data/system/packages.list ...
[  530.162439] logd: ReadPackageList, total packages: 225
[  530.353855] servicemanager: Caller(pid=248,uid=1017,sid=u:r:keystore:s0) Found android.hardware.security.keymint.IRemotelyProvisionedComponent/default in device VINTF manifest.
[  530.667150] type=1400 audit(1790137108.851:40): avc:  denied  { getopt } for  comm="binder:703_3" scontext=u:r:system_server:s0 tcontext=u:r:shell:s0 tclass=unix_stream_socket permissive=0
[  530.773246] type=1400 audit(1790137108.955:41): avc:  denied  { getopt } for  comm="binder:703_3" scontext=u:r:system_server:s0 tcontext=u:r:shell:s0 tclass=unix_stream_socket permissive=0
[  530.856540] type=1400 audit(1790137108.975:42): avc:  denied  { getopt } for  comm="binder:703_3" scontext=u:r:system_server:s0 tcontext=u:r:shell:s0 tclass=unix_stream_socket permissive=0
[  534.302279] type=1400 audit(1790137112.487:43): avc:  denied  { read } for  comm="binder:3596_8" name="u:object_r:system_adbd_prop:s0" dev="tmpfs" ino=338 scontext=u:r:gmscore_app:s0:c512,c768 tcontext=u:object_r:system_adbd_prop:s0 tclass=file permissive=0 app=com.google.android.gms
[  534.425463] type=1400 audit(1790137112.487:44): avc:  denied  { read } for  comm="binder:3596_8" name="u:object_r:adbd_prop:s0" dev="tmpfs" ino=63 scontext=u:r:gmscore_app:s0:c512,c768 tcontext=u:object_r:adbd_prop:s0 tclass=file permissive=0 app=com.google.android.gms
[  542.385880] servicemanager: Caller(pid=5677,uid=10218,sid=u:r:untrusted_app:s0:c218,c256,c512,c768) Found android.hardware.graphics.allocator.IAllocator/default in device VINTF manifest.
[  542.495254] servicemanager: Caller(pid=5677,uid=10218,sid=u:r:untrusted_app:s0:c218,c256,c512,c768) Found android.hardware.graphics.allocator.IAllocator/default in device VINTF manifest.
[  542.591900] servicemanager: Caller(pid=5677,uid=10218,sid=u:r:untrusted_app:s0:c218,c256,c512,c768) Found mapper/ranchu in device VINTF manifest.
[  543.103979] servicemanager: Caller(pid=248,uid=1017,sid=u:r:keystore:s0) Found android.hardware.security.keymint.IRemotelyProvisionedComponent/default in device VINTF manifest.
[  543.322993] servicemanager: Caller(pid=4094,uid=10190,sid=u:r:rkpdapp:s0:c190,c256,c512,c768) Found android.hardware.security.keymint.IRemotelyProvisionedComponent/default in device VINTF manifest.
[  543.534500] servicemanager: Caller(pid=248,uid=1017,sid=u:r:keystore:s0) Found android.hardware.security.keymint.IRemotelyProvisionedComponent/default in device VINTF manifest.
[  543.984821] type=1400 audit(1790137122.167:45): avc:  denied  { read } for  comm="lowpool[3]" name="u:object_r:system_adbd_prop:s0" dev="tmpfs" ino=338 scontext=u:r:gmscore_app:s0:c512,c768 tcontext=u:object_r:system_adbd_prop:s0 tclass=file permissive=0 app=com.google.android.gms
[  544.117729] type=1400 audit(1790137122.291:46): avc:  denied  { read } for  comm="lowpool[3]" name="u:object_r:adbd_prop:s0" dev="tmpfs" ino=63 scontext=u:r:gmscore_app:s0:c512,c768 tcontext=u:object_r:adbd_prop:s0 tclass=file permissive=0 app=com.google.android.gms
[  548.496661] servicemanager: Caller(pid=5752,uid=10219,sid=u:r:untrusted_app:s0:c219,c256,c512,c768) Found android.hardware.graphics.allocator.IAllocator/default in device VINTF manifest.
[  548.610182] servicemanager: Caller(pid=5752,uid=10219,sid=u:r:untrusted_app:s0:c219,c256,c512,c768) Found android.hardware.graphics.allocator.IAllocator/default in device VINTF manifest.
[  548.717704] servicemanager: Caller(pid=5752,uid=10219,sid=u:r:untrusted_app:s0:c219,c256,c512,c768) Found mapper/ranchu in device VINTF manifest.
[  553.385150] type=1400 audit(1790137131.563:47): avc:  denied  { read } for  comm="binder:3596_3" name="u:object_r:system_adbd_prop:s0" dev="tmpfs" ino=338 scontext=u:r:gmscore_app:s0:c512,c768 tcontext=u:object_r:system_adbd_prop:s0 tclass=file permissive=0 app=com.google.android.gms
[  553.534176] type=1400 audit(1790137131.703:48): avc:  denied  { read } for  comm="binder:3596_3" name="u:object_r:adbd_prop:s0" dev="tmpfs" ino=63 scontext=u:r:gmscore_app:s0:c512,c768 tcontext=u:object_r:adbd_prop:s0 tclass=file permissive=0 app=com.google.android.gms
[  553.620519] servicemanager: Notifying artd they don't (previously: do) have clients when we now have no record of a client
[  553.768163] servicemanager: Caller(pid=5597,uid=1082,sid=u:r:artd:s0) Unregistering artd
[  553.916684] BpBinder: onLastStrongRef automatically unlinking death recipients: 
[  554.024653] init: Service 'artd' (pid 5597) exited with status 0 oneshot service took 26.181000 seconds in background
[  554.111584] init: Sending signal 9 to service 'artd' (pid 5597) process group...
[  554.210864] libprocessgroup: Removed cgroup /sys/fs/cgroup/system/uid_1082/pid_5597
[  559.076150] healthd: battery l=100 v=5000 t=25.0 h=2 st=2 c=900000 fc=3000000 cc=10 chg=a
[  574.144450] init: processing action (persist.device_config.lmkd_native.thrashing_limit_critical=*) from (/system/etc/init/lmkd.rc:47)
[  574.208359] init: processing action (lmkd.reinit=1) from (/system/etc/init/lmkd.rc:10)
[  574.257327] init: starting service 'exec 22 (/system/bin/lmkd --reinit)'...
[  574.366985] init: ... started service 'exec 22 (/system/bin/lmkd --reinit)' has pid 5851
[  574.460600] init: Command 'exec_background /system/bin/lmkd --reinit' action=lmkd.reinit=1 (/system/etc/init/lmkd.rc:11) took 204ms and succeeded
[  574.529119] init: Service 'exec 22 (/system/bin/lmkd --reinit)' (pid 5851) exited with status 0 oneshot service took 0.188000 seconds in background
[  574.596687] init: Sending signal 9 to service 'exec 22 (/system/bin/lmkd --reinit)' (pid 5851) process group...
[  574.652427] libprocessgroup: Removed cgroup /sys/fs/cgroup/system/uid_0/pid_5851
[  576.725086] type=1400 audit(1790137154.907:49): avc:  denied  { read } for  comm="binder:3596_8" name="u:object_r:system_adbd_prop:s0" dev="tmpfs" ino=338 scontext=u:r:gmscore_app:s0:c512,c768 tcontext=u:object_r:system_adbd_prop:s0 tclass=file permissive=0 app=com.google.android.gms
[  576.863770] type=1400 audit(1790137155.027:50): avc:  denied  { read } for  comm="binder:3596_8" name="u:object_r:adbd_prop:s0" dev="tmpfs" ino=63 scontext=u:r:gmscore_app:s0:c512,c768 tcontext=u:object_r:adbd_prop:s0 tclass=file permissive=0 app=com.google.android.gms
[  579.229551] binder_debug: 3 callbacks suppressed
[  579.229555] binder: cannot allocate buffer: no space left
[  579.278358] binder: 5370:5415 transaction async to 4553:0 failed 349470/29201/-28, size 364608-0 line 3548
[  583.699424] type=1400 audit(1790137161.883:51): avc:  denied  { read } for  comm=424720546872656164202331 name="/" dev="vdd1" ino=2 scontext=u:r:priv_app:s0:c512,c768 tcontext=u:object_r:metadata_file:s0 tclass=dir permissive=0 app=com.google.android.googlequicksearchbox
[  584.268217] type=1400 audit(1790137162.451:52): avc:  denied  { read } for  comm=424720546872656164202332 name="/" dev="vdd1" ino=2 scontext=u:r:priv_app:s0:c512,c768 tcontext=u:object_r:metadata_file:s0 tclass=dir permissive=0 app=com.google.android.googlequicksearchbox
[  584.488610] type=1400 audit(1790137162.671:53): avc:  denied  { read } for  comm=424720546872656164202333 name="/" dev="vdd1" ino=2 scontext=u:r:priv_app:s0:c512,c768 tcontext=u:object_r:metadata_file:s0 tclass=dir permissive=0 app=com.google.android.googlequicksearchbox
[  586.275038] init: processing action (persist.device_config.lmkd_native.thrashing_limit_critical=*) from (/system/etc/init/lmkd.rc:47)
[  586.348668] init: processing action (lmkd.reinit=1) from (/system/etc/init/lmkd.rc:10)
[  586.406927] init: starting service 'exec 23 (/system/bin/lmkd --reinit)'...
[  586.604933] init: ... started service 'exec 23 (/system/bin/lmkd --reinit)' has pid 5950
[  586.663363] init: Command 'exec_background /system/bin/lmkd --reinit' action=lmkd.reinit=1 (/system/etc/init/lmkd.rc:11) took 256ms and succeeded
[  586.766788] init: Service 'exec 23 (/system/bin/lmkd --reinit)' (pid 5950) exited with status 0 oneshot service took 0.294000 seconds in background
[  586.842065] init: Sending signal 9 to service 'exec 23 (/system/bin/lmkd --reinit)' (pid 5950) process group...
[  586.931343] libprocessgroup: Removed cgroup /sys/fs/cgroup/system/uid_0/pid_5950
[  598.790158] binder_alloc: 4553: pid 5370 spamming oneway? 1 buffers allocated for a total size of 427024
[  599.442948] type=1400 audit(1790137177.619:54): avc:  denied  { read } for  comm="binder:3596_8" name="u:object_r:system_adbd_prop:s0" dev="tmpfs" ino=338 scontext=u:r:gmscore_app:s0:c512,c768 tcontext=u:object_r:system_adbd_prop:s0 tclass=file permissive=0 app=com.google.android.gms
[  599.800012] type=1400 audit(1790137177.619:55): avc:  denied  { read } for  comm="binder:3596_8" name="u:object_r:adbd_prop:s0" dev="tmpfs" ino=63 scontext=u:r:gmscore_app:s0:c512,c768 tcontext=u:object_r:adbd_prop:s0 tclass=file permissive=0 app=com.google.android.gms
[  602.833209] type=1400 audit(1790137181.007:56): avc:  denied  { read } for  comm="binder:3596_8" name="u:object_r:system_adbd_prop:s0" dev="tmpfs" ino=338 scontext=u:r:gmscore_app:s0:c512,c768 tcontext=u:object_r:system_adbd_prop:s0 tclass=file permissive=0 app=com.google.android.gms
[  603.152051] type=1400 audit(1790137181.007:57): avc:  denied  { read } for  comm="binder:3596_8" name="u:object_r:adbd_prop:s0" dev="tmpfs" ino=63 scontext=u:r:gmscore_app:s0:c512,c768 tcontext=u:object_r:adbd_prop:s0 tclass=file permissive=0 app=com.google.android.gms
[  613.584695] binder: 703:1715 ioctl 400c620e 701652cf0f6c returned -11
[  613.631528] binder: 703:1715 ioctl 400c620e 701652cf0f6c returned -11
[  614.418497] binder: undelivered TRANSACTION_COMPLETE
[  614.455852] binder: undelivered transaction 376225, process died.
[  616.135915] servicemanager: Caller(pid=703,uid=1000,sid=u:r:system_server:s0) Since 'artd' could not be found trying to start it as a lazy AIDL service. (if it's not configured to be a lazy service, it may be stuck starting or still starting).
[  616.286017] init: starting service 'artd'...
[  616.356410] init: ... started service 'artd' has pid 6155
[  616.413976] init: Control message: Processed ctl.interface_start for 'aidl/artd' from pid: 216 (/system/bin/servicemanager)
[  616.634633] servicemanager: Notifying artd they do (previously: don't) have clients when service is guaranteed to be in use
[  616.698306] BpBinder: onLastStrongRef automatically unlinking death recipients: 
[  616.825328] logd: start watching /data/system/packages.list ...
[  616.860140] logd: ReadPackageList, total packages: 224
[  617.517187] logd: start watching /data/system/packages.list ...
[  617.562051] logd: ReadPackageList, total packages: 223
[  619.142419] healthd: battery l=100 v=5000 t=25.0 h=2 st=2 c=900000 fc=3000000 cc=10 chg=a
[  623.158267] servicemanager: Caller(pid=703,uid=1000,sid=u:r:system_server:s0) Since 'android.system.virtualizationmaintenance' could not be found trying to start it as a lazy AIDL service. (if it's not configured to be a lazy service, it may be stuck starting or still starting).
[  623.354574] init: starting service 'virtualizationservice'...
[  623.445629] init: ... started service 'virtualizationservice' has pid 6221
[  623.510910] init: Control message: Processed ctl.interface_start for 'aidl/android.system.virtualizationmaintenance' from pid: 216 (/system/bin/servicemanager)
[  623.640284] servicemanager: Caller(pid=6221,uid=1000,sid=u:r:virtualizationservice:s0) Could not find android.hardware.security.secretkeeper.ISecretkeeper/default in the VINTF manifest. No alternative instances declared in VINTF.
[  623.779566] servicemanager: Caller(pid=6221,uid=1000,sid=u:r:virtualizationservice:s0) Could not find android.hardware.security.keymint.IRemotelyProvisionedComponent/avf in the VINTF manifest. VINTF declared instances: default.
[  623.899471] servicemanager: Notifying android.system.virtualizationmaintenance they do (previously: don't) have clients when service is guaranteed to be in use
[  624.209360] BpBinder: onLastStrongRef automatically unlinking death recipients: 
[  625.829898] type=1400 audit(1790137204.011:58): avc:  denied  { read } for  comm="binder:3596_3" name="u:object_r:system_adbd_prop:s0" dev="tmpfs" ino=338 scontext=u:r:gmscore_app:s0:c512,c768 tcontext=u:object_r:system_adbd_prop:s0 tclass=file permissive=0 app=com.google.android.gms
[  625.959923] type=1400 audit(1790137204.015:59): avc:  denied  { read } for  comm="binder:3596_3" name="u:object_r:adbd_prop:s0" dev="tmpfs" ino=63 scontext=u:r:gmscore_app:s0:c512,c768 tcontext=u:object_r:adbd_prop:s0 tclass=file permissive=0 app=com.google.android.gms
[  626.840881] logd: start watching /data/system/packages.list ...
[  626.875896] logd: ReadPackageList, total packages: 223
[  628.329812] binder: undelivered transaction 389511, process died.
[  628.360266] binder: undelivered transaction 389512, process died.
[  628.432374] binder: undelivered transaction 389508, process died.
[  633.613320] servicemanager: Notifying android.system.virtualizationmaintenance they don't (previously: do) have clients when we now have no record of a client
[  633.679062] servicemanager: Caller(pid=6221,uid=1000,sid=u:r:virtualizationservice:s0) Unregistering android.system.virtualizationmaintenance
[  633.740419] BpBinder: onLastStrongRef automatically unlinking death recipients: 
[  633.775383] servicemanager: Caller(pid=6221,uid=1000,sid=u:r:virtualizationservice:s0) Unregistering android.system.virtualizationservice
[  633.839939] BpBinder: onLastStrongRef automatically unlinking death recipients: 
[  633.880551] init: Service 'virtualizationservice' (pid 6221) exited with status 0 oneshot service took 10.449000 seconds in background
[  633.945236] init: Sending signal 9 to service 'virtualizationservice' (pid 6221) process group...
[  633.998207] libprocessgroup: Removed cgroup /sys/fs/cgroup/system/uid_1000/pid_6221
[  639.509341] servicemanager: Caller(pid=248,uid=1017,sid=u:r:keystore:s0) Found android.hardware.security.keymint.IRemotelyProvisionedComponent/default in device VINTF manifest.
[  639.609238] servicemanager: Caller(pid=4094,uid=10190,sid=u:r:rkpdapp:s0:c190,c256,c512,c768) Found android.hardware.security.keymint.IRemotelyProvisionedComponent/default in device VINTF manifest.
[  639.808182] servicemanager: Caller(pid=248,uid=1017,sid=u:r:keystore:s0) Found android.hardware.security.keymint.IRemotelyProvisionedComponent/default in device VINTF manifest.
[  640.564334] binder: 703:777 ioctl 400c620e 70165e7d9d6c returned -11
[  640.767502] binder: 703:777 ioctl 400c620e 70165e7d9d6c returned -11
[  641.018779] binder_alloc: 4260: binder_alloc_buf, no vma
[  641.037730] binder_alloc: 4260: binder_alloc_buf, no vma
[  641.063394] binder: release 4260:4260 transaction 404963 out, still active
[  641.088389] binder: undelivered TRANSACTION_COMPLETE
[  641.123279] binder: release 4260:4309 transaction 404481 out, still active
[  641.148575] binder: cannot allocate buffer: vma cleared, target dead or dying
[  641.148582] binder: 703:2760 transaction reply to 4260:4260 failed 405420/29189/-3, size 4-0 line 3548
[  641.166660] binder: cannot allocate buffer: vma cleared, target dead or dying
[  641.180828] binder: undelivered TRANSACTION_COMPLETE
[  641.254712] binder: 703:703 transaction async to 4260:0 failed 405432/29189/-3, size 160-8 line 3548
[  641.312021] binder: release 4260:4310 transaction 404502 out, still active
[  641.352231] binder: undelivered TRANSACTION_COMPLETE
[  641.882629] type=1400 audit(1790137220.063:60): avc:  denied  { read } for  comm="binder:3596_3" name="u:object_r:system_adbd_prop:s0" dev="tmpfs" ino=338 scontext=u:r:gmscore_app:s0:c512,c768 tcontext=u:object_r:system_adbd_prop:s0 tclass=file permissive=0 app=com.google.android.gms
[  641.995855] type=1400 audit(1790137220.083:61): avc:  denied  { read } for  comm="binder:3596_3" name="u:object_r:adbd_prop:s0" dev="tmpfs" ino=63 scontext=u:r:gmscore_app:s0:c512,c768 tcontext=u:object_r:adbd_prop:s0 tclass=file permissive=0 app=com.google.android.gms
[  642.606611] servicemanager: Caller(pid=248,uid=1017,sid=u:r:keystore:s0) Found android.hardware.security.keymint.IRemotelyProvisionedComponent/default in device VINTF manifest.
[  642.726560] servicemanager: Caller(pid=4094,uid=10190,sid=u:r:rkpdapp:s0:c190,c256,c512,c768) Found android.hardware.security.keymint.IRemotelyProvisionedComponent/default in device VINTF manifest.
[  642.863786] servicemanager: Caller(pid=248,uid=1017,sid=u:r:keystore:s0) Found android.hardware.security.keymint.IRemotelyProvisionedComponent/default in device VINTF manifest.
[  643.139718] type=1400 audit(1790137221.323:62): avc:  denied  { read } for  comm="binder:3596_B" name="u:object_r:system_adbd_prop:s0" dev="tmpfs" ino=338 scontext=u:r:gmscore_app:s0:c512,c768 tcontext=u:object_r:system_adbd_prop:s0 tclass=file permissive=0 app=com.google.android.gms
[  643.269157] type=1400 audit(1790137221.451:63): avc:  denied  { read } for  comm="binder:3596_B" name="u:object_r:adbd_prop:s0" dev="tmpfs" ino=63 scontext=u:r:gmscore_app:s0:c512,c768 tcontext=u:object_r:adbd_prop:s0 tclass=file permissive=0 app=com.google.android.gms
[  643.612517] servicemanager: Notifying artd they don't (previously: do) have clients when we now have no record of a client
[  643.665038] servicemanager: Caller(pid=6155,uid=1082,sid=u:r:artd:s0) Unregistering artd
[  643.702951] BpBinder: onLastStrongRef automatically unlinking death recipients: 
[  643.753409] init: Service 'artd' (pid 6155) exited with status 0 oneshot service took 27.427999 seconds in background
[  643.822013] init: Sending signal 9 to service 'artd' (pid 6155) process group...
[  643.862716] libprocessgroup: Removed cgroup /sys/fs/cgroup/system/uid_1082/pid_6155
[  643.949601] servicemanager: Caller(pid=248,uid=1017,sid=u:r:keystore:s0) Found android.hardware.security.keymint.IRemotelyProvisionedComponent/default in device VINTF manifest.
[  644.074562] servicemanager: Caller(pid=4094,uid=10190,sid=u:r:rkpdapp:s0:c190,c256,c512,c768) Found android.hardware.security.keymint.IRemotelyProvisionedComponent/default in device VINTF manifest.
[  644.237856] servicemanager: Caller(pid=248,uid=1017,sid=u:r:keystore:s0) Found android.hardware.security.keymint.IRemotelyProvisionedComponent/default in device VINTF manifest.
[  646.915882] binder_debug: 14 callbacks suppressed
[  646.915891] binder: 1644:1633 reply target not found
[  647.047511] binder: 1633:1644 transaction reply to 0:0 failed 411907/29189/0, size 64-8 line 3277
[  647.134547] binder: send failed reply for transaction 404502, target dead
[  653.599703] binder: undelivered transaction 416598, process died.
[  660.028212] servicemanager: Caller(pid=248,uid=1017,sid=u:r:keystore:s0) Found android.hardware.security.keymint.IRemotelyProvisionedComponent/default in device VINTF manifest.
[  660.152553] servicemanager: Caller(pid=4094,uid=10190,sid=u:r:rkpdapp:s0:c190,c256,c512,c768) Found android.hardware.security.keymint.IRemotelyProvisionedComponent/default in device VINTF manifest.
[  660.308456] servicemanager: Caller(pid=248,uid=1017,sid=u:r:keystore:s0) Found android.hardware.security.keymint.IRemotelyProvisionedComponent/default in device VINTF manifest.
[  660.710547] type=1400 audit(1790137238.887:64): avc:  denied  { read } for  comm="binder:3596_3" name="u:object_r:system_adbd_prop:s0" dev="tmpfs" ino=338 scontext=u:r:gmscore_app:s0:c512,c768 tcontext=u:object_r:system_adbd_prop:s0 tclass=file permissive=0 app=com.google.android.gms
[  660.908800] type=1400 audit(1790137238.891:65): avc:  denied  { read } for  comm="binder:3596_3" name="u:object_r:adbd_prop:s0" dev="tmpfs" ino=63 scontext=u:r:gmscore_app:s0:c512,c768 tcontext=u:object_r:adbd_prop:s0 tclass=file permissive=0 app=com.google.android.gms
[  663.211857] servicemanager: Caller(pid=248,uid=1017,sid=u:r:keystore:s0) Found android.hardware.security.keymint.IRemotelyProvisionedComponent/default in device VINTF manifest.
[  663.363838] servicemanager: Caller(pid=4094,uid=10190,sid=u:r:rkpdapp:s0:c190,c256,c512,c768) Found android.hardware.security.keymint.IRemotelyProvisionedComponent/default in device VINTF manifest.
[  663.502717] servicemanager: Caller(pid=248,uid=1017,sid=u:r:keystore:s0) Found android.hardware.security.keymint.IRemotelyProvisionedComponent/default in device VINTF manifest.
[  664.627687] type=1400 audit(1790137242.811:66): avc:  denied  { read } for  comm="binder:3596_2" name="u:object_r:system_adbd_prop:s0" dev="tmpfs" ino=338 scontext=u:r:gmscore_app:s0:c512,c768 tcontext=u:object_r:system_adbd_prop:s0 tclass=file permissive=0 app=com.google.android.gms
[  664.743935] type=1400 audit(1790137242.915:67): avc:  denied  { read } for  comm="binder:3596_2" name="u:object_r:adbd_prop:s0" dev="tmpfs" ino=63 scontext=u:r:gmscore_app:s0:c512,c768 tcontext=u:object_r:adbd_prop:s0 tclass=file permissive=0 app=com.google.android.gms
[  679.074715] healthd: battery l=100 v=5000 t=25.0 h=2 st=2 c=900000 fc=3000000 cc=10 chg=a
[  739.073885] healthd: battery l=100 v=5000 t=25.0 h=2 st=2 c=900000 fc=3000000 cc=10 chg=a
[  755.658654] servicemanager: Caller(pid=248,uid=1017,sid=u:r:keystore:s0) Found android.hardware.security.keymint.IRemotelyProvisionedComponent/default in device VINTF manifest.
[  755.753633] servicemanager: Caller(pid=4094,uid=10190,sid=u:r:rkpdapp:s0:c190,c256,c512,c768) Found android.hardware.security.keymint.IRemotelyProvisionedComponent/default in device VINTF manifest.
[  755.851513] servicemanager: Caller(pid=248,uid=1017,sid=u:r:keystore:s0) Found android.hardware.security.keymint.IRemotelyProvisionedComponent/default in device VINTF manifest.
[  756.018127] type=1400 audit(1790137334.187:68): avc:  denied  { read } for  comm="binder:3596_C" name="u:object_r:system_adbd_prop:s0" dev="tmpfs" ino=338 scontext=u:r:gmscore_app:s0:c512,c768 tcontext=u:object_r:system_adbd_prop:s0 tclass=file permissive=0 app=com.google.android.gms
[  756.138525] type=1400 audit(1790137334.187:69): avc:  denied  { read } for  comm="binder:3596_C" name="u:object_r:adbd_prop:s0" dev="tmpfs" ino=63 scontext=u:r:gmscore_app:s0:c512,c768 tcontext=u:object_r:adbd_prop:s0 tclass=file permissive=0 app=com.google.android.gms
[  756.255976] binder: 6752:4654 dead process or thread
[  756.280464] binder: 4654:6752 transaction call to 1977:0 failed 438542/29202/0, size 84-0 line 3981
[  756.339212] binder: 2760:703 dead process or thread
[  756.362712] binder: 703:2760 transaction call to 1977:0 failed 438573/29202/0, size 0-0 line 3981
[  799.074558] healthd: battery l=100 v=5000 t=25.0 h=2 st=2 c=900000 fc=3000000 cc=10 chg=a
[  807.622906] servicemanager: Caller(pid=248,uid=1017,sid=u:r:keystore:s0) Found android.hardware.security.keymint.IRemotelyProvisionedComponent/default in device VINTF manifest.
[  807.711167] servicemanager: Caller(pid=4094,uid=10190,sid=u:r:rkpdapp:s0:c190,c256,c512,c768) Found android.hardware.security.keymint.IRemotelyProvisionedComponent/default in device VINTF manifest.
[  807.810168] servicemanager: Caller(pid=248,uid=1017,sid=u:r:keystore:s0) Found android.hardware.security.keymint.IRemotelyProvisionedComponent/default in device VINTF manifest.
[  808.074832] type=1400 audit(1790137386.259:70): avc:  denied  { read } for  comm="binder:3596_D" name="u:object_r:system_adbd_prop:s0" dev="tmpfs" ino=338 scontext=u:r:gmscore_app:s0:c512,c768 tcontext=u:object_r:system_adbd_prop:s0 tclass=file permissive=0 app=com.google.android.gms
[  808.203266] type=1400 audit(1790137386.259:71): avc:  denied  { read } for  comm="binder:3596_D" name="u:object_r:adbd_prop:s0" dev="tmpfs" ino=63 scontext=u:r:gmscore_app:s0:c512,c768 tcontext=u:object_r:adbd_prop:s0 tclass=file permissive=0 app=com.google.android.gms
[  859.074600] healthd: battery l=100 v=5000 t=25.0 h=2 st=2 c=900000 fc=3000000 cc=10 chg=a
[  895.497572] servicemanager: Caller(pid=248,uid=1017,sid=u:r:keystore:s0) Found android.hardware.security.keymint.IRemotelyProvisionedComponent/default in device VINTF manifest.
[  895.646938] servicemanager: Caller(pid=4094,uid=10190,sid=u:r:rkpdapp:s0:c190,c256,c512,c768) Found android.hardware.security.keymint.IRemotelyProvisionedComponent/default in device VINTF manifest.
[  895.772657] servicemanager: Caller(pid=248,uid=1017,sid=u:r:keystore:s0) Found android.hardware.security.keymint.IRemotelyProvisionedComponent/default in device VINTF manifest.
[  896.278397] type=1400 audit(1790137474.459:72): avc:  denied  { read } for  comm="binder:3596_2" name="u:object_r:system_adbd_prop:s0" dev="tmpfs" ino=338 scontext=u:r:gmscore_app:s0:c512,c768 tcontext=u:object_r:system_adbd_prop:s0 tclass=file permissive=0 app=com.google.android.gms
[  896.418823] type=1400 audit(1790137474.463:73): avc:  denied  { read } for  comm="binder:3596_2" name="u:object_r:adbd_prop:s0" dev="tmpfs" ino=63 scontext=u:r:gmscore_app:s0:c512,c768 tcontext=u:object_r:adbd_prop:s0 tclass=file permissive=0 app=com.google.android.gms
[  919.072897] healthd: battery l=100 v=5000 t=25.0 h=2 st=2 c=900000 fc=3000000 cc=10 chg=a
[  979.074714] healthd: battery l=100 v=5000 t=25.0 h=2 st=2 c=900000 fc=3000000 cc=10 chg=a
[ 1026.333136] logd: logdr: UID=2000 GID=2000 PID=6911 b tail=0 logMask=11 pid=0 start=1790137604000000000ns deadline=0ns
[ 1027.530643] type=1400 audit(1790137605.715:74): avc:  denied  { getopt } for  comm="binder:703_18" scontext=u:r:system_server:s0 tcontext=u:r:shell:s0 tclass=unix_stream_socket permissive=0
[ 1027.610073] type=1400 audit(1790137605.715:75): avc:  denied  { getopt } for  comm="binder:703_18" scontext=u:r:system_server:s0 tcontext=u:r:shell:s0 tclass=unix_stream_socket permissive=0
[ 1027.695706] type=1400 audit(1790137605.715:76): avc:  denied  { getopt } for  comm="binder:703_18" scontext=u:r:system_server:s0 tcontext=u:r:shell:s0 tclass=unix_stream_socket permissive=0
[ 1028.016111] type=1400 audit(1790137606.199:77): avc:  denied  { getopt } for  comm="binder:703_18" scontext=u:r:system_server:s0 tcontext=u:r:shell:s0 tclass=unix_stream_socket permissive=0
[ 1028.273137] servicemanager: Caller(pid=703,uid=1000,sid=u:r:system_server:s0) Since 'artd' could not be found trying to start it as a lazy AIDL service. (if it's not configured to be a lazy service, it may be stuck starting or still starting).
[ 1028.368265] init: starting service 'artd'...
[ 1028.415326] init: ... started service 'artd' has pid 6970
[ 1028.440415] init: Control message: Processed ctl.interface_start for 'aidl/artd' from pid: 216 (/system/bin/servicemanager)
[ 1028.536849] servicemanager: Notifying artd they do (previously: don't) have clients when service is guaranteed to be in use
[ 1028.587812] BpBinder: onLastStrongRef automatically unlinking death recipients: 
[ 1028.741076] logd: start watching /data/system/packages.list ...
[ 1028.789815] logd: ReadPackageList, total packages: 224
[ 1028.848712] type=1400 audit(1790137607.031:78): avc:  denied  { getopt } for  comm="binder:703_18" scontext=u:r:system_server:s0 tcontext=u:r:shell:s0 tclass=unix_stream_socket permissive=0
[ 1028.954633] type=1400 audit(1790137607.031:79): avc:  denied  { getopt } for  comm="binder:703_18" scontext=u:r:system_server:s0 tcontext=u:r:shell:s0 tclass=unix_stream_socket permissive=0
[ 1029.141595] type=1400 audit(1790137607.031:80): avc:  denied  { getopt } for  comm="binder:703_18" scontext=u:r:system_server:s0 tcontext=u:r:shell:s0 tclass=unix_stream_socket permissive=0
[ 1029.242453] type=1400 audit(1790137607.247:81): avc:  denied  { getopt } for  comm="binder:703_17" scontext=u:r:system_server:s0 tcontext=u:r:shell:s0 tclass=unix_stream_socket permissive=0
[ 1029.492766] type=1400 audit(1790137607.247:82): avc:  denied  { getopt } for  comm="binder:703_17" scontext=u:r:system_server:s0 tcontext=u:r:shell:s0 tclass=unix_stream_socket permissive=0
[ 1029.638536] type=1400 audit(1790137607.247:83): avc:  denied  { getopt } for  comm="binder:703_17" scontext=u:r:system_server:s0 tcontext=u:r:shell:s0 tclass=unix_stream_socket permissive=0
[ 1029.739415] type=1400 audit(1790137607.447:84): avc:  denied  { getopt } for  comm="binder:703_15" scontext=u:r:system_server:s0 tcontext=u:r:shell:s0 tclass=unix_stream_socket permissive=0
[ 1031.044669] logd: start watching /data/system/packages.list ...
[ 1031.083230] logd: ReadPackageList, total packages: 225
[ 1031.308177] type=1400 audit(1790137609.491:85): avc:  denied  { getopt } for  comm="binder:703_15" scontext=u:r:system_server:s0 tcontext=u:r:shell:s0 tclass=unix_stream_socket permissive=0
[ 1031.460690] type=1400 audit(1790137609.491:86): avc:  denied  { getopt } for  comm="binder:703_15" scontext=u:r:system_server:s0 tcontext=u:r:shell:s0 tclass=unix_stream_socket permissive=0
[ 1031.567731] type=1400 audit(1790137609.491:87): avc:  denied  { getopt } for  comm="binder:703_15" scontext=u:r:system_server:s0 tcontext=u:r:shell:s0 tclass=unix_stream_socket permissive=0
[ 1039.076272] healthd: battery l=100 v=5000 t=25.0 h=2 st=2 c=900000 fc=3000000 cc=10 chg=a
[ 1041.152116] servicemanager: Caller(pid=7056,uid=10220,sid=u:r:untrusted_app:s0:c220,c256,c512,c768) Found android.hardware.graphics.allocator.IAllocator/default in device VINTF manifest.
[ 1041.240315] servicemanager: Caller(pid=7056,uid=10220,sid=u:r:untrusted_app:s0:c220,c256,c512,c768) Found android.hardware.graphics.allocator.IAllocator/default in device VINTF manifest.
[ 1041.317474] servicemanager: Caller(pid=7056,uid=10220,sid=u:r:untrusted_app:s0:c220,c256,c512,c768) Found mapper/ranchu in device VINTF manifest.
[ 1046.151324] servicemanager: Caller(pid=7086,uid=10221,sid=u:r:untrusted_app:s0:c221,c256,c512,c768) Found android.hardware.graphics.allocator.IAllocator/default in device VINTF manifest.
[ 1046.254274] servicemanager: Caller(pid=7086,uid=10221,sid=u:r:untrusted_app:s0:c221,c256,c512,c768) Found android.hardware.graphics.allocator.IAllocator/default in device VINTF manifest.
[ 1046.347630] servicemanager: Caller(pid=7086,uid=10221,sid=u:r:untrusted_app:s0:c221,c256,c512,c768) Found mapper/ranchu in device VINTF manifest.
[ 1049.151722] binder: 703:2766 ioctl 400c620e 701622ff0f6c returned -11
[ 1049.185960] binder: 703:2766 ioctl 400c620e 701622ff0f6c returned -11
[ 1049.232403] binder: undelivered transaction 471216, process died.
[ 1049.282677] binder: undelivered TRANSACTION_COMPLETE
[ 1049.322346] binder: undelivered transaction 471228, process died.
[ 1050.624207] logd: start watching /data/system/packages.list ...
[ 1050.659450] logd: ReadPackageList, total packages: 224
[ 1051.130240] logd: start watching /data/system/packages.list ...
[ 1051.175408] logd: ReadPackageList, total packages: 223
[ 1051.479950] logd: SocketClient: write error (Broken pipe)
[ 1052.353919] servicemanager: Caller(pid=703,uid=1000,sid=u:r:system_server:s0) Since 'android.system.virtualizationmaintenance' could not be found trying to start it as a lazy AIDL service. (if it's not configured to be a lazy service, it may be stuck starting or still starting).
[ 1052.480237] init: starting service 'virtualizationservice'...
[ 1052.560214] init: ... started service 'virtualizationservice' has pid 7227
[ 1052.603247] init: Control message: Processed ctl.interface_start for 'aidl/android.system.virtualizationmaintenance' from pid: 216 (/system/bin/servicemanager)
[ 1052.749103] servicemanager: Caller(pid=7227,uid=1000,sid=u:r:virtualizationservice:s0) Could not find android.hardware.security.secretkeeper.ISecretkeeper/default in the VINTF manifest. No alternative instances declared in VINTF.
[ 1052.875949] servicemanager: Caller(pid=7227,uid=1000,sid=u:r:virtualizationservice:s0) Could not find android.hardware.security.keymint.IRemotelyProvisionedComponent/avf in the VINTF manifest. VINTF declared instances: default.
[ 1052.995132] servicemanager: Notifying android.system.virtualizationmaintenance they do (previously: don't) have clients when service is guaranteed to be in use
[ 1053.082404] BpBinder: onLastStrongRef automatically unlinking death recipients: 
[ 1060.620692] logd: start watching /data/system/packages.list ...
[ 1060.647935] logd: ReadPackageList, total packages: 223
[ 1069.736810] servicemanager: Caller(pid=248,uid=1017,sid=u:r:keystore:s0) Found android.hardware.security.keymint.IRemotelyProvisionedComponent/default in device VINTF manifest.
[ 1069.818100] servicemanager: Caller(pid=4094,uid=10190,sid=u:r:rkpdapp:s0:c190,c256,c512,c768) Found android.hardware.security.keymint.IRemotelyProvisionedComponent/default in device VINTF manifest.
[ 1069.902800] servicemanager: Caller(pid=248,uid=1017,sid=u:r:keystore:s0) Found android.hardware.security.keymint.IRemotelyProvisionedComponent/default in device VINTF manifest.
[ 1070.012388] type=1400 audit(1790137648.195:88): avc:  denied  { read } for  comm="binder:3596_3" name="u:object_r:system_adbd_prop:s0" dev="tmpfs" ino=338 scontext=u:r:gmscore_app:s0:c512,c768 tcontext=u:object_r:system_adbd_prop:s0 tclass=file permissive=0 app=com.google.android.gms
[ 1070.113525] type=1400 audit(1790137648.195:89): avc:  denied  { read } for  comm="binder:3596_3" name="u:object_r:adbd_prop:s0" dev="tmpfs" ino=63 scontext=u:r:gmscore_app:s0:c512,c768 tcontext=u:object_r:adbd_prop:s0 tclass=file permissive=0 app=com.google.android.gms
[ 1099.074759] healthd: battery l=100 v=5000 t=25.0 h=2 st=2 c=900000 fc=3000000 cc=10 chg=a
[ 1159.074683] healthd: battery l=100 v=5000 t=25.0 h=2 st=2 c=900000 fc=3000000 cc=10 chg=a
[ 1219.074320] healthd: battery l=100 v=5000 t=25.0 h=2 st=2 c=900000 fc=3000000 cc=10 chg=a
[ 1222.945761] servicemanager: Caller(pid=248,uid=1017,sid=u:r:keystore:s0) Found android.hardware.security.keymint.IRemotelyProvisionedComponent/default in device VINTF manifest.
[ 1223.054308] servicemanager: Caller(pid=4094,uid=10190,sid=u:r:rkpdapp:s0:c190,c256,c512,c768) Found android.hardware.security.keymint.IRemotelyProvisionedComponent/default in device VINTF manifest.
[ 1223.160556] servicemanager: Caller(pid=248,uid=1017,sid=u:r:keystore:s0) Found android.hardware.security.keymint.IRemotelyProvisionedComponent/default in device VINTF manifest.
[ 1223.296102] type=1400 audit(1790137801.471:90): avc:  denied  { read } for  comm="binder:3596_1" name="u:object_r:system_adbd_prop:s0" dev="tmpfs" ino=338 scontext=u:r:gmscore_app:s0:c512,c768 tcontext=u:object_r:system_adbd_prop:s0 tclass=file permissive=0 app=com.google.android.gms
[ 1223.433896] type=1400 audit(1790137801.471:91): avc:  denied  { read } for  comm="binder:3596_1" name="u:object_r:adbd_prop:s0" dev="tmpfs" ino=63 scontext=u:r:gmscore_app:s0:c512,c768 tcontext=u:object_r:adbd_prop:s0 tclass=file permissive=0 app=com.google.android.gms
[ 1279.074730] healthd: battery l=100 v=5000 t=25.0 h=2 st=2 c=900000 fc=3000000 cc=10 chg=a
[ 1339.074280] healthd: battery l=100 v=5000 t=25.0 h=2 st=2 c=900000 fc=3000000 cc=10 chg=a
[ 1399.073504] healthd: battery l=100 v=5000 t=25.0 h=2 st=2 c=900000 fc=3000000 cc=10 chg=a
[ 1459.073687] healthd: battery l=100 v=5000 t=25.0 h=2 st=2 c=900000 fc=3000000 cc=10 chg=a
[ 1519.075746] healthd: battery l=100 v=5000 t=25.0 h=2 st=2 c=900000 fc=3000000 cc=10 chg=a
[ 1579.074770] healthd: battery l=100 v=5000 t=25.0 h=2 st=2 c=900000 fc=3000000 cc=10 chg=a
[ 1629.955580] servicemanager: Caller(pid=248,uid=1017,sid=u:r:keystore:s0) Found android.hardware.security.keymint.IRemotelyProvisionedComponent/default in device VINTF manifest.
[ 1630.062870] servicemanager: Caller(pid=4094,uid=10190,sid=u:r:rkpdapp:s0:c190,c256,c512,c768) Found android.hardware.security.keymint.IRemotelyProvisionedComponent/default in device VINTF manifest.
[ 1630.196001] servicemanager: Caller(pid=248,uid=1017,sid=u:r:keystore:s0) Found android.hardware.security.keymint.IRemotelyProvisionedComponent/default in device VINTF manifest.
[ 1630.346336] type=1400 audit(1790138208.519:92): avc:  denied  { read } for  comm="binder:3596_A" name="u:object_r:system_adbd_prop:s0" dev="tmpfs" ino=338 scontext=u:r:gmscore_app:s0:c512,c768 tcontext=u:object_r:system_adbd_prop:s0 tclass=file permissive=0 app=com.google.android.gms
[ 1630.483901] type=1400 audit(1790138208.523:93): avc:  denied  { read } for  comm="binder:3596_A" name="u:object_r:adbd_prop:s0" dev="tmpfs" ino=63 scontext=u:r:gmscore_app:s0:c512,c768 tcontext=u:object_r:adbd_prop:s0 tclass=file permissive=0 app=com.google.android.gms
[ 1633.613886] servicemanager: Notifying android.system.virtualizationmaintenance they don't (previously: do) have clients when we now have no record of a client
[ 1633.671299] servicemanager: Notifying artd they don't (previously: do) have clients when we now have no record of a client
[ 1633.706378] servicemanager: Caller(pid=7227,uid=1000,sid=u:r:virtualizationservice:s0) Unregistering android.system.virtualizationmaintenance
[ 1633.746780] BpBinder: onLastStrongRef automatically unlinking death recipients: 
[ 1633.770520] servicemanager: Caller(pid=6970,uid=1082,sid=u:r:artd:s0) Unregistering artd
[ 1633.797463] BpBinder: onLastStrongRef automatically unlinking death recipients: 
[ 1633.826005] servicemanager: Caller(pid=7227,uid=1000,sid=u:r:virtualizationservice:s0) Unregistering android.system.virtualizationservice
[ 1633.870328] BpBinder: onLastStrongRef automatically unlinking death recipients: 
[ 1633.928952] init: Service 'artd' (pid 6970) exited with status 0 oneshot service took 605.534973 seconds in background
[ 1633.968022] init: Sending signal 9 to service 'artd' (pid 6970) process group...
[ 1633.999083] libprocessgroup: Removed cgroup /sys/fs/cgroup/system/uid_1082/pid_6970
[ 1634.029952] init: Service 'virtualizationservice' (pid 7227) exited with status 0 oneshot service took 581.502991 seconds in background
[ 1634.069063] init: Sending signal 9 to service 'virtualizationservice' (pid 7227) process group...
[ 1634.100835] libprocessgroup: Removed cgroup /sys/fs/cgroup/system/uid_1000/pid_7227
[ 1639.076576] healthd: battery l=100 v=5000 t=25.0 h=2 st=2 c=900000 fc=3000000 cc=10 chg=a
[ 1699.073998] healthd: battery l=100 v=5000 t=25.0 h=2 st=2 c=900000 fc=3000000 cc=10 chg=a
[ 1734.422498] servicemanager: Caller(pid=248,uid=1017,sid=u:r:keystore:s0) Found android.hardware.security.keymint.IRemotelyProvisionedComponent/default in device VINTF manifest.
[ 1734.518224] servicemanager: Caller(pid=4094,uid=10190,sid=u:r:rkpdapp:s0:c190,c256,c512,c768) Found android.hardware.security.keymint.IRemotelyProvisionedComponent/default in device VINTF manifest.
[ 1734.599217] servicemanager: Caller(pid=248,uid=1017,sid=u:r:keystore:s0) Found android.hardware.security.keymint.IRemotelyProvisionedComponent/default in device VINTF manifest.
[ 1735.031791] type=1400 audit(1790138313.215:94): avc:  denied  { read } for  comm="binder:3596_2" name="u:object_r:system_adbd_prop:s0" dev="tmpfs" ino=338 scontext=u:r:gmscore_app:s0:c512,c768 tcontext=u:object_r:system_adbd_prop:s0 tclass=file permissive=0 app=com.google.android.gms
[ 1735.135180] type=1400 audit(1790138313.215:95): avc:  denied  { read } for  comm="binder:3596_2" name="u:object_r:adbd_prop:s0" dev="tmpfs" ino=63 scontext=u:r:gmscore_app:s0:c512,c768 tcontext=u:object_r:adbd_prop:s0 tclass=file permissive=0 app=com.google.android.gms
[ 1759.074374] healthd: battery l=100 v=5000 t=25.0 h=2 st=2 c=900000 fc=3000000 cc=10 chg=a
[ 1819.074442] healthd: battery l=100 v=5000 t=25.0 h=2 st=2 c=900000 fc=3000000 cc=10 chg=a
[ 1879.073854] healthd: battery l=100 v=5000 t=25.0 h=2 st=2 c=900000 fc=3000000 cc=10 chg=a
[ 1939.073905] healthd: battery l=100 v=5000 t=25.0 h=2 st=2 c=900000 fc=3000000 cc=10 chg=a
[ 1999.074835] healthd: battery l=100 v=5000 t=25.0 h=2 st=2 c=900000 fc=3000000 cc=10 chg=a
[ 2059.073988] healthd: battery l=100 v=5000 t=25.0 h=2 st=2 c=900000 fc=3000000 cc=10 chg=a
[ 2119.074370] healthd: battery l=100 v=5000 t=25.0 h=2 st=2 c=900000 fc=3000000 cc=10 chg=a
[ 2179.073172] healthd: battery l=100 v=5000 t=25.0 h=2 st=2 c=900000 fc=3000000 cc=10 chg=a
[ 2239.072886] healthd: battery l=100 v=5000 t=25.0 h=2 st=2 c=900000 fc=3000000 cc=10 chg=a
[ 2299.076140] healthd: battery l=100 v=5000 t=25.0 h=2 st=2 c=900000 fc=3000000 cc=10 chg=a
[ 2359.075255] healthd: battery l=100 v=5000 t=25.0 h=2 st=2 c=900000 fc=3000000 cc=10 chg=a
[ 2419.074015] healthd: battery l=100 v=5000 t=25.0 h=2 st=2 c=900000 fc=3000000 cc=10 chg=a
[ 2479.073198] healthd: battery l=100 v=5000 t=25.0 h=2 st=2 c=900000 fc=3000000 cc=10 chg=a
[ 2539.074326] healthd: battery l=100 v=5000 t=25.0 h=2 st=2 c=900000 fc=3000000 cc=10 chg=a
[ 2599.075337] healthd: battery l=100 v=5000 t=25.0 h=2 st=2 c=900000 fc=3000000 cc=10 chg=a
[ 2659.074252] healthd: battery l=100 v=5000 t=25.0 h=2 st=2 c=900000 fc=3000000 cc=10 chg=a
[ 2678.467018] servicemanager: Caller(pid=248,uid=1017,sid=u:r:keystore:s0) Found android.hardware.security.keymint.IRemotelyProvisionedComponent/default in device VINTF manifest.
[ 2678.593339] servicemanager: Caller(pid=4094,uid=10190,sid=u:r:rkpdapp:s0:c190,c256,c512,c768) Found android.hardware.security.keymint.IRemotelyProvisionedComponent/default in device VINTF manifest.
[ 2678.729076] servicemanager: Caller(pid=248,uid=1017,sid=u:r:keystore:s0) Found android.hardware.security.keymint.IRemotelyProvisionedComponent/default in device VINTF manifest.
[ 2679.079433] type=1400 audit(1790139257.259:96): avc:  denied  { read } for  comm="binder:3596_F" name="u:object_r:system_adbd_prop:s0" dev="tmpfs" ino=338 scontext=u:r:gmscore_app:s0:c512,c768 tcontext=u:object_r:system_adbd_prop:s0 tclass=file permissive=0 app=com.google.android.gms
[ 2679.200368] type=1400 audit(1790139257.263:97): avc:  denied  { read } for  comm="binder:3596_F" name="u:object_r:adbd_prop:s0" dev="tmpfs" ino=63 scontext=u:r:gmscore_app:s0:c512,c768 tcontext=u:object_r:adbd_prop:s0 tclass=file permissive=0 app=com.google.android.gms
[ 2719.073849] healthd: battery l=100 v=5000 t=25.0 h=2 st=2 c=900000 fc=3000000 cc=10 chg=a
[ 2751.080110] servicemanager: Caller(pid=248,uid=1017,sid=u:r:keystore:s0) Found android.hardware.security.keymint.IRemotelyProvisionedComponent/default in device VINTF manifest.
[ 2751.224295] servicemanager: Caller(pid=4094,uid=10190,sid=u:r:rkpdapp:s0:c190,c256,c512,c768) Found android.hardware.security.keymint.IRemotelyProvisionedComponent/default in device VINTF manifest.
[ 2751.346198] servicemanager: Caller(pid=248,uid=1017,sid=u:r:keystore:s0) Found android.hardware.security.keymint.IRemotelyProvisionedComponent/default in device VINTF manifest.
[ 2751.560421] type=1400 audit(1790139329.743:98): avc:  denied  { read } for  comm="binder:3596_D" name="u:object_r:system_adbd_prop:s0" dev="tmpfs" ino=338 scontext=u:r:gmscore_app:s0:c512,c768 tcontext=u:object_r:system_adbd_prop:s0 tclass=file permissive=0 app=com.google.android.gms
[ 2751.669210] type=1400 audit(1790139329.743:99): avc:  denied  { read } for  comm="binder:3596_D" name="u:object_r:adbd_prop:s0" dev="tmpfs" ino=63 scontext=u:r:gmscore_app:s0:c512,c768 tcontext=u:object_r:adbd_prop:s0 tclass=file permissive=0 app=com.google.android.gms
[ 2779.074492] healthd: battery l=100 v=5000 t=25.0 h=2 st=2 c=900000 fc=3000000 cc=10 chg=a
[ 2839.073941] healthd: battery l=100 v=5000 t=25.0 h=2 st=2 c=900000 fc=3000000 cc=10 chg=a
[ 2899.074434] healthd: battery l=100 v=5000 t=25.0 h=2 st=2 c=900000 fc=3000000 cc=10 chg=a
[ 2959.074152] healthd: battery l=100 v=5000 t=25.0 h=2 st=2 c=900000 fc=3000000 cc=10 chg=a
[ 3019.074006] healthd: battery l=100 v=5000 t=25.0 h=2 st=2 c=900000 fc=3000000 cc=10 chg=a
[ 3079.073214] healthd: battery l=100 v=5000 t=25.0 h=2 st=2 c=900000 fc=3000000 cc=10 chg=a
[ 3139.075103] healthd: battery l=100 v=5000 t=25.0 h=2 st=2 c=900000 fc=3000000 cc=10 chg=a
[ 3199.074769] healthd: battery l=100 v=5000 t=25.0 h=2 st=2 c=900000 fc=3000000 cc=10 chg=a
[ 3259.074275] healthd: battery l=100 v=5000 t=25.0 h=2 st=2 c=900000 fc=3000000 cc=10 chg=a
[ 3319.073500] healthd: battery l=100 v=5000 t=25.0 h=2 st=2 c=900000 fc=3000000 cc=10 chg=a
[ 3379.075041] healthd: battery l=100 v=5000 t=25.0 h=2 st=2 c=900000 fc=3000000 cc=10 chg=a
[ 3439.074759] healthd: battery l=100 v=5000 t=25.0 h=2 st=2 c=900000 fc=3000000 cc=10 chg=a
[ 3499.074850] healthd: battery l=100 v=5000 t=25.0 h=2 st=2 c=900000 fc=3000000 cc=10 chg=a
[ 3559.074934] healthd: battery l=100 v=5000 t=25.0 h=2 st=2 c=900000 fc=3000000 cc=10 chg=a
[ 3619.073971] healthd: battery l=100 v=5000 t=25.0 h=2 st=2 c=900000 fc=3000000 cc=10 chg=a
[ 3679.074009] healthd: battery l=100 v=5000 t=25.0 h=2 st=2 c=900000 fc=3000000 cc=10 chg=a
[ 3739.074283] healthd: battery l=100 v=5000 t=25.0 h=2 st=2 c=900000 fc=3000000 cc=10 chg=a
[ 3799.073988] healthd: battery l=100 v=5000 t=25.0 h=2 st=2 c=900000 fc=3000000 cc=10 chg=a
[ 3859.074611] healthd: battery l=100 v=5000 t=25.0 h=2 st=2 c=900000 fc=3000000 cc=10 chg=a
[ 3919.073911] healthd: battery l=100 v=5000 t=25.0 h=2 st=2 c=900000 fc=3000000 cc=10 chg=a
[ 3979.073991] healthd: battery l=100 v=5000 t=25.0 h=2 st=2 c=900000 fc=3000000 cc=10 chg=a
[ 4039.073179] healthd: battery l=100 v=5000 t=25.0 h=2 st=2 c=900000 fc=3000000 cc=10 chg=a
[ 4065.670383] logd: logdr: UID=2000 GID=2000 PID=7515 b tail=0 logMask=11 pid=0 start=1790140643000000000ns deadline=0ns
[ 4066.995958] type=1400 audit(1790140645.175:100): avc:  denied  { getopt } for  comm="binder:703_13" scontext=u:r:system_server:s0 tcontext=u:r:shell:s0 tclass=unix_stream_socket permissive=0
[ 4067.079829] type=1400 audit(1790140645.207:101): avc:  denied  { getopt } for  comm="binder:703_13" scontext=u:r:system_server:s0 tcontext=u:r:shell:s0 tclass=unix_stream_socket permissive=0
[ 4067.182920] type=1400 audit(1790140645.207:102): avc:  denied  { getopt } for  comm="binder:703_13" scontext=u:r:system_server:s0 tcontext=u:r:shell:s0 tclass=unix_stream_socket permissive=0
[ 4067.546815] type=1400 audit(1790140645.731:103): avc:  denied  { getopt } for  comm="binder:703_13" scontext=u:r:system_server:s0 tcontext=u:r:shell:s0 tclass=unix_stream_socket permissive=0
[ 4067.985791] servicemanager: Caller(pid=703,uid=1000,sid=u:r:system_server:s0) Since 'artd' could not be found trying to start it as a lazy AIDL service. (if it's not configured to be a lazy service, it may be stuck starting or still starting).
[ 4068.098644] init: starting service 'artd'...
[ 4068.251999] init: ... started service 'artd' has pid 7574
[ 4068.279288] init: Control message: Processed ctl.interface_start for 'aidl/artd' from pid: 216 (/system/bin/servicemanager)
[ 4068.546541] BpBinder: onLastStrongRef automatically unlinking death recipients: 
[ 4068.578611] servicemanager: Notifying artd they do (previously: don't) have clients when service is guaranteed to be in use
[ 4068.879502] logd: start watching /data/system/packages.list ...
[ 4068.920345] logd: ReadPackageList, total packages: 224
[ 4068.972907] type=1400 audit(1790140647.155:104): avc:  denied  { getopt } for  comm="binder:703_13" scontext=u:r:system_server:s0 tcontext=u:r:shell:s0 tclass=unix_stream_socket permissive=0
[ 4069.055972] type=1400 audit(1790140647.239:105): avc:  denied  { getopt } for  comm="binder:703_13" scontext=u:r:system_server:s0 tcontext=u:r:shell:s0 tclass=unix_stream_socket permissive=0
[ 4069.139606] type=1400 audit(1790140647.239:106): avc:  denied  { getopt } for  comm="binder:703_13" scontext=u:r:system_server:s0 tcontext=u:r:shell:s0 tclass=unix_stream_socket permissive=0
[ 4069.341747] type=1400 audit(1790140647.495:107): avc:  denied  { getopt } for  comm="binder:703_18" scontext=u:r:system_server:s0 tcontext=u:r:shell:s0 tclass=unix_stream_socket permissive=0
[ 4069.755285] type=1400 audit(1790140647.507:108): avc:  denied  { getopt } for  comm="binder:703_18" scontext=u:r:system_server:s0 tcontext=u:r:shell:s0 tclass=unix_stream_socket permissive=0
[ 4069.910862] type=1400 audit(1790140647.507:109): avc:  denied  { getopt } for  comm="binder:703_18" scontext=u:r:system_server:s0 tcontext=u:r:shell:s0 tclass=unix_stream_socket permissive=0
[ 4070.328728] type=1400 audit(1790140648.511:110): avc:  denied  { getopt } for  comm="binder:703_17" scontext=u:r:system_server:s0 tcontext=u:r:shell:s0 tclass=unix_stream_socket permissive=0
[ 4071.990315] logd: start watching /data/system/packages.list ...
[ 4072.036592] logd: ReadPackageList, total packages: 225
[ 4072.359003] type=1400 audit(1790140650.543:111): avc:  denied  { getopt } for  comm="binder:703_17" scontext=u:r:system_server:s0 tcontext=u:r:shell:s0 tclass=unix_stream_socket permissive=0
[ 4072.439320] type=1400 audit(1790140650.619:112): avc:  denied  { getopt } for  comm="binder:703_17" scontext=u:r:system_server:s0 tcontext=u:r:shell:s0 tclass=unix_stream_socket permissive=0
[ 4072.541953] type=1400 audit(1790140650.619:113): avc:  denied  { getopt } for  comm="binder:703_17" scontext=u:r:system_server:s0 tcontext=u:r:shell:s0 tclass=unix_stream_socket permissive=0
[ 4088.168658] servicemanager: Caller(pid=7649,uid=10222,sid=u:r:untrusted_app:s0:c222,c256,c512,c768) Found android.hardware.graphics.allocator.IAllocator/default in device VINTF manifest.
[ 4088.309896] servicemanager: Caller(pid=7649,uid=10222,sid=u:r:untrusted_app:s0:c222,c256,c512,c768) Found android.hardware.graphics.allocator.IAllocator/default in device VINTF manifest.
[ 4088.468355] servicemanager: Caller(pid=7649,uid=10222,sid=u:r:untrusted_app:s0:c222,c256,c512,c768) Found mapper/ranchu in device VINTF manifest.
[ 4095.532617] servicemanager: Caller(pid=7682,uid=10223,sid=u:r:untrusted_app:s0:c223,c256,c512,c768) Found android.hardware.graphics.allocator.IAllocator/default in device VINTF manifest.
[ 4095.629820] servicemanager: Caller(pid=7682,uid=10223,sid=u:r:untrusted_app:s0:c223,c256,c512,c768) Found android.hardware.graphics.allocator.IAllocator/default in device VINTF manifest.
[ 4095.712066] servicemanager: Caller(pid=7682,uid=10223,sid=u:r:untrusted_app:s0:c223,c256,c512,c768) Found mapper/ranchu in device VINTF manifest.
[ 4099.093169] healthd: battery l=100 v=5000 t=25.0 h=2 st=2 c=900000 fc=3000000 cc=10 chg=a
[ 4099.542579] binder: 703:2553 ioctl 400c620e 7016277f7f6c returned -11
[ 4099.578937] binder: 703:2553 ioctl 400c620e 7016277f7f6c returned -11
[ 4099.649410] binder: undelivered TRANSACTION_COMPLETE
[ 4099.682707] binder: undelivered transaction 690962, process died.
[ 4101.391311] logd: start watching /data/system/packages.list ...
[ 4101.427329] logd: ReadPackageList, total packages: 224
[ 4102.112975] logd: start watching /data/system/packages.list ...
[ 4102.197656] logd: ReadPackageList, total packages: 223
[ 4104.161819] servicemanager: Caller(pid=703,uid=1000,sid=u:r:system_server:s0) Since 'android.system.virtualizationmaintenance' could not be found trying to start it as a lazy AIDL service. (if it's not configured to be a lazy service, it may be stuck starting or still starting).
[ 4104.354104] init: starting service 'virtualizationservice'...
[ 4104.550000] init: ... started service 'virtualizationservice' has pid 7826
[ 4104.636707] init: Control message: Processed ctl.interface_start for 'aidl/android.system.virtualizationmaintenance' from pid: 216 (/system/bin/servicemanager)
[ 4104.720249] servicemanager: Caller(pid=7826,uid=1000,sid=u:r:virtualizationservice:s0) Could not find android.hardware.security.secretkeeper.ISecretkeeper/default in the VINTF manifest. No alternative instances declared in VINTF.
[ 4104.871529] servicemanager: Caller(pid=7826,uid=1000,sid=u:r:virtualizationservice:s0) Could not find android.hardware.security.keymint.IRemotelyProvisionedComponent/avf in the VINTF manifest. VINTF declared instances: default.
[ 4104.996430] servicemanager: Notifying android.system.virtualizationmaintenance they do (previously: don't) have clients when service is guaranteed to be in use
[ 4105.125205] BpBinder: onLastStrongRef automatically unlinking death recipients: 
[ 4108.615072] servicemanager: Notifying android.system.virtualizationmaintenance they don't (previously: do) have clients when we now have no record of a client
[ 4108.696537] servicemanager: Caller(pid=7826,uid=1000,sid=u:r:virtualizationservice:s0) Unregistering android.system.virtualizationmaintenance
[ 4108.760338] BpBinder: onLastStrongRef automatically unlinking death recipients: 
[ 4108.804388] servicemanager: Caller(pid=7826,uid=1000,sid=u:r:virtualizationservice:s0) Unregistering android.system.virtualizationservice
[ 4108.878690] BpBinder: onLastStrongRef automatically unlinking death recipients: 
[ 4108.935399] init: Service 'virtualizationservice' (pid 7826) exited with status 0 oneshot service took 4.508000 seconds in background
[ 4109.007960] init: Sending signal 9 to service 'virtualizationservice' (pid 7826) process group...
[ 4109.066910] libprocessgroup: Removed cgroup /sys/fs/cgroup/system/uid_1000/pid_7826
[ 4111.333509] logd: start watching /data/system/packages.list ...
[ 4111.354387] logd: ReadPackageList, total packages: 223
[ 4159.074236] healthd: battery l=100 v=5000 t=25.0 h=2 st=2 c=900000 fc=3000000 cc=10 chg=a
[ 4219.073782] healthd: battery l=100 v=5000 t=25.0 h=2 st=2 c=900000 fc=3000000 cc=10 chg=a
[ 4230.387111] logd: logdr: UID=2000 GID=2000 PID=7866 b tail=0 logMask=11 pid=0 start=1790140808000000000ns deadline=0ns
[ 4231.492634] type=1400 audit(1790140809.675:114): avc:  denied  { getopt } for  comm="binder:703_15" scontext=u:r:system_server:s0 tcontext=u:r:shell:s0 tclass=unix_stream_socket permissive=0
[ 4231.579290] type=1400 audit(1790140809.675:115): avc:  denied  { getopt } for  comm="binder:703_15" scontext=u:r:system_server:s0 tcontext=u:r:shell:s0 tclass=unix_stream_socket permissive=0
[ 4231.663381] type=1400 audit(1790140809.675:116): avc:  denied  { getopt } for  comm="binder:703_15" scontext=u:r:system_server:s0 tcontext=u:r:shell:s0 tclass=unix_stream_socket permissive=0
[ 4231.915672] type=1400 audit(1790140810.099:117): avc:  denied  { getopt } for  comm="binder:703_15" scontext=u:r:system_server:s0 tcontext=u:r:shell:s0 tclass=unix_stream_socket permissive=0
[ 4232.192285] logd: start watching /data/system/packages.list ...
[ 4232.227029] logd: ReadPackageList, total packages: 224
[ 4232.254415] type=1400 audit(1790140810.435:118): avc:  denied  { getopt } for  comm="binder:703_15" scontext=u:r:system_server:s0 tcontext=u:r:shell:s0 tclass=unix_stream_socket permissive=0
[ 4232.340764] type=1400 audit(1790140810.439:119): avc:  denied  { getopt } for  comm="binder:703_15" scontext=u:r:system_server:s0 tcontext=u:r:shell:s0 tclass=unix_stream_socket permissive=0
[ 4232.440727] type=1400 audit(1790140810.439:120): avc:  denied  { getopt } for  comm="binder:703_15" scontext=u:r:system_server:s0 tcontext=u:r:shell:s0 tclass=unix_stream_socket permissive=0
[ 4232.449535] audit: audit_lost=3 audit_rate_limit=5 audit_backlog_limit=64
[ 4232.543546] type=1400 audit(1790140810.623:121): avc:  denied  { getopt } for  comm="binder:703_15" scontext=u:r:system_server:s0 tcontext=u:r:shell:s0 tclass=unix_stream_socket permissive=0
[ 4232.585596] audit: rate limit exceeded
[ 4233.892742] logd: start watching /data/system/packages.list ...
[ 4234.037937] logd: ReadPackageList, total packages: 225
[ 4234.227313] type=1400 audit(1790140812.411:125): avc:  denied  { getopt } for  comm="binder:703_15" scontext=u:r:system_server:s0 tcontext=u:r:shell:s0 tclass=unix_stream_socket permissive=0
[ 4234.303457] type=1400 audit(1790140812.451:126): avc:  denied  { getopt } for  comm="binder:703_15" scontext=u:r:system_server:s0 tcontext=u:r:shell:s0 tclass=unix_stream_socket permissive=0
[ 4234.429909] type=1400 audit(1790140812.451:127): avc:  denied  { getopt } for  comm="binder:703_15" scontext=u:r:system_server:s0 tcontext=u:r:shell:s0 tclass=unix_stream_socket permissive=0
[ 4240.301458] servicemanager: Caller(pid=7987,uid=10224,sid=u:r:untrusted_app:s0:c224,c256,c512,c768) Found android.hardware.graphics.allocator.IAllocator/default in device VINTF manifest.
[ 4240.407062] servicemanager: Caller(pid=7987,uid=10224,sid=u:r:untrusted_app:s0:c224,c256,c512,c768) Found android.hardware.graphics.allocator.IAllocator/default in device VINTF manifest.
[ 4240.500598] servicemanager: Caller(pid=7987,uid=10224,sid=u:r:untrusted_app:s0:c224,c256,c512,c768) Found mapper/ranchu in device VINTF manifest.
[ 4247.959134] servicemanager: Caller(pid=8017,uid=10225,sid=u:r:untrusted_app:s0:c225,c256,c512,c768) Found android.hardware.graphics.allocator.IAllocator/default in device VINTF manifest.
[ 4248.053181] servicemanager: Caller(pid=8017,uid=10225,sid=u:r:untrusted_app:s0:c225,c256,c512,c768) Found android.hardware.graphics.allocator.IAllocator/default in device VINTF manifest.
[ 4248.181872] servicemanager: Caller(pid=8017,uid=10225,sid=u:r:untrusted_app:s0:c225,c256,c512,c768) Found mapper/ranchu in device VINTF manifest.
[ 4251.100690] binder: 703:727 ioctl 400c620e 7017001b4f6c returned -11
[ 4251.154041] binder: 703:727 ioctl 400c620e 7017001b4f6c returned -11
[ 4251.254112] binder: undelivered TRANSACTION_COMPLETE
[ 4251.285241] binder: undelivered transaction 718562, process died.
[ 4252.637663] logd: start watching /data/system/packages.list ...
[ 4252.674319] logd: ReadPackageList, total packages: 224
[ 4253.384573] logd: start watching /data/system/packages.list ...
[ 4253.448884] logd: ReadPackageList, total packages: 223
[ 4254.360894] servicemanager: Caller(pid=703,uid=1000,sid=u:r:system_server:s0) Since 'android.system.virtualizationmaintenance' could not be found trying to start it as a lazy AIDL service. (if it's not configured to be a lazy service, it may be stuck starting or still starting).
[ 4254.545514] init: starting service 'virtualizationservice'...
[ 4254.805070] init: ... started service 'virtualizationservice' has pid 8143
[ 4254.854938] init: Control message: Processed ctl.interface_start for 'aidl/android.system.virtualizationmaintenance' from pid: 216 (/system/bin/servicemanager)
[ 4254.936417] servicemanager: Caller(pid=8143,uid=1000,sid=u:r:virtualizationservice:s0) Could not find android.hardware.security.secretkeeper.ISecretkeeper/default in the VINTF manifest. No alternative instances declared in VINTF.
[ 4255.063356] servicemanager: Caller(pid=8143,uid=1000,sid=u:r:virtualizationservice:s0) Could not find android.hardware.security.keymint.IRemotelyProvisionedComponent/avf in the VINTF manifest. VINTF declared instances: default.
[ 4255.176758] servicemanager: Notifying android.system.virtualizationmaintenance they do (previously: don't) have clients when service is guaranteed to be in use
[ 4255.385755] BpBinder: onLastStrongRef automatically unlinking death recipients: 
[ 4262.638237] logd: start watching /data/system/packages.list ...
[ 4262.691525] logd: ReadPackageList, total packages: 223
[ 4279.078068] healthd: battery l=100 v=5000 t=25.0 h=2 st=2 c=900000 fc=3000000 cc=10 chg=a
[ 4339.074720] healthd: battery l=100 v=5000 t=25.0 h=2 st=2 c=900000 fc=3000000 cc=10 chg=a
[ 4399.073779] healthd: battery l=100 v=5000 t=25.0 h=2 st=2 c=900000 fc=3000000 cc=10 chg=a
[ 4459.074972] healthd: battery l=100 v=5000 t=25.0 h=2 st=2 c=900000 fc=3000000 cc=10 chg=a
[ 4519.074591] healthd: battery l=100 v=5000 t=25.0 h=2 st=2 c=900000 fc=3000000 cc=10 chg=a
[ 4579.074624] healthd: battery l=100 v=5000 t=25.0 h=2 st=2 c=900000 fc=3000000 cc=10 chg=a
[ 4639.073231] healthd: battery l=100 v=5000 t=25.0 h=2 st=2 c=900000 fc=3000000 cc=10 chg=a
[ 4699.074135] healthd: battery l=100 v=5000 t=25.0 h=2 st=2 c=900000 fc=3000000 cc=10 chg=a
[ 4756.682097] servicemanager: Caller(pid=248,uid=1017,sid=u:r:keystore:s0) Found android.hardware.security.keymint.IRemotelyProvisionedComponent/default in device VINTF manifest.
[ 4757.215318] servicemanager: Caller(pid=4094,uid=10190,sid=u:r:rkpdapp:s0:c190,c256,c512,c768) Found android.hardware.security.keymint.IRemotelyProvisionedComponent/default in device VINTF manifest.
[ 4757.473022] servicemanager: Caller(pid=248,uid=1017,sid=u:r:keystore:s0) Found android.hardware.security.keymint.IRemotelyProvisionedComponent/default in device VINTF manifest.
[ 4758.026437] type=1400 audit(1790141336.207:128): avc:  denied  { read } for  comm="binder:3596_E" name="u:object_r:system_adbd_prop:s0" dev="tmpfs" ino=338 scontext=u:r:gmscore_app:s0:c512,c768 tcontext=u:object_r:system_adbd_prop:s0 tclass=file permissive=0 app=com.google.android.gms
[ 4758.155162] type=1400 audit(1790141336.303:129): avc:  denied  { read } for  comm="binder:3596_E" name="u:object_r:adbd_prop:s0" dev="tmpfs" ino=63 scontext=u:r:gmscore_app:s0:c512,c768 tcontext=u:object_r:adbd_prop:s0 tclass=file permissive=0 app=com.google.android.gms
[ 4758.296949] servicemanager: Caller(pid=248,uid=1017,sid=u:r:keystore:s0) Found android.hardware.security.keymint.IRemotelyProvisionedComponent/default in device VINTF manifest.
[ 4758.389414] servicemanager: Caller(pid=4094,uid=10190,sid=u:r:rkpdapp:s0:c190,c256,c512,c768) Found android.hardware.security.keymint.IRemotelyProvisionedComponent/default in device VINTF manifest.
[ 4758.505586] servicemanager: Caller(pid=248,uid=1017,sid=u:r:keystore:s0) Found android.hardware.security.keymint.IRemotelyProvisionedComponent/default in device VINTF manifest.
[ 4758.699260] type=1400 audit(1790141336.883:130): avc:  denied  { read } for  comm="binder:3596_C" name="u:object_r:system_adbd_prop:s0" dev="tmpfs" ino=338 scontext=u:r:gmscore_app:s0:c512,c768 tcontext=u:object_r:system_adbd_prop:s0 tclass=file permissive=0 app=com.google.android.gms
[ 4758.821396] type=1400 audit(1790141336.987:131): avc:  denied  { read } for  comm="binder:3596_C" name="u:object_r:adbd_prop:s0" dev="tmpfs" ino=63 scontext=u:r:gmscore_app:s0:c512,c768 tcontext=u:object_r:adbd_prop:s0 tclass=file permissive=0 app=com.google.android.gms
[ 4759.075705] healthd: battery l=100 v=5000 t=25.0 h=2 st=2 c=900000 fc=3000000 cc=10 chg=a
[ 4819.075475] healthd: battery l=100 v=5000 t=25.0 h=2 st=2 c=900000 fc=3000000 cc=10 chg=a
[ 4868.612932] servicemanager: Notifying android.system.virtualizationmaintenance they don't (previously: do) have clients when we now have no record of a client
[ 4868.664504] servicemanager: Notifying artd they don't (previously: do) have clients when we now have no record of a client
[ 4868.706629] servicemanager: Caller(pid=8143,uid=1000,sid=u:r:virtualizationservice:s0) Unregistering android.system.virtualizationmaintenance
[ 4868.758508] BpBinder: onLastStrongRef automatically unlinking death recipients: 
[ 4868.786669] servicemanager: Caller(pid=7574,uid=1082,sid=u:r:artd:s0) Unregistering artd
[ 4868.820313] BpBinder: onLastStrongRef automatically unlinking death recipients: 
[ 4868.849429] servicemanager: Caller(pid=8143,uid=1000,sid=u:r:virtualizationservice:s0) Unregistering android.system.virtualizationservice
[ 4868.896607] BpBinder: onLastStrongRef automatically unlinking death recipients: 
[ 4868.921247] init: Service 'artd' (pid 7574) exited with status 0 oneshot service took 800.739990 seconds in background
[ 4868.982406] init: Sending signal 9 to service 'artd' (pid 7574) process group...
[ 4869.019400] libprocessgroup: Removed cgroup /sys/fs/cgroup/system/uid_1082/pid_7574
[ 4869.059765] init: Service 'virtualizationservice' (pid 8143) exited with status 0 oneshot service took 614.416016 seconds in background
[ 4869.126368] init: Sending signal 9 to service 'virtualizationservice' (pid 8143) process group...
[ 4869.170192] libprocessgroup: Removed cgroup /sys/fs/cgroup/system/uid_1000/pid_8143
[ 4879.075693] healthd: battery l=100 v=5000 t=25.0 h=2 st=2 c=900000 fc=3000000 cc=10 chg=a
[ 4939.073812] healthd: battery l=100 v=5000 t=25.0 h=2 st=2 c=900000 fc=3000000 cc=10 chg=a
[ 4999.075878] healthd: battery l=100 v=5000 t=25.0 h=2 st=2 c=900000 fc=3000000 cc=10 chg=a
[ 5059.075043] healthd: battery l=100 v=5000 t=25.0 h=2 st=2 c=900000 fc=3000000 cc=10 chg=a
[ 5119.075624] healthd: battery l=100 v=5000 t=25.0 h=2 st=2 c=900000 fc=3000000 cc=10 chg=a
[ 5179.074783] healthd: battery l=100 v=5000 t=25.0 h=2 st=2 c=900000 fc=3000000 cc=10 chg=a
[ 5239.074746] healthd: battery l=100 v=5000 t=25.0 h=2 st=2 c=900000 fc=3000000 cc=10 chg=a
[ 5275.973248] logd: logdr: UID=2000 GID=2000 PID=8257 b tail=0 logMask=11 pid=0 start=1790141854000000000ns deadline=0ns
[ 5277.055518] type=1400 audit(1790141855.239:132): avc:  denied  { getopt } for  comm="binder:703_20" scontext=u:r:system_server:s0 tcontext=u:r:shell:s0 tclass=unix_stream_socket permissive=0
[ 5277.132909] type=1400 audit(1790141855.239:133): avc:  denied  { getopt } for  comm="binder:703_20" scontext=u:r:system_server:s0 tcontext=u:r:shell:s0 tclass=unix_stream_socket permissive=0
[ 5277.199433] type=1400 audit(1790141855.239:134): avc:  denied  { getopt } for  comm="binder:703_20" scontext=u:r:system_server:s0 tcontext=u:r:shell:s0 tclass=unix_stream_socket permissive=0
[ 5277.415058] type=1400 audit(1790141855.595:135): avc:  denied  { getopt } for  comm="binder:703_20" scontext=u:r:system_server:s0 tcontext=u:r:shell:s0 tclass=unix_stream_socket permissive=0
[ 5277.519892] servicemanager: Caller(pid=703,uid=1000,sid=u:r:system_server:s0) Since 'artd' could not be found trying to start it as a lazy AIDL service. (if it's not configured to be a lazy service, it may be stuck starting or still starting).
[ 5277.608179] init: starting service 'artd'...
[ 5277.661297] init: ... started service 'artd' has pid 8315
[ 5277.686787] init: Control message: Processed ctl.interface_start for 'aidl/artd' from pid: 216 (/system/bin/servicemanager)
[ 5277.761866] BpBinder: onLastStrongRef automatically unlinking death recipients: 
[ 5277.796233] servicemanager: Notifying artd they do (previously: don't) have clients when service is guaranteed to be in use
[ 5277.915092] logd: start watching /data/system/packages.list ...
[ 5277.955301] logd: ReadPackageList, total packages: 224
[ 5278.026044] type=1400 audit(1790141856.207:136): avc:  denied  { getopt } for  comm="binder:703_20" scontext=u:r:system_server:s0 tcontext=u:r:shell:s0 tclass=unix_stream_socket permissive=0
[ 5278.118326] type=1400 audit(1790141856.207:137): avc:  denied  { getopt } for  comm="binder:703_20" scontext=u:r:system_server:s0 tcontext=u:r:shell:s0 tclass=unix_stream_socket permissive=0
[ 5278.210905] audit: audit_lost=6 audit_rate_limit=5 audit_backlog_limit=64
[ 5278.219485] type=1400 audit(1790141856.207:138): avc:  denied  { getopt } for  comm="binder:703_20" scontext=u:r:system_server:s0 tcontext=u:r:shell:s0 tclass=unix_stream_socket permissive=0
[ 5278.249761] audit: rate limit exceeded
[ 5278.305082] type=1400 audit(1790141856.395:139): avc:  denied  { getopt } for  comm="binder:703_20" scontext=u:r:system_server:s0 tcontext=u:r:shell:s0 tclass=unix_stream_socket permissive=0
[ 5278.431799] type=1400 audit(1790141856.615:141): avc:  denied  { getopt } for  comm="binder:703_20" scontext=u:r:system_server:s0 tcontext=u:r:shell:s0 tclass=unix_stream_socket permissive=0
[ 5278.798005] type=1400 audit(1790141856.979:142): avc:  denied  { getopt } for  comm="binder:703_B" scontext=u:r:system_server:s0 tcontext=u:r:shell:s0 tclass=unix_stream_socket permissive=0
[ 5279.769040] logd: start watching /data/system/packages.list ...
[ 5279.867716] logd: ReadPackageList, total packages: 225
[ 5279.971728] type=1400 audit(1790141858.143:143): avc:  denied  { getopt } for  comm="binder:703_B" scontext=u:r:system_server:s0 tcontext=u:r:shell:s0 tclass=unix_stream_socket permissive=0
[ 5280.110498] type=1400 audit(1790141858.143:144): avc:  denied  { getopt } for  comm="binder:703_B" scontext=u:r:system_server:s0 tcontext=u:r:shell:s0 tclass=unix_stream_socket permissive=0
[ 5280.252512] type=1400 audit(1790141858.143:145): avc:  denied  { getopt } for  comm="binder:703_B" scontext=u:r:system_server:s0 tcontext=u:r:shell:s0 tclass=unix_stream_socket permissive=0
[ 5286.015562] servicemanager: Caller(pid=8392,uid=10226,sid=u:r:untrusted_app:s0:c226,c256,c512,c768) Found android.hardware.graphics.allocator.IAllocator/default in device VINTF manifest.
[ 5286.095654] servicemanager: Caller(pid=8392,uid=10226,sid=u:r:untrusted_app:s0:c226,c256,c512,c768) Found android.hardware.graphics.allocator.IAllocator/default in device VINTF manifest.
[ 5286.172079] servicemanager: Caller(pid=8392,uid=10226,sid=u:r:untrusted_app:s0:c226,c256,c512,c768) Found mapper/ranchu in device VINTF manifest.
[ 5290.159166] servicemanager: Caller(pid=8419,uid=10227,sid=u:r:untrusted_app:s0:c227,c256,c512,c768) Found android.hardware.graphics.allocator.IAllocator/default in device VINTF manifest.
[ 5290.242120] servicemanager: Caller(pid=8419,uid=10227,sid=u:r:untrusted_app:s0:c227,c256,c512,c768) Found android.hardware.graphics.allocator.IAllocator/default in device VINTF manifest.
[ 5290.333605] servicemanager: Caller(pid=8419,uid=10227,sid=u:r:untrusted_app:s0:c227,c256,c512,c768) Found mapper/ranchu in device VINTF manifest.
[ 5292.876695] binder: 703:2100 ioctl 400c620e 70164e2fbf6c returned -11
[ 5292.924465] binder: 703:2100 ioctl 400c620e 70164e2fbf6c returned -11
[ 5293.025503] binder: undelivered TRANSACTION_COMPLETE
[ 5293.066775] binder: undelivered transaction 803929, process died.
[ 5294.389202] logd: start watching /data/system/packages.list ...
[ 5294.423848] logd: ReadPackageList, total packages: 224
[ 5294.869667] logd: start watching /data/system/packages.list ...
[ 5294.927730] logd: ReadPackageList, total packages: 223
[ 5295.922706] servicemanager: Caller(pid=703,uid=1000,sid=u:r:system_server:s0) Since 'android.system.virtualizationmaintenance' could not be found trying to start it as a lazy AIDL service. (if it's not configured to be a lazy service, it may be stuck starting or still starting).
[ 5296.057969] init: starting service 'virtualizationservice'...
[ 5296.135627] init: ... started service 'virtualizationservice' has pid 8553
[ 5296.163301] init: Control message: Processed ctl.interface_start for 'aidl/android.system.virtualizationmaintenance' from pid: 216 (/system/bin/servicemanager)
[ 5296.231795] servicemanager: Caller(pid=8553,uid=1000,sid=u:r:virtualizationservice:s0) Could not find android.hardware.security.secretkeeper.ISecretkeeper/default in the VINTF manifest. No alternative instances declared in VINTF.
[ 5296.335771] servicemanager: Caller(pid=8553,uid=1000,sid=u:r:virtualizationservice:s0) Could not find android.hardware.security.keymint.IRemotelyProvisionedComponent/avf in the VINTF manifest. VINTF declared instances: default.
[ 5296.441122] servicemanager: Notifying android.system.virtualizationmaintenance they do (previously: don't) have clients when service is guaranteed to be in use
[ 5296.526906] BpBinder: onLastStrongRef automatically unlinking death recipients: 
[ 5299.074039] healthd: battery l=100 v=5000 t=25.0 h=2 st=2 c=900000 fc=3000000 cc=10 chg=a
[ 5304.380757] logd: start watching /data/system/packages.list ...
[ 5304.404732] logd: ReadPackageList, total packages: 223
[ 5359.074715] healthd: battery l=100 v=5000 t=25.0 h=2 st=2 c=900000 fc=3000000 cc=10 chg=a
[ 5419.074518] healthd: battery l=100 v=5000 t=25.0 h=2 st=2 c=900000 fc=3000000 cc=10 chg=a
[ 5479.074329] healthd: battery l=100 v=5000 t=25.0 h=2 st=2 c=900000 fc=3000000 cc=10 chg=a
[ 5539.073453] healthd: battery l=100 v=5000 t=25.0 h=2 st=2 c=900000 fc=3000000 cc=10 chg=a
[ 5599.073024] healthd: battery l=100 v=5000 t=25.0 h=2 st=2 c=900000 fc=3000000 cc=10 chg=a
[ 5659.074822] healthd: battery l=100 v=5000 t=25.0 h=2 st=2 c=900000 fc=3000000 cc=10 chg=a
[ 5719.074298] healthd: battery l=100 v=5000 t=25.0 h=2 st=2 c=900000 fc=3000000 cc=10 chg=a
[ 5779.075375] healthd: battery l=100 v=5000 t=25.0 h=2 st=2 c=900000 fc=3000000 cc=10 chg=a
[ 5839.074510] healthd: battery l=100 v=5000 t=25.0 h=2 st=2 c=900000 fc=3000000 cc=10 chg=a
[ 5899.074627] healthd: battery l=100 v=5000 t=25.0 h=2 st=2 c=900000 fc=3000000 cc=10 chg=a
[ 5959.073888] healthd: battery l=100 v=5000 t=25.0 h=2 st=2 c=900000 fc=3000000 cc=10 chg=a
[ 5973.613141] servicemanager: Notifying android.system.virtualizationmaintenance they don't (previously: do) have clients when we now have no record of a client
[ 5973.659720] servicemanager: Notifying artd they don't (previously: do) have clients when we now have no record of a client
[ 5973.686612] servicemanager: Caller(pid=8553,uid=1000,sid=u:r:virtualizationservice:s0) Unregistering android.system.virtualizationmaintenance
[ 5973.718738] BpBinder: onLastStrongRef automatically unlinking death recipients: 
[ 5973.738198] servicemanager: Caller(pid=8315,uid=1082,sid=u:r:artd:s0) Unregistering artd
[ 5973.759326] BpBinder: onLastStrongRef automatically unlinking death recipients: 
[ 5973.778034] servicemanager: Caller(pid=8553,uid=1000,sid=u:r:virtualizationservice:s0) Unregistering android.system.virtualizationservice
[ 5973.809431] BpBinder: onLastStrongRef automatically unlinking death recipients: 
[ 5973.816938] init: Service 'artd' (pid 8315) exited with status 0 oneshot service took 696.184021 seconds in background
[ 5973.854768] init: Sending signal 9 to service 'artd' (pid 8315) process group...
[ 5973.873716] libprocessgroup: Removed cgroup /sys/fs/cgroup/system/uid_1082/pid_8315
[ 5973.895260] init: Service 'virtualizationservice' (pid 8553) exited with status 0 oneshot service took 677.789001 seconds in background
[ 5973.925700] init: Sending signal 9 to service 'virtualizationservice' (pid 8553) process group...
[ 5973.955623] libprocessgroup: Removed cgroup /sys/fs/cgroup/system/uid_1000/pid_8553
[ 6019.074186] healthd: battery l=100 v=5000 t=25.0 h=2 st=2 c=900000 fc=3000000 cc=10 chg=a
[ 6079.074152] healthd: battery l=100 v=5000 t=25.0 h=2 st=2 c=900000 fc=3000000 cc=10 chg=a
[ 6139.073445] healthd: battery l=100 v=5000 t=25.0 h=2 st=2 c=900000 fc=3000000 cc=10 chg=a
[ 6199.076104] healthd: battery l=100 v=5000 t=25.0 h=2 st=2 c=900000 fc=3000000 cc=10 chg=a
[ 6259.074599] healthd: battery l=100 v=5000 t=25.0 h=2 st=2 c=900000 fc=3000000 cc=10 chg=a
[ 6319.073754] healthd: battery l=100 v=5000 t=25.0 h=2 st=2 c=900000 fc=3000000 cc=10 chg=a
[ 6379.074631] healthd: battery l=100 v=5000 t=25.0 h=2 st=2 c=900000 fc=3000000 cc=10 chg=a
[ 6439.074038] healthd: battery l=100 v=5000 t=25.0 h=2 st=2 c=900000 fc=3000000 cc=10 chg=a
[ 6499.074662] healthd: battery l=100 v=5000 t=25.0 h=2 st=2 c=900000 fc=3000000 cc=10 chg=a
[ 6559.072505] healthd: battery l=100 v=5000 t=25.0 h=2 st=2 c=900000 fc=3000000 cc=10 chg=a
[ 6619.074206] healthd: battery l=100 v=5000 t=25.0 h=2 st=2 c=900000 fc=3000000 cc=10 chg=a
[ 6679.075033] healthd: battery l=100 v=5000 t=25.0 h=2 st=2 c=900000 fc=3000000 cc=10 chg=a
[ 6739.075604] healthd: battery l=100 v=5000 t=25.0 h=2 st=2 c=900000 fc=3000000 cc=10 chg=a
[ 6799.074105] healthd: battery l=100 v=5000 t=25.0 h=2 st=2 c=900000 fc=3000000 cc=10 chg=a
[ 6859.074160] healthd: battery l=100 v=5000 t=25.0 h=2 st=2 c=900000 fc=3000000 cc=10 chg=a
[ 6919.073500] healthd: battery l=100 v=5000 t=25.0 h=2 st=2 c=900000 fc=3000000 cc=10 chg=a
[ 6979.074109] healthd: battery l=100 v=5000 t=25.0 h=2 st=2 c=900000 fc=3000000 cc=10 chg=a
[ 7039.072844] healthd: battery l=100 v=5000 t=25.0 h=2 st=2 c=900000 fc=3000000 cc=10 chg=a
[ 7099.073757] healthd: battery l=100 v=5000 t=25.0 h=2 st=2 c=900000 fc=3000000 cc=10 chg=a
[ 7159.072903] healthd: battery l=100 v=5000 t=25.0 h=2 st=2 c=900000 fc=3000000 cc=10 chg=a
[ 7219.074665] healthd: battery l=100 v=5000 t=25.0 h=2 st=2 c=900000 fc=3000000 cc=10 chg=a
[ 7279.074165] healthd: battery l=100 v=5000 t=25.0 h=2 st=2 c=900000 fc=3000000 cc=10 chg=a
[ 7339.073645] healthd: battery l=100 v=5000 t=25.0 h=2 st=2 c=900000 fc=3000000 cc=10 chg=a
[ 7399.073339] healthd: battery l=100 v=5000 t=25.0 h=2 st=2 c=900000 fc=3000000 cc=10 chg=a
[ 7459.073624] healthd: battery l=100 v=5000 t=25.0 h=2 st=2 c=900000 fc=3000000 cc=10 chg=a
[ 7519.073845] healthd: battery l=100 v=5000 t=25.0 h=2 st=2 c=900000 fc=3000000 cc=10 chg=a
[ 7579.073246] healthd: battery l=100 v=5000 t=25.0 h=2 st=2 c=900000 fc=3000000 cc=10 chg=a
[ 7639.073492] healthd: battery l=100 v=5000 t=25.0 h=2 st=2 c=900000 fc=3000000 cc=10 chg=a
[ 7699.074770] healthd: battery l=100 v=5000 t=25.0 h=2 st=2 c=900000 fc=3000000 cc=10 chg=a
[ 7759.074156] healthd: battery l=100 v=5000 t=25.0 h=2 st=2 c=900000 fc=3000000 cc=10 chg=a
[ 7819.074338] healthd: battery l=100 v=5000 t=25.0 h=2 st=2 c=900000 fc=3000000 cc=10 chg=a
[ 7879.072908] healthd: battery l=100 v=5000 t=25.0 h=2 st=2 c=900000 fc=3000000 cc=10 chg=a
[ 7939.073432] healthd: battery l=100 v=5000 t=25.0 h=2 st=2 c=900000 fc=3000000 cc=10 chg=a
[ 7999.074030] healthd: battery l=100 v=5000 t=25.0 h=2 st=2 c=900000 fc=3000000 cc=10 chg=a
[ 8059.073802] healthd: battery l=100 v=5000 t=25.0 h=2 st=2 c=900000 fc=3000000 cc=10 chg=a
[ 8119.074471] healthd: battery l=100 v=5000 t=25.0 h=2 st=2 c=900000 fc=3000000 cc=10 chg=a
[ 8179.074244] healthd: battery l=100 v=5000 t=25.0 h=2 st=2 c=900000 fc=3000000 cc=10 chg=a
[ 8239.072970] healthd: battery l=100 v=5000 t=25.0 h=2 st=2 c=900000 fc=3000000 cc=10 chg=a
[ 8299.073563] healthd: battery l=100 v=5000 t=25.0 h=2 st=2 c=900000 fc=3000000 cc=10 chg=a
[ 8359.073450] healthd: battery l=100 v=5000 t=25.0 h=2 st=2 c=900000 fc=3000000 cc=10 chg=a
[ 8419.075172] healthd: battery l=100 v=5000 t=25.0 h=2 st=2 c=900000 fc=3000000 cc=10 chg=a
[ 8479.074912] healthd: battery l=100 v=5000 t=25.0 h=2 st=2 c=900000 fc=3000000 cc=10 chg=a
[ 8539.074009] healthd: battery l=100 v=5000 t=25.0 h=2 st=2 c=900000 fc=3000000 cc=10 chg=a
[ 8599.073749] healthd: battery l=100 v=5000 t=25.0 h=2 st=2 c=900000 fc=3000000 cc=10 chg=a
[ 8659.072794] healthd: battery l=100 v=5000 t=25.0 h=2 st=2 c=900000 fc=3000000 cc=10 chg=a
[ 8719.074962] healthd: battery l=100 v=5000 t=25.0 h=2 st=2 c=900000 fc=3000000 cc=10 chg=a
[ 8729.850474] servicemanager: Caller(pid=248,uid=1017,sid=u:r:keystore:s0) Found android.hardware.security.keymint.IRemotelyProvisionedComponent/default in device VINTF manifest.
[ 8729.903589] servicemanager: Caller(pid=248,uid=1017,sid=u:r:keystore:s0) Found android.hardware.security.keymint.IRemotelyProvisionedComponent/default in device VINTF manifest.
[ 8729.985571] servicemanager: Caller(pid=4094,uid=10190,sid=u:r:rkpdapp:s0:c190,c256,c512,c768) Found android.hardware.security.keymint.IRemotelyProvisionedComponent/default in device VINTF manifest.
[ 8730.058554] servicemanager: Caller(pid=4094,uid=10190,sid=u:r:rkpdapp:s0:c190,c256,c512,c768) Found android.hardware.security.keymint.IRemotelyProvisionedComponent/default in device VINTF manifest.
[ 8730.148037] servicemanager: Caller(pid=248,uid=1017,sid=u:r:keystore:s0) Found android.hardware.security.keymint.IRemotelyProvisionedComponent/default in device VINTF manifest.
[ 8730.201942] servicemanager: Caller(pid=248,uid=1017,sid=u:r:keystore:s0) Found android.hardware.security.keymint.IRemotelyProvisionedComponent/default in device VINTF manifest.
[ 8730.333956] type=1400 audit(1790145308.515:146): avc:  denied  { read } for  comm="binder:3596_4" name="u:object_r:system_adbd_prop:s0" dev="tmpfs" ino=338 scontext=u:r:gmscore_app:s0:c512,c768 tcontext=u:object_r:system_adbd_prop:s0 tclass=file permissive=0 app=com.google.android.gms
[ 8730.412415] type=1400 audit(1790145308.519:147): avc:  denied  { read } for  comm="binder:3596_4" name="u:object_r:adbd_prop:s0" dev="tmpfs" ino=63 scontext=u:r:gmscore_app:s0:c512,c768 tcontext=u:object_r:adbd_prop:s0 tclass=file permissive=0 app=com.google.android.gms
[ 8730.495306] type=1400 audit(1790145308.679:148): avc:  denied  { read } for  comm="binder:3596_5" name="u:object_r:system_adbd_prop:s0" dev="tmpfs" ino=338 scontext=u:r:gmscore_app:s0:c512,c768 tcontext=u:object_r:system_adbd_prop:s0 tclass=file permissive=0 app=com.google.android.gms
[ 8730.559689] type=1400 audit(1790145308.683:149): avc:  denied  { read } for  comm="binder:3596_5" name="u:object_r:adbd_prop:s0" dev="tmpfs" ino=63 scontext=u:r:gmscore_app:s0:c512,c768 tcontext=u:object_r:adbd_prop:s0 tclass=file permissive=0 app=com.google.android.gms
[ 8779.073404] healthd: battery l=100 v=5000 t=25.0 h=2 st=2 c=900000 fc=3000000 cc=10 chg=a
[ 8839.073514] healthd: battery l=100 v=5000 t=25.0 h=2 st=2 c=900000 fc=3000000 cc=10 chg=a
[ 8899.074977] healthd: battery l=100 v=5000 t=25.0 h=2 st=2 c=900000 fc=3000000 cc=10 chg=a
[ 8959.074111] healthd: battery l=100 v=5000 t=25.0 h=2 st=2 c=900000 fc=3000000 cc=10 chg=a
[ 9019.072868] healthd: battery l=100 v=5000 t=25.0 h=2 st=2 c=900000 fc=3000000 cc=10 chg=a
[ 9079.073481] healthd: battery l=100 v=5000 t=25.0 h=2 st=2 c=900000 fc=3000000 cc=10 chg=a
[ 9139.074105] healthd: battery l=100 v=5000 t=25.0 h=2 st=2 c=900000 fc=3000000 cc=10 chg=a
[ 9199.074904] healthd: battery l=100 v=5000 t=25.0 h=2 st=2 c=900000 fc=3000000 cc=10 chg=a
[ 9259.075130] healthd: battery l=100 v=5000 t=25.0 h=2 st=2 c=900000 fc=3000000 cc=10 chg=a
[ 9319.072711] healthd: battery l=100 v=5000 t=25.0 h=2 st=2 c=900000 fc=3000000 cc=10 chg=a
[ 9379.073787] healthd: battery l=100 v=5000 t=25.0 h=2 st=2 c=900000 fc=3000000 cc=10 chg=a
[ 9439.074515] healthd: battery l=100 v=5000 t=25.0 h=2 st=2 c=900000 fc=3000000 cc=10 chg=a
[ 9499.073645] healthd: battery l=100 v=5000 t=25.0 h=2 st=2 c=900000 fc=3000000 cc=10 chg=a
[ 9559.073691] healthd: battery l=100 v=5000 t=25.0 h=2 st=2 c=900000 fc=3000000 cc=10 chg=a
[ 9619.073681] healthd: battery l=100 v=5000 t=25.0 h=2 st=2 c=900000 fc=3000000 cc=10 chg=a
[ 9679.074816] healthd: battery l=100 v=5000 t=25.0 h=2 st=2 c=900000 fc=3000000 cc=10 chg=a
[ 9739.073358] healthd: battery l=100 v=5000 t=25.0 h=2 st=2 c=900000 fc=3000000 cc=10 chg=a
[ 9799.073192] healthd: battery l=100 v=5000 t=25.0 h=2 st=2 c=900000 fc=3000000 cc=10 chg=a
[ 9859.073964] healthd: battery l=100 v=5000 t=25.0 h=2 st=2 c=900000 fc=3000000 cc=10 chg=a
[ 9919.073913] healthd: battery l=100 v=5000 t=25.0 h=2 st=2 c=900000 fc=3000000 cc=10 chg=a
[ 9979.074555] healthd: battery l=100 v=5000 t=25.0 h=2 st=2 c=900000 fc=3000000 cc=10 chg=a
[10039.074730] healthd: battery l=100 v=5000 t=25.0 h=2 st=2 c=900000 fc=3000000 cc=10 chg=a
[10099.075383] healthd: battery l=100 v=5000 t=25.0 h=2 st=2 c=900000 fc=3000000 cc=10 chg=a
[10159.075565] healthd: battery l=100 v=5000 t=25.0 h=2 st=2 c=900000 fc=3000000 cc=10 chg=a
[10219.073973] healthd: battery l=100 v=5000 t=25.0 h=2 st=2 c=900000 fc=3000000 cc=10 chg=a
[10279.074445] healthd: battery l=100 v=5000 t=25.0 h=2 st=2 c=900000 fc=3000000 cc=10 chg=a
[10339.073739] healthd: battery l=100 v=5000 t=25.0 h=2 st=2 c=900000 fc=3000000 cc=10 chg=a
[10399.074028] healthd: battery l=100 v=5000 t=25.0 h=2 st=2 c=900000 fc=3000000 cc=10 chg=a
[10459.072895] healthd: battery l=100 v=5000 t=25.0 h=2 st=2 c=900000 fc=3000000 cc=10 chg=a
[10519.073471] healthd: battery l=100 v=5000 t=25.0 h=2 st=2 c=900000 fc=3000000 cc=10 chg=a
[10579.073888] healthd: battery l=100 v=5000 t=25.0 h=2 st=2 c=900000 fc=3000000 cc=10 chg=a
[10639.074434] healthd: battery l=100 v=5000 t=25.0 h=2 st=2 c=900000 fc=3000000 cc=10 chg=a
[10699.074019] healthd: battery l=100 v=5000 t=25.0 h=2 st=2 c=900000 fc=3000000 cc=10 chg=a
[10759.073111] healthd: battery l=100 v=5000 t=25.0 h=2 st=2 c=900000 fc=3000000 cc=10 chg=a
[10819.073896] healthd: battery l=100 v=5000 t=25.0 h=2 st=2 c=900000 fc=3000000 cc=10 chg=a
[10879.074952] healthd: battery l=100 v=5000 t=25.0 h=2 st=2 c=900000 fc=3000000 cc=10 chg=a
[10939.073610] healthd: battery l=100 v=5000 t=25.0 h=2 st=2 c=900000 fc=3000000 cc=10 chg=a
[10999.072748] healthd: battery l=100 v=5000 t=25.0 h=2 st=2 c=900000 fc=3000000 cc=10 chg=a
[11059.072517] healthd: battery l=100 v=5000 t=25.0 h=2 st=2 c=900000 fc=3000000 cc=10 chg=a
[11119.075612] healthd: battery l=100 v=5000 t=25.0 h=2 st=2 c=900000 fc=3000000 cc=10 chg=a
[11179.073485] healthd: battery l=100 v=5000 t=25.0 h=2 st=2 c=900000 fc=3000000 cc=10 chg=a
[11239.074592] healthd: battery l=100 v=5000 t=25.0 h=2 st=2 c=900000 fc=3000000 cc=10 chg=a
[11299.074229] healthd: battery l=100 v=5000 t=25.0 h=2 st=2 c=900000 fc=3000000 cc=10 chg=a
[11359.074522] healthd: battery l=100 v=5000 t=25.0 h=2 st=2 c=900000 fc=3000000 cc=10 chg=a
[11419.075232] healthd: battery l=100 v=5000 t=25.0 h=2 st=2 c=900000 fc=3000000 cc=10 chg=a
[11479.074261] healthd: battery l=100 v=5000 t=25.0 h=2 st=2 c=900000 fc=3000000 cc=10 chg=a
[11539.073120] healthd: battery l=100 v=5000 t=25.0 h=2 st=2 c=900000 fc=3000000 cc=10 chg=a
[11599.075560] healthd: battery l=100 v=5000 t=25.0 h=2 st=2 c=900000 fc=3000000 cc=10 chg=a
[11659.073697] healthd: battery l=100 v=5000 t=25.0 h=2 st=2 c=900000 fc=3000000 cc=10 chg=a
[11719.072276] healthd: battery l=100 v=5000 t=25.0 h=2 st=2 c=900000 fc=3000000 cc=10 chg=a
[11779.073691] healthd: battery l=100 v=5000 t=25.0 h=2 st=2 c=900000 fc=3000000 cc=10 chg=a
[11839.075475] healthd: battery l=100 v=5000 t=25.0 h=2 st=2 c=900000 fc=3000000 cc=10 chg=a
[11899.073111] healthd: battery l=100 v=5000 t=25.0 h=2 st=2 c=900000 fc=3000000 cc=10 chg=a
[11959.073265] healthd: battery l=100 v=5000 t=25.0 h=2 st=2 c=900000 fc=3000000 cc=10 chg=a
[12019.073942] healthd: battery l=100 v=5000 t=25.0 h=2 st=2 c=900000 fc=3000000 cc=10 chg=a
[12079.075062] healthd: battery l=100 v=5000 t=25.0 h=2 st=2 c=900000 fc=3000000 cc=10 chg=a
[12139.074100] healthd: battery l=100 v=5000 t=25.0 h=2 st=2 c=900000 fc=3000000 cc=10 chg=a
[12199.071969] healthd: battery l=100 v=5000 t=25.0 h=2 st=2 c=900000 fc=3000000 cc=10 chg=a
[12259.075647] healthd: battery l=100 v=5000 t=25.0 h=2 st=2 c=900000 fc=3000000 cc=10 chg=a
[12319.072879] healthd: battery l=100 v=5000 t=25.0 h=2 st=2 c=900000 fc=3000000 cc=10 chg=a
[12379.075625] healthd: battery l=100 v=5000 t=25.0 h=2 st=2 c=900000 fc=3000000 cc=10 chg=a
[12439.074627] healthd: battery l=100 v=5000 t=25.0 h=2 st=2 c=900000 fc=3000000 cc=10 chg=a
[12499.072687] healthd: battery l=100 v=5000 t=25.0 h=2 st=2 c=900000 fc=3000000 cc=10 chg=a
[12559.072975] healthd: battery l=100 v=5000 t=25.0 h=2 st=2 c=900000 fc=3000000 cc=10 chg=a
[12619.073415] healthd: battery l=100 v=5000 t=25.0 h=2 st=2 c=900000 fc=3000000 cc=10 chg=a
[12679.073053] healthd: battery l=100 v=5000 t=25.0 h=2 st=2 c=900000 fc=3000000 cc=10 chg=a
[12739.073502] healthd: battery l=100 v=5000 t=25.0 h=2 st=2 c=900000 fc=3000000 cc=10 chg=a
[12799.072491] healthd: battery l=100 v=5000 t=25.0 h=2 st=2 c=900000 fc=3000000 cc=10 chg=a
[12859.073306] healthd: battery l=100 v=5000 t=25.0 h=2 st=2 c=900000 fc=3000000 cc=10 chg=a
[12919.074015] healthd: battery l=100 v=5000 t=25.0 h=2 st=2 c=900000 fc=3000000 cc=10 chg=a
[12979.073057] healthd: battery l=100 v=5000 t=25.0 h=2 st=2 c=900000 fc=3000000 cc=10 chg=a
[13039.074002] healthd: battery l=100 v=5000 t=25.0 h=2 st=2 c=900000 fc=3000000 cc=10 chg=a
[13099.074485] healthd: battery l=100 v=5000 t=25.0 h=2 st=2 c=900000 fc=3000000 cc=10 chg=a
[13159.074059] healthd: battery l=100 v=5000 t=25.0 h=2 st=2 c=900000 fc=3000000 cc=10 chg=a
[13219.073930] healthd: battery l=100 v=5000 t=25.0 h=2 st=2 c=900000 fc=3000000 cc=10 chg=a
[13279.075430] healthd: battery l=100 v=5000 t=25.0 h=2 st=2 c=900000 fc=3000000 cc=10 chg=a
[13339.072699] healthd: battery l=100 v=5000 t=25.0 h=2 st=2 c=900000 fc=3000000 cc=10 chg=a
[13399.073313] healthd: battery l=100 v=5000 t=25.0 h=2 st=2 c=900000 fc=3000000 cc=10 chg=a
[13459.074265] healthd: battery l=100 v=5000 t=25.0 h=2 st=2 c=900000 fc=3000000 cc=10 chg=a
[13519.073615] healthd: battery l=100 v=5000 t=25.0 h=2 st=2 c=900000 fc=3000000 cc=10 chg=a
[13579.074363] healthd: battery l=100 v=5000 t=25.0 h=2 st=2 c=900000 fc=3000000 cc=10 chg=a
[13639.074297] healthd: battery l=100 v=5000 t=25.0 h=2 st=2 c=900000 fc=3000000 cc=10 chg=a
[13699.073743] healthd: battery l=100 v=5000 t=25.0 h=2 st=2 c=900000 fc=3000000 cc=10 chg=a
[13759.074039] healthd: battery l=100 v=5000 t=25.0 h=2 st=2 c=900000 fc=3000000 cc=10 chg=a
[13819.074478] healthd: battery l=100 v=5000 t=25.0 h=2 st=2 c=900000 fc=3000000 cc=10 chg=a
[13879.075502] healthd: battery l=100 v=5000 t=25.0 h=2 st=2 c=900000 fc=3000000 cc=10 chg=a
[13939.073198] healthd: battery l=100 v=5000 t=25.0 h=2 st=2 c=900000 fc=3000000 cc=10 chg=a
[13999.074257] healthd: battery l=100 v=5000 t=25.0 h=2 st=2 c=900000 fc=3000000 cc=10 chg=a
[14059.072268] healthd: battery l=100 v=5000 t=25.0 h=2 st=2 c=900000 fc=3000000 cc=10 chg=a
[14119.072234] healthd: battery l=100 v=5000 t=25.0 h=2 st=2 c=900000 fc=3000000 cc=10 chg=a
[14179.075109] healthd: battery l=100 v=5000 t=25.0 h=2 st=2 c=900000 fc=3000000 cc=10 chg=a
[14239.074313] healthd: battery l=100 v=5000 t=25.0 h=2 st=2 c=900000 fc=3000000 cc=10 chg=a
[14299.073299] healthd: battery l=100 v=5000 t=25.0 h=2 st=2 c=900000 fc=3000000 cc=10 chg=a
[14359.073853] healthd: battery l=100 v=5000 t=25.0 h=2 st=2 c=900000 fc=3000000 cc=10 chg=a
[14419.074396] healthd: battery l=100 v=5000 t=25.0 h=2 st=2 c=900000 fc=3000000 cc=10 chg=a
[14479.073203] healthd: battery l=100 v=5000 t=25.0 h=2 st=2 c=900000 fc=3000000 cc=10 chg=a
[14539.074686] healthd: battery l=100 v=5000 t=25.0 h=2 st=2 c=900000 fc=3000000 cc=10 chg=a
[14599.073885] healthd: battery l=100 v=5000 t=25.0 h=2 st=2 c=900000 fc=3000000 cc=10 chg=a
[14659.074324] healthd: battery l=100 v=5000 t=25.0 h=2 st=2 c=900000 fc=3000000 cc=10 chg=a
[14719.073933] healthd: battery l=100 v=5000 t=25.0 h=2 st=2 c=900000 fc=3000000 cc=10 chg=a
[14779.074172] healthd: battery l=100 v=5000 t=25.0 h=2 st=2 c=900000 fc=3000000 cc=10 chg=a
[14839.072710] healthd: battery l=100 v=5000 t=25.0 h=2 st=2 c=900000 fc=3000000 cc=10 chg=a
[14899.073963] healthd: battery l=100 v=5000 t=25.0 h=2 st=2 c=900000 fc=3000000 cc=10 chg=a
[14959.073713] healthd: battery l=100 v=5000 t=25.0 h=2 st=2 c=900000 fc=3000000 cc=10 chg=a
[15019.073354] healthd: battery l=100 v=5000 t=25.0 h=2 st=2 c=900000 fc=3000000 cc=10 chg=a
[15079.073993] healthd: battery l=100 v=5000 t=25.0 h=2 st=2 c=900000 fc=3000000 cc=10 chg=a
[15139.073776] healthd: battery l=100 v=5000 t=25.0 h=2 st=2 c=900000 fc=3000000 cc=10 chg=a
[15199.072999] healthd: battery l=100 v=5000 t=25.0 h=2 st=2 c=900000 fc=3000000 cc=10 chg=a
[15259.071997] healthd: battery l=100 v=5000 t=25.0 h=2 st=2 c=900000 fc=3000000 cc=10 chg=a
[15319.073712] healthd: battery l=100 v=5000 t=25.0 h=2 st=2 c=900000 fc=3000000 cc=10 chg=a
[15379.075374] healthd: battery l=100 v=5000 t=25.0 h=2 st=2 c=900000 fc=3000000 cc=10 chg=a
[15439.073689] healthd: battery l=100 v=5000 t=25.0 h=2 st=2 c=900000 fc=3000000 cc=10 chg=a
[15499.072976] healthd: battery l=100 v=5000 t=25.0 h=2 st=2 c=900000 fc=3000000 cc=10 chg=a
[15559.073605] healthd: battery l=100 v=5000 t=25.0 h=2 st=2 c=900000 fc=3000000 cc=10 chg=a
[15619.072502] healthd: battery l=100 v=5000 t=25.0 h=2 st=2 c=900000 fc=3000000 cc=10 chg=a
[15679.074675] healthd: battery l=100 v=5000 t=25.0 h=2 st=2 c=900000 fc=3000000 cc=10 chg=a
[15739.073881] healthd: battery l=100 v=5000 t=25.0 h=2 st=2 c=900000 fc=3000000 cc=10 chg=a
[15799.073597] healthd: battery l=100 v=5000 t=25.0 h=2 st=2 c=900000 fc=3000000 cc=10 chg=a
[15859.074673] healthd: battery l=100 v=5000 t=25.0 h=2 st=2 c=900000 fc=3000000 cc=10 chg=a
[15919.073448] healthd: battery l=100 v=5000 t=25.0 h=2 st=2 c=900000 fc=3000000 cc=10 chg=a
[15979.072629] healthd: battery l=100 v=5000 t=25.0 h=2 st=2 c=900000 fc=3000000 cc=10 chg=a
[16039.072191] healthd: battery l=100 v=5000 t=25.0 h=2 st=2 c=900000 fc=3000000 cc=10 chg=a
[16099.073451] healthd: battery l=100 v=5000 t=25.0 h=2 st=2 c=900000 fc=3000000 cc=10 chg=a
[16159.074535] healthd: battery l=100 v=5000 t=25.0 h=2 st=2 c=900000 fc=3000000 cc=10 chg=a
[16219.072573] healthd: battery l=100 v=5000 t=25.0 h=2 st=2 c=900000 fc=3000000 cc=10 chg=a
[16279.073575] healthd: battery l=100 v=5000 t=25.0 h=2 st=2 c=900000 fc=3000000 cc=10 chg=a
[16339.073988] healthd: battery l=100 v=5000 t=25.0 h=2 st=2 c=900000 fc=3000000 cc=10 chg=a
[16399.072621] healthd: battery l=100 v=5000 t=25.0 h=2 st=2 c=900000 fc=3000000 cc=10 chg=a
[16459.072832] healthd: battery l=100 v=5000 t=25.0 h=2 st=2 c=900000 fc=3000000 cc=10 chg=a
[16519.072739] healthd: battery l=100 v=5000 t=25.0 h=2 st=2 c=900000 fc=3000000 cc=10 chg=a
[16579.073042] healthd: battery l=100 v=5000 t=25.0 h=2 st=2 c=900000 fc=3000000 cc=10 chg=a
[16622.721198] servicemanager: Caller(pid=248,uid=1017,sid=u:r:keystore:s0) Found android.hardware.security.keymint.IRemotelyProvisionedComponent/default in device VINTF manifest.
[16622.766874] servicemanager: Caller(pid=248,uid=1017,sid=u:r:keystore:s0) Found android.hardware.security.keymint.IRemotelyProvisionedComponent/default in device VINTF manifest.
[16622.828911] servicemanager: Caller(pid=4094,uid=10190,sid=u:r:rkpdapp:s0:c190,c256,c512,c768) Found android.hardware.security.keymint.IRemotelyProvisionedComponent/default in device VINTF manifest.
[16622.899391] servicemanager: Caller(pid=4094,uid=10190,sid=u:r:rkpdapp:s0:c190,c256,c512,c768) Found android.hardware.security.keymint.IRemotelyProvisionedComponent/default in device VINTF manifest.
[16622.958257] servicemanager: Caller(pid=248,uid=1017,sid=u:r:keystore:s0) Found android.hardware.security.keymint.IRemotelyProvisionedComponent/default in device VINTF manifest.
[16623.013121] servicemanager: Caller(pid=248,uid=1017,sid=u:r:keystore:s0) Found android.hardware.security.keymint.IRemotelyProvisionedComponent/default in device VINTF manifest.
[16623.178051] type=1400 audit(1790153201.355:150): avc:  denied  { read } for  comm="binder:3596_6" name="u:object_r:system_adbd_prop:s0" dev="tmpfs" ino=338 scontext=u:r:gmscore_app:s0:c512,c768 tcontext=u:object_r:system_adbd_prop:s0 tclass=file permissive=0 app=com.google.android.gms
[16623.249034] type=1400 audit(1790153201.359:151): avc:  denied  { read } for  comm="binder:3596_6" name="u:object_r:adbd_prop:s0" dev="tmpfs" ino=63 scontext=u:r:gmscore_app:s0:c512,c768 tcontext=u:object_r:adbd_prop:s0 tclass=file permissive=0 app=com.google.android.gms
[16623.994886] type=1400 audit(1790153202.179:152): avc:  denied  { read } for  comm="binder:3596_10" name="u:object_r:system_adbd_prop:s0" dev="tmpfs" ino=338 scontext=u:r:gmscore_app:s0:c512,c768 tcontext=u:object_r:system_adbd_prop:s0 tclass=file permissive=0 app=com.google.android.gms
[16624.066367] type=1400 audit(1790153202.179:153): avc:  denied  { read } for  comm="binder:3596_10" name="u:object_r:adbd_prop:s0" dev="tmpfs" ino=63 scontext=u:r:gmscore_app:s0:c512,c768 tcontext=u:object_r:adbd_prop:s0 tclass=file permissive=0 app=com.google.android.gms
[16639.073111] healthd: battery l=100 v=5000 t=25.0 h=2 st=2 c=900000 fc=3000000 cc=10 chg=a
[16699.073625] healthd: battery l=100 v=5000 t=25.0 h=2 st=2 c=900000 fc=3000000 cc=10 chg=a
[16759.074537] healthd: battery l=100 v=5000 t=25.0 h=2 st=2 c=900000 fc=3000000 cc=10 chg=a
[16819.074059] healthd: battery l=100 v=5000 t=25.0 h=2 st=2 c=900000 fc=3000000 cc=10 chg=a
[16879.073838] healthd: battery l=100 v=5000 t=25.0 h=2 st=2 c=900000 fc=3000000 cc=10 chg=a
[16939.074265] healthd: battery l=100 v=5000 t=25.0 h=2 st=2 c=900000 fc=3000000 cc=10 chg=a
[16999.072330] healthd: battery l=100 v=5000 t=25.0 h=2 st=2 c=900000 fc=3000000 cc=10 chg=a
[17059.074040] healthd: battery l=100 v=5000 t=25.0 h=2 st=2 c=900000 fc=3000000 cc=10 chg=a
[17119.073839] healthd: battery l=100 v=5000 t=25.0 h=2 st=2 c=900000 fc=3000000 cc=10 chg=a
[17179.074042] healthd: battery l=100 v=5000 t=25.0 h=2 st=2 c=900000 fc=3000000 cc=10 chg=a
[17239.074400] healthd: battery l=100 v=5000 t=25.0 h=2 st=2 c=900000 fc=3000000 cc=10 chg=a
[17299.072843] healthd: battery l=100 v=5000 t=25.0 h=2 st=2 c=900000 fc=3000000 cc=10 chg=a
[17359.073500] healthd: battery l=100 v=5000 t=25.0 h=2 st=2 c=900000 fc=3000000 cc=10 chg=a
[17387.884446] binder: 703:946 ioctl 400c620e 70165a6b2ffc returned -11
[17387.887762] servicemanager: Caller(pid=703,uid=1000,sid=u:r:system_server:s0) Found android.hardware.wifi.IWifi/default in device VINTF manifest.
[17388.107025] servicemanager: Caller(pid=703,uid=1000,sid=u:r:system_server:s0) Found android.hardware.wifi.IWifi/default in device VINTF manifest.
[17391.706789] wlan0: authenticate with 00:13:10:85:fe:01
[17391.725270] wlan0: send auth to 00:13:10:85:fe:01 (try 1/3)
[17391.746207] wlan0: authenticated
[17391.765053] mac80211_hwsim hwsim0 wlan0: disabling HT/VHT/HE as WMM/QoS is not supported by the AP
[17391.794838] wlan0: associate with 00:13:10:85:fe:01 (try 1/3)
[17391.818269] wlan0: RX AssocResp from 00:13:10:85:fe:01 (capab=0x401 status=0 aid=1)
[17391.846000] wlan0: associated
[17392.315482] servicemanager: Caller(pid=703,uid=1000,sid=u:r:system_server:s0) Found android.hardware.wifi.IWifi/default in device VINTF manifest.
[17419.073910] healthd: battery l=100 v=5000 t=25.0 h=2 st=2 c=900000 fc=3000000 cc=10 chg=a
[17479.073837] healthd: battery l=100 v=5000 t=25.0 h=2 st=2 c=900000 fc=3000000 cc=10 chg=a
[17539.073834] healthd: battery l=100 v=5000 t=25.0 h=2 st=2 c=900000 fc=3000000 cc=10 chg=a
[17599.074504] healthd: battery l=100 v=5000 t=25.0 h=2 st=2 c=900000 fc=3000000 cc=10 chg=a
[17659.072213] healthd: battery l=100 v=5000 t=25.0 h=2 st=2 c=900000 fc=3000000 cc=10 chg=a
[17719.072974] healthd: battery l=100 v=5000 t=25.0 h=2 st=2 c=900000 fc=3000000 cc=10 chg=a
[17779.075132] healthd: battery l=100 v=5000 t=25.0 h=2 st=2 c=900000 fc=3000000 cc=10 chg=a
[17839.072350] healthd: battery l=100 v=5000 t=25.0 h=2 st=2 c=900000 fc=3000000 cc=10 chg=a
[17899.074317] healthd: battery l=100 v=5000 t=25.0 h=2 st=2 c=900000 fc=3000000 cc=10 chg=a
[17959.073132] healthd: battery l=100 v=5000 t=25.0 h=2 st=2 c=900000 fc=3000000 cc=10 chg=a
[18019.074544] healthd: battery l=100 v=5000 t=25.0 h=2 st=2 c=900000 fc=3000000 cc=10 chg=a
[18079.072706] healthd: battery l=100 v=5000 t=25.0 h=2 st=2 c=900000 fc=3000000 cc=10 chg=a
[18139.073943] healthd: battery l=100 v=5000 t=25.0 h=2 st=2 c=900000 fc=3000000 cc=10 chg=a
[18199.072703] healthd: battery l=100 v=5000 t=25.0 h=2 st=2 c=900000 fc=3000000 cc=10 chg=a
[18259.074862] healthd: battery l=100 v=5000 t=25.0 h=2 st=2 c=900000 fc=3000000 cc=10 chg=a
[18319.073627] healthd: battery l=100 v=5000 t=25.0 h=2 st=2 c=900000 fc=3000000 cc=10 chg=a
[18379.071755] healthd: battery l=100 v=5000 t=25.0 h=2 st=2 c=900000 fc=3000000 cc=10 chg=a
[18439.072922] healthd: battery l=100 v=5000 t=25.0 h=2 st=2 c=900000 fc=3000000 cc=10 chg=a
[18499.074107] healthd: battery l=100 v=5000 t=25.0 h=2 st=2 c=900000 fc=3000000 cc=10 chg=a
[18559.072690] healthd: battery l=100 v=5000 t=25.0 h=2 st=2 c=900000 fc=3000000 cc=10 chg=a
[18619.074672] healthd: battery l=100 v=5000 t=25.0 h=2 st=2 c=900000 fc=3000000 cc=10 chg=a
[18679.073294] healthd: battery l=100 v=5000 t=25.0 h=2 st=2 c=900000 fc=3000000 cc=10 chg=a
[18739.073040] healthd: battery l=100 v=5000 t=25.0 h=2 st=2 c=900000 fc=3000000 cc=10 chg=a
[18799.072630] healthd: battery l=100 v=5000 t=25.0 h=2 st=2 c=900000 fc=3000000 cc=10 chg=a
[18859.073312] healthd: battery l=100 v=5000 t=25.0 h=2 st=2 c=900000 fc=3000000 cc=10 chg=a
[18919.074266] healthd: battery l=100 v=5000 t=25.0 h=2 st=2 c=900000 fc=3000000 cc=10 chg=a
[18979.073318] healthd: battery l=100 v=5000 t=25.0 h=2 st=2 c=900000 fc=3000000 cc=10 chg=a
[19039.073097] healthd: battery l=100 v=5000 t=25.0 h=2 st=2 c=900000 fc=3000000 cc=10 chg=a
[19099.072072] healthd: battery l=100 v=5000 t=25.0 h=2 st=2 c=900000 fc=3000000 cc=10 chg=a
[19159.073259] healthd: battery l=100 v=5000 t=25.0 h=2 st=2 c=900000 fc=3000000 cc=10 chg=a
[19219.073562] healthd: battery l=100 v=5000 t=25.0 h=2 st=2 c=900000 fc=3000000 cc=10 chg=a
[19279.073778] healthd: battery l=100 v=5000 t=25.0 h=2 st=2 c=900000 fc=3000000 cc=10 chg=a
[19339.073740] healthd: battery l=100 v=5000 t=25.0 h=2 st=2 c=900000 fc=3000000 cc=10 chg=a
[19399.073774] healthd: battery l=100 v=5000 t=25.0 h=2 st=2 c=900000 fc=3000000 cc=10 chg=a
[19459.073748] healthd: battery l=100 v=5000 t=25.0 h=2 st=2 c=900000 fc=3000000 cc=10 chg=a
[19519.072679] healthd: battery l=100 v=5000 t=25.0 h=2 st=2 c=900000 fc=3000000 cc=10 chg=a
[19579.074909] healthd: battery l=100 v=5000 t=25.0 h=2 st=2 c=900000 fc=3000000 cc=10 chg=a
[19639.073098] healthd: battery l=100 v=5000 t=25.0 h=2 st=2 c=900000 fc=3000000 cc=10 chg=a
[19699.073689] healthd: battery l=100 v=5000 t=25.0 h=2 st=2 c=900000 fc=3000000 cc=10 chg=a
[19759.073601] healthd: battery l=100 v=5000 t=25.0 h=2 st=2 c=900000 fc=3000000 cc=10 chg=a
[19819.073491] healthd: battery l=100 v=5000 t=25.0 h=2 st=2 c=900000 fc=3000000 cc=10 chg=a
[19879.071764] healthd: battery l=100 v=5000 t=25.0 h=2 st=2 c=900000 fc=3000000 cc=10 chg=a
[19939.073410] healthd: battery l=100 v=5000 t=25.0 h=2 st=2 c=900000 fc=3000000 cc=10 chg=a
[19999.072628] healthd: battery l=100 v=5000 t=25.0 h=2 st=2 c=900000 fc=3000000 cc=10 chg=a
[20059.073605] healthd: battery l=100 v=5000 t=25.0 h=2 st=2 c=900000 fc=3000000 cc=10 chg=a
[20119.072438] healthd: battery l=100 v=5000 t=25.0 h=2 st=2 c=900000 fc=3000000 cc=10 chg=a
[20179.073582] healthd: battery l=100 v=5000 t=25.0 h=2 st=2 c=900000 fc=3000000 cc=10 chg=a
[20239.072859] healthd: battery l=100 v=5000 t=25.0 h=2 st=2 c=900000 fc=3000000 cc=10 chg=a
[20299.073005] healthd: battery l=100 v=5000 t=25.0 h=2 st=2 c=900000 fc=3000000 cc=10 chg=a
[20359.073490] healthd: battery l=100 v=5000 t=25.0 h=2 st=2 c=900000 fc=3000000 cc=10 chg=a
[20419.073128] healthd: battery l=100 v=5000 t=25.0 h=2 st=2 c=900000 fc=3000000 cc=10 chg=a
[20479.072470] healthd: battery l=100 v=5000 t=25.0 h=2 st=2 c=900000 fc=3000000 cc=10 chg=a
[20539.073567] healthd: battery l=100 v=5000 t=25.0 h=2 st=2 c=900000 fc=3000000 cc=10 chg=a
[20599.072954] healthd: battery l=100 v=5000 t=25.0 h=2 st=2 c=900000 fc=3000000 cc=10 chg=a
[20659.073026] healthd: battery l=100 v=5000 t=25.0 h=2 st=2 c=900000 fc=3000000 cc=10 chg=a
[20719.074082] healthd: battery l=100 v=5000 t=25.0 h=2 st=2 c=900000 fc=3000000 cc=10 chg=a
[20779.072235] healthd: battery l=100 v=5000 t=25.0 h=2 st=2 c=900000 fc=3000000 cc=10 chg=a
[20839.072366] healthd: battery l=100 v=5000 t=25.0 h=2 st=2 c=900000 fc=3000000 cc=10 chg=a
[20899.073513] healthd: battery l=100 v=5000 t=25.0 h=2 st=2 c=900000 fc=3000000 cc=10 chg=a
[20959.072690] healthd: battery l=100 v=5000 t=25.0 h=2 st=2 c=900000 fc=3000000 cc=10 chg=a
[21019.073861] healthd: battery l=100 v=5000 t=25.0 h=2 st=2 c=900000 fc=3000000 cc=10 chg=a
[21079.073729] healthd: battery l=100 v=5000 t=25.0 h=2 st=2 c=900000 fc=3000000 cc=10 chg=a
[21139.074003] healthd: battery l=100 v=5000 t=25.0 h=2 st=2 c=900000 fc=3000000 cc=10 chg=a
[21199.073362] healthd: battery l=100 v=5000 t=25.0 h=2 st=2 c=900000 fc=3000000 cc=10 chg=a
[21259.073167] healthd: battery l=100 v=5000 t=25.0 h=2 st=2 c=900000 fc=3000000 cc=10 chg=a
[21319.072633] healthd: battery l=100 v=5000 t=25.0 h=2 st=2 c=900000 fc=3000000 cc=10 chg=a
[21379.074763] healthd: battery l=100 v=5000 t=25.0 h=2 st=2 c=900000 fc=3000000 cc=10 chg=a
[21439.072954] healthd: battery l=100 v=5000 t=25.0 h=2 st=2 c=900000 fc=3000000 cc=10 chg=a
[21499.073743] healthd: battery l=100 v=5000 t=25.0 h=2 st=2 c=900000 fc=3000000 cc=10 chg=a
[21559.072274] healthd: battery l=100 v=5000 t=25.0 h=2 st=2 c=900000 fc=3000000 cc=10 chg=a
[21619.074482] healthd: battery l=100 v=5000 t=25.0 h=2 st=2 c=900000 fc=3000000 cc=10 chg=a
[21679.075032] healthd: battery l=100 v=5000 t=25.0 h=2 st=2 c=900000 fc=3000000 cc=10 chg=a
[21739.073895] healthd: battery l=100 v=5000 t=25.0 h=2 st=2 c=900000 fc=3000000 cc=10 chg=a
[21799.073381] healthd: battery l=100 v=5000 t=25.0 h=2 st=2 c=900000 fc=3000000 cc=10 chg=a
[21859.074151] healthd: battery l=100 v=5000 t=25.0 h=2 st=2 c=900000 fc=3000000 cc=10 chg=a
[21919.073834] healthd: battery l=100 v=5000 t=25.0 h=2 st=2 c=900000 fc=3000000 cc=10 chg=a
[21979.074280] healthd: battery l=100 v=5000 t=25.0 h=2 st=2 c=900000 fc=3000000 cc=10 chg=a
[22039.073125] healthd: battery l=100 v=5000 t=25.0 h=2 st=2 c=900000 fc=3000000 cc=10 chg=a
[22099.073282] healthd: battery l=100 v=5000 t=25.0 h=2 st=2 c=900000 fc=3000000 cc=10 chg=a
[22159.073457] healthd: battery l=100 v=5000 t=25.0 h=2 st=2 c=900000 fc=3000000 cc=10 chg=a
[22219.073116] healthd: battery l=100 v=5000 t=25.0 h=2 st=2 c=900000 fc=3000000 cc=10 chg=a
[22279.073085] healthd: battery l=100 v=5000 t=25.0 h=2 st=2 c=900000 fc=3000000 cc=10 chg=a
[22339.073611] healthd: battery l=100 v=5000 t=25.0 h=2 st=2 c=900000 fc=3000000 cc=10 chg=a
[22399.073597] healthd: battery l=100 v=5000 t=25.0 h=2 st=2 c=900000 fc=3000000 cc=10 chg=a
[22459.072740] healthd: battery l=100 v=5000 t=25.0 h=2 st=2 c=900000 fc=3000000 cc=10 chg=a
[22519.074568] healthd: battery l=100 v=5000 t=25.0 h=2 st=2 c=900000 fc=3000000 cc=10 chg=a
[22579.071952] healthd: battery l=100 v=5000 t=25.0 h=2 st=2 c=900000 fc=3000000 cc=10 chg=a
[22639.072854] healthd: battery l=100 v=5000 t=25.0 h=2 st=2 c=900000 fc=3000000 cc=10 chg=a
[22699.073218] healthd: battery l=100 v=5000 t=25.0 h=2 st=2 c=900000 fc=3000000 cc=10 chg=a
[22759.076874] healthd: battery l=100 v=5000 t=25.0 h=2 st=2 c=900000 fc=3000000 cc=10 chg=a
[22819.073273] healthd: battery l=100 v=5000 t=25.0 h=2 st=2 c=900000 fc=3000000 cc=10 chg=a
[22879.073160] healthd: battery l=100 v=5000 t=25.0 h=2 st=2 c=900000 fc=3000000 cc=10 chg=a
[22939.071979] healthd: battery l=100 v=5000 t=25.0 h=2 st=2 c=900000 fc=3000000 cc=10 chg=a
[22999.072848] healthd: battery l=100 v=5000 t=25.0 h=2 st=2 c=900000 fc=3000000 cc=10 chg=a
[23059.073620] healthd: battery l=100 v=5000 t=25.0 h=2 st=2 c=900000 fc=3000000 cc=10 chg=a
[23119.072739] healthd: battery l=100 v=5000 t=25.0 h=2 st=2 c=900000 fc=3000000 cc=10 chg=a
[23179.072243] healthd: battery l=100 v=5000 t=25.0 h=2 st=2 c=900000 fc=3000000 cc=10 chg=a
[23239.072643] healthd: battery l=100 v=5000 t=25.0 h=2 st=2 c=900000 fc=3000000 cc=10 chg=a
[23299.073642] healthd: battery l=100 v=5000 t=25.0 h=2 st=2 c=900000 fc=3000000 cc=10 chg=a
[23359.073607] healthd: battery l=100 v=5000 t=25.0 h=2 st=2 c=900000 fc=3000000 cc=10 chg=a
[23419.073211] healthd: battery l=100 v=5000 t=25.0 h=2 st=2 c=900000 fc=3000000 cc=10 chg=a
[23479.073585] healthd: battery l=100 v=5000 t=25.0 h=2 st=2 c=900000 fc=3000000 cc=10 chg=a
[23539.074095] healthd: battery l=100 v=5000 t=25.0 h=2 st=2 c=900000 fc=3000000 cc=10 chg=a
[23599.074233] healthd: battery l=100 v=5000 t=25.0 h=2 st=2 c=900000 fc=3000000 cc=10 chg=a
[23659.072294] healthd: battery l=100 v=5000 t=25.0 h=2 st=2 c=900000 fc=3000000 cc=10 chg=a
[23719.072715] healthd: battery l=100 v=5000 t=25.0 h=2 st=2 c=900000 fc=3000000 cc=10 chg=a
[23779.074802] healthd: battery l=100 v=5000 t=25.0 h=2 st=2 c=900000 fc=3000000 cc=10 chg=a
[23839.072709] healthd: battery l=100 v=5000 t=25.0 h=2 st=2 c=900000 fc=3000000 cc=10 chg=a
[23899.072513] healthd: battery l=100 v=5000 t=25.0 h=2 st=2 c=900000 fc=3000000 cc=10 chg=a
[23959.075193] healthd: battery l=100 v=5000 t=25.0 h=2 st=2 c=900000 fc=3000000 cc=10 chg=a
[24019.072854] healthd: battery l=100 v=5000 t=25.0 h=2 st=2 c=900000 fc=3000000 cc=10 chg=a
[24079.073573] healthd: battery l=100 v=5000 t=25.0 h=2 st=2 c=900000 fc=3000000 cc=10 chg=a
[24139.072548] healthd: battery l=100 v=5000 t=25.0 h=2 st=2 c=900000 fc=3000000 cc=10 chg=a
[24199.072606] healthd: battery l=100 v=5000 t=25.0 h=2 st=2 c=900000 fc=3000000 cc=10 chg=a
[24259.072666] healthd: battery l=100 v=5000 t=25.0 h=2 st=2 c=900000 fc=3000000 cc=10 chg=a
[24319.073588] healthd: battery l=100 v=5000 t=25.0 h=2 st=2 c=900000 fc=3000000 cc=10 chg=a
[24379.073816] healthd: battery l=100 v=5000 t=25.0 h=2 st=2 c=900000 fc=3000000 cc=10 chg=a
[24439.072668] healthd: battery l=100 v=5000 t=25.0 h=2 st=2 c=900000 fc=3000000 cc=10 chg=a
[24499.074331] healthd: battery l=100 v=5000 t=25.0 h=2 st=2 c=900000 fc=3000000 cc=10 chg=a
[24559.074648] healthd: battery l=100 v=5000 t=25.0 h=2 st=2 c=900000 fc=3000000 cc=10 chg=a
[24619.073057] healthd: battery l=100 v=5000 t=25.0 h=2 st=2 c=900000 fc=3000000 cc=10 chg=a
[24679.072948] healthd: battery l=100 v=5000 t=25.0 h=2 st=2 c=900000 fc=3000000 cc=10 chg=a
[24739.072009] healthd: battery l=100 v=5000 t=25.0 h=2 st=2 c=900000 fc=3000000 cc=10 chg=a
[24799.073096] healthd: battery l=100 v=5000 t=25.0 h=2 st=2 c=900000 fc=3000000 cc=10 chg=a
[24859.072657] healthd: battery l=100 v=5000 t=25.0 h=2 st=2 c=900000 fc=3000000 cc=10 chg=a
[24919.073822] healthd: battery l=100 v=5000 t=25.0 h=2 st=2 c=900000 fc=3000000 cc=10 chg=a
[24979.073521] healthd: battery l=100 v=5000 t=25.0 h=2 st=2 c=900000 fc=3000000 cc=10 chg=a
[25039.073283] healthd: battery l=100 v=5000 t=25.0 h=2 st=2 c=900000 fc=3000000 cc=10 chg=a
[25099.072866] healthd: battery l=100 v=5000 t=25.0 h=2 st=2 c=900000 fc=3000000 cc=10 chg=a
[25159.073403] healthd: battery l=100 v=5000 t=25.0 h=2 st=2 c=900000 fc=3000000 cc=10 chg=a
[25219.071832] healthd: battery l=100 v=5000 t=25.0 h=2 st=2 c=900000 fc=3000000 cc=10 chg=a
[25279.073964] healthd: battery l=100 v=5000 t=25.0 h=2 st=2 c=900000 fc=3000000 cc=10 chg=a
[25339.073338] healthd: battery l=100 v=5000 t=25.0 h=2 st=2 c=900000 fc=3000000 cc=10 chg=a
[25399.072106] healthd: battery l=100 v=5000 t=25.0 h=2 st=2 c=900000 fc=3000000 cc=10 chg=a
[25459.072963] healthd: battery l=100 v=5000 t=25.0 h=2 st=2 c=900000 fc=3000000 cc=10 chg=a
[25519.072898] healthd: battery l=100 v=5000 t=25.0 h=2 st=2 c=900000 fc=3000000 cc=10 chg=a
[25579.072412] healthd: battery l=100 v=5000 t=25.0 h=2 st=2 c=900000 fc=3000000 cc=10 chg=a
[25639.072650] healthd: battery l=100 v=5000 t=25.0 h=2 st=2 c=900000 fc=3000000 cc=10 chg=a
[25699.072068] healthd: battery l=100 v=5000 t=25.0 h=2 st=2 c=900000 fc=3000000 cc=10 chg=a
[25759.073515] healthd: battery l=100 v=5000 t=25.0 h=2 st=2 c=900000 fc=3000000 cc=10 chg=a
[25819.075880] healthd: battery l=100 v=5000 t=25.0 h=2 st=2 c=900000 fc=3000000 cc=10 chg=a
[25879.072896] healthd: battery l=100 v=5000 t=25.0 h=2 st=2 c=900000 fc=3000000 cc=10 chg=a
[25939.073261] healthd: battery l=100 v=5000 t=25.0 h=2 st=2 c=900000 fc=3000000 cc=10 chg=a
[25999.073622] healthd: battery l=100 v=5000 t=25.0 h=2 st=2 c=900000 fc=3000000 cc=10 chg=a
[26059.072871] healthd: battery l=100 v=5000 t=25.0 h=2 st=2 c=900000 fc=3000000 cc=10 chg=a
[26119.071704] healthd: battery l=100 v=5000 t=25.0 h=2 st=2 c=900000 fc=3000000 cc=10 chg=a
[26179.073253] healthd: battery l=100 v=5000 t=25.0 h=2 st=2 c=900000 fc=3000000 cc=10 chg=a
[26239.072428] healthd: battery l=100 v=5000 t=25.0 h=2 st=2 c=900000 fc=3000000 cc=10 chg=a
[26299.073787] healthd: battery l=100 v=5000 t=25.0 h=2 st=2 c=900000 fc=3000000 cc=10 chg=a
[26359.073607] healthd: battery l=100 v=5000 t=25.0 h=2 st=2 c=900000 fc=3000000 cc=10 chg=a
[26419.072605] healthd: battery l=100 v=5000 t=25.0 h=2 st=2 c=900000 fc=3000000 cc=10 chg=a
[26479.072796] healthd: battery l=100 v=5000 t=25.0 h=2 st=2 c=900000 fc=3000000 cc=10 chg=a
[26539.072558] healthd: battery l=100 v=5000 t=25.0 h=2 st=2 c=900000 fc=3000000 cc=10 chg=a
[26599.073436] healthd: battery l=100 v=5000 t=25.0 h=2 st=2 c=900000 fc=3000000 cc=10 chg=a
[26659.071973] healthd: battery l=100 v=5000 t=25.0 h=2 st=2 c=900000 fc=3000000 cc=10 chg=a
[26719.073188] healthd: battery l=100 v=5000 t=25.0 h=2 st=2 c=900000 fc=3000000 cc=10 chg=a
[26779.072310] healthd: battery l=100 v=5000 t=25.0 h=2 st=2 c=900000 fc=3000000 cc=10 chg=a
[26839.075506] healthd: battery l=100 v=5000 t=25.0 h=2 st=2 c=900000 fc=3000000 cc=10 chg=a
[26899.072482] healthd: battery l=100 v=5000 t=25.0 h=2 st=2 c=900000 fc=3000000 cc=10 chg=a
[26959.073521] healthd: battery l=100 v=5000 t=25.0 h=2 st=2 c=900000 fc=3000000 cc=10 chg=a
[27019.073271] healthd: battery l=100 v=5000 t=25.0 h=2 st=2 c=900000 fc=3000000 cc=10 chg=a
[27079.073176] healthd: battery l=100 v=5000 t=25.0 h=2 st=2 c=900000 fc=3000000 cc=10 chg=a
[27139.073791] healthd: battery l=100 v=5000 t=25.0 h=2 st=2 c=900000 fc=3000000 cc=10 chg=a
[27199.072128] healthd: battery l=100 v=5000 t=25.0 h=2 st=2 c=900000 fc=3000000 cc=10 chg=a
[27259.073705] healthd: battery l=100 v=5000 t=25.0 h=2 st=2 c=900000 fc=3000000 cc=10 chg=a
[27319.074285] healthd: battery l=100 v=5000 t=25.0 h=2 st=2 c=900000 fc=3000000 cc=10 chg=a
[27379.074610] healthd: battery l=100 v=5000 t=25.0 h=2 st=2 c=900000 fc=3000000 cc=10 chg=a
[27439.072080] healthd: battery l=100 v=5000 t=25.0 h=2 st=2 c=900000 fc=3000000 cc=10 chg=a
[27499.071793] healthd: battery l=100 v=5000 t=25.0 h=2 st=2 c=900000 fc=3000000 cc=10 chg=a
[27559.073939] healthd: battery l=100 v=5000 t=25.0 h=2 st=2 c=900000 fc=3000000 cc=10 chg=a
[27619.074476] healthd: battery l=100 v=5000 t=25.0 h=2 st=2 c=900000 fc=3000000 cc=10 chg=a
[27679.073355] healthd: battery l=100 v=5000 t=25.0 h=2 st=2 c=900000 fc=3000000 cc=10 chg=a
[27739.073176] healthd: battery l=100 v=5000 t=25.0 h=2 st=2 c=900000 fc=3000000 cc=10 chg=a
[27799.073559] healthd: battery l=100 v=5000 t=25.0 h=2 st=2 c=900000 fc=3000000 cc=10 chg=a
[27859.075309] healthd: battery l=100 v=5000 t=25.0 h=2 st=2 c=900000 fc=3000000 cc=10 chg=a
[27919.072239] healthd: battery l=100 v=5000 t=25.0 h=2 st=2 c=900000 fc=3000000 cc=10 chg=a
[27979.072079] healthd: battery l=100 v=5000 t=25.0 h=2 st=2 c=900000 fc=3000000 cc=10 chg=a
[28039.071673] healthd: battery l=100 v=5000 t=25.0 h=2 st=2 c=900000 fc=3000000 cc=10 chg=a
[28099.074413] healthd: battery l=100 v=5000 t=25.0 h=2 st=2 c=900000 fc=3000000 cc=10 chg=a
[28159.073470] healthd: battery l=100 v=5000 t=25.0 h=2 st=2 c=900000 fc=3000000 cc=10 chg=a
[28219.072641] healthd: battery l=100 v=5000 t=25.0 h=2 st=2 c=900000 fc=3000000 cc=10 chg=a
[28279.072911] healthd: battery l=100 v=5000 t=25.0 h=2 st=2 c=900000 fc=3000000 cc=10 chg=a
[28339.072513] healthd: battery l=100 v=5000 t=25.0 h=2 st=2 c=900000 fc=3000000 cc=10 chg=a
[28399.072642] healthd: battery l=100 v=5000 t=25.0 h=2 st=2 c=900000 fc=3000000 cc=10 chg=a
[28459.072682] healthd: battery l=100 v=5000 t=25.0 h=2 st=2 c=900000 fc=3000000 cc=10 chg=a
[28519.073774] healthd: battery l=100 v=5000 t=25.0 h=2 st=2 c=900000 fc=3000000 cc=10 chg=a
[28579.072826] healthd: battery l=100 v=5000 t=25.0 h=2 st=2 c=900000 fc=3000000 cc=10 chg=a
[28639.074439] healthd: battery l=100 v=5000 t=25.0 h=2 st=2 c=900000 fc=3000000 cc=10 chg=a
[28699.073225] healthd: battery l=100 v=5000 t=25.0 h=2 st=2 c=900000 fc=3000000 cc=10 chg=a
[28759.071517] healthd: battery l=100 v=5000 t=25.0 h=2 st=2 c=900000 fc=3000000 cc=10 chg=a
[28819.071814] healthd: battery l=100 v=5000 t=25.0 h=2 st=2 c=900000 fc=3000000 cc=10 chg=a
[28879.071713] healthd: battery l=100 v=5000 t=25.0 h=2 st=2 c=900000 fc=3000000 cc=10 chg=a
[28939.072035] healthd: battery l=100 v=5000 t=25.0 h=2 st=2 c=900000 fc=3000000 cc=10 chg=a
[28999.073310] healthd: battery l=100 v=5000 t=25.0 h=2 st=2 c=900000 fc=3000000 cc=10 chg=a
[29059.073096] healthd: battery l=100 v=5000 t=25.0 h=2 st=2 c=900000 fc=3000000 cc=10 chg=a
[29119.073489] healthd: battery l=100 v=5000 t=25.0 h=2 st=2 c=900000 fc=3000000 cc=10 chg=a
[29179.073572] healthd: battery l=100 v=5000 t=25.0 h=2 st=2 c=900000 fc=3000000 cc=10 chg=a
[29239.073613] healthd: battery l=100 v=5000 t=25.0 h=2 st=2 c=900000 fc=3000000 cc=10 chg=a
[29299.073930] healthd: battery l=100 v=5000 t=25.0 h=2 st=2 c=900000 fc=3000000 cc=10 chg=a
[29359.072844] healthd: battery l=100 v=5000 t=25.0 h=2 st=2 c=900000 fc=3000000 cc=10 chg=a
[29419.072885] healthd: battery l=100 v=5000 t=25.0 h=2 st=2 c=900000 fc=3000000 cc=10 chg=a
[29479.073015] healthd: battery l=100 v=5000 t=25.0 h=2 st=2 c=900000 fc=3000000 cc=10 chg=a
[29539.073730] healthd: battery l=100 v=5000 t=25.0 h=2 st=2 c=900000 fc=3000000 cc=10 chg=a
[29599.073052] healthd: battery l=100 v=5000 t=25.0 h=2 st=2 c=900000 fc=3000000 cc=10 chg=a
[29659.072264] healthd: battery l=100 v=5000 t=25.0 h=2 st=2 c=900000 fc=3000000 cc=10 chg=a
[29719.073458] healthd: battery l=100 v=5000 t=25.0 h=2 st=2 c=900000 fc=3000000 cc=10 chg=a
[29779.072993] healthd: battery l=100 v=5000 t=25.0 h=2 st=2 c=900000 fc=3000000 cc=10 chg=a
[29839.072775] healthd: battery l=100 v=5000 t=25.0 h=2 st=2 c=900000 fc=3000000 cc=10 chg=a
[29876.837698] binder: 9284:5370 cannot find target node
[29876.868334] binder: 5370:9284 transaction async to 0:0 failed 2450251/29189/-22, size 240-0 line 3348
[29876.938317] binder: 9284:5370 cannot find target node
[29876.965661] binder: 5370:9284 transaction async to 0:0 failed 2450345/29189/-22, size 240-0 line 3348
[29899.072803] healthd: battery l=100 v=5000 t=25.0 h=2 st=2 c=900000 fc=3000000 cc=10 chg=a
[29959.073573] healthd: battery l=100 v=5000 t=25.0 h=2 st=2 c=900000 fc=3000000 cc=10 chg=a
[30019.072641] healthd: battery l=100 v=5000 t=25.0 h=2 st=2 c=900000 fc=3000000 cc=10 chg=a
[30079.072418] healthd: battery l=100 v=5000 t=25.0 h=2 st=2 c=900000 fc=3000000 cc=10 chg=a
[30139.072201] healthd: battery l=100 v=5000 t=25.0 h=2 st=2 c=900000 fc=3000000 cc=10 chg=a
[30199.072209] healthd: battery l=100 v=5000 t=25.0 h=2 st=2 c=900000 fc=3000000 cc=10 chg=a
[30259.072946] healthd: battery l=100 v=5000 t=25.0 h=2 st=2 c=900000 fc=3000000 cc=10 chg=a
[30319.072045] healthd: battery l=100 v=5000 t=25.0 h=2 st=2 c=900000 fc=3000000 cc=10 chg=a
[30379.072466] healthd: battery l=100 v=5000 t=25.0 h=2 st=2 c=900000 fc=3000000 cc=10 chg=a
[30439.073744] healthd: battery l=100 v=5000 t=25.0 h=2 st=2 c=900000 fc=3000000 cc=10 chg=a
[30499.071961] healthd: battery l=100 v=5000 t=25.0 h=2 st=2 c=900000 fc=3000000 cc=10 chg=a
[30559.072008] healthd: battery l=100 v=5000 t=25.0 h=2 st=2 c=900000 fc=3000000 cc=10 chg=a
[30619.073366] healthd: battery l=100 v=5000 t=25.0 h=2 st=2 c=900000 fc=3000000 cc=10 chg=a
[30679.072565] healthd: battery l=100 v=5000 t=25.0 h=2 st=2 c=900000 fc=3000000 cc=10 chg=a
[30739.073713] healthd: battery l=100 v=5000 t=25.0 h=2 st=2 c=900000 fc=3000000 cc=10 chg=a
[30799.072870] healthd: battery l=100 v=5000 t=25.0 h=2 st=2 c=900000 fc=3000000 cc=10 chg=a
[30859.072581] healthd: battery l=100 v=5000 t=25.0 h=2 st=2 c=900000 fc=3000000 cc=10 chg=a
[30919.073764] healthd: battery l=100 v=5000 t=25.0 h=2 st=2 c=900000 fc=3000000 cc=10 chg=a
[30979.072095] healthd: battery l=100 v=5000 t=25.0 h=2 st=2 c=900000 fc=3000000 cc=10 chg=a
[31039.072012] healthd: battery l=100 v=5000 t=25.0 h=2 st=2 c=900000 fc=3000000 cc=10 chg=a
[31099.073644] healthd: battery l=100 v=5000 t=25.0 h=2 st=2 c=900000 fc=3000000 cc=10 chg=a
[31159.072986] healthd: battery l=100 v=5000 t=25.0 h=2 st=2 c=900000 fc=3000000 cc=10 chg=a
[31219.071562] healthd: battery l=100 v=5000 t=25.0 h=2 st=2 c=900000 fc=3000000 cc=10 chg=a
[31279.073508] healthd: battery l=100 v=5000 t=25.0 h=2 st=2 c=900000 fc=3000000 cc=10 chg=a
[31339.072718] healthd: battery l=100 v=5000 t=25.0 h=2 st=2 c=900000 fc=3000000 cc=10 chg=a
[31399.073247] healthd: battery l=100 v=5000 t=25.0 h=2 st=2 c=900000 fc=3000000 cc=10 chg=a
[31459.072951] healthd: battery l=100 v=5000 t=25.0 h=2 st=2 c=900000 fc=3000000 cc=10 chg=a
[31519.072089] healthd: battery l=100 v=5000 t=25.0 h=2 st=2 c=900000 fc=3000000 cc=10 chg=a
[31579.071793] healthd: battery l=100 v=5000 t=25.0 h=2 st=2 c=900000 fc=3000000 cc=10 chg=a
[31639.073581] healthd: battery l=100 v=5000 t=25.0 h=2 st=2 c=900000 fc=3000000 cc=10 chg=a
